2.5,2.52,2.54,2.56,2.58,2.6,2.62,2.64,2.66,2.68,2.7,2.72,2.74,2.76,2.78,2.8,2.82,2.84,2.86,2.88,2.9,2.92,2.94,2.96,2.98,3,3.02,3.04,3.06,3.08,3.1,3.12,3.14,3.16,3.18,3.2,3.22,3.24,3.26,3.28,3.3,3.32,3.34,3.36,3.38,3.4,3.42,3.44,3.46,3.48,3.5,3.52,3.54,3.56,3.58,3.6,3.62,3.64,3.66,3.68,3.7,3.72,3.74,3.76,3.78,3.8,3.82,3.84,3.86,3.88,3.9,3.92,3.94,3.96,3.98,4,4.02,4.04,4.06,4.08,4.1,4.12,4.14,4.16,4.18,4.2,4.22,4.24,4.26,4.28,4.3,4.32,4.34,4.36,4.38,4.4,4.42,4.44,4.46,4.48,4.5,4.52,4.54,4.56,4.58,4.6,4.62,4.64,4.66,4.68,4.7,4.72,4.74,4.76,4.78,4.8,4.82,4.84,4.86,4.88,4.9,4.92,4.94,4.96,4.98,5,5.02,5.04,5.06,5.08,5.1,5.12,5.14,5.16,5.18,5.2,5.22,5.24,5.26,5.28,5.3,5.32,5.34,5.36,5.38,5.4,5.42,5.44,5.46,5.48,5.5,5.52,5.54,5.56,5.58,5.6,5.62,5.64,5.66,5.68,5.7,5.72,5.74,5.76,5.78,5.8,5.82,5.84,5.86,5.88,5.9,5.92,5.94,5.96,5.98,6,6.02,6.04,6.06,6.08,6.1,6.12,6.14,6.16,6.18,6.2,6.22,6.24,6.26,6.28,6.3,6.32,6.34,6.36,6.38,6.4,6.42,6.44,6.46,6.48,6.5,6.52,6.54,6.56,6.58,6.6,6.62,6.64,6.66,6.68,6.7,6.72,6.74,6.76,6.78,6.8,6.82,6.84,6.86,6.88,6.9,6.92,6.94,6.96,6.98,7,7.02,7.04,7.06,7.08,7.1,7.12,7.14,7.16,7.18,7.2,7.22,7.24,7.26,7.28,7.3,7.32,7.34,7.36,7.38,7.4,7.42,7.44,7.46,7.48,7.5,7.52,7.54,7.56,7.58,7.6,7.62,7.64,7.66,7.68,7.7,7.72,7.74,7.76,7.78,7.8,7.82,7.84,7.86,7.88,7.9,7.92,7.94,7.96,7.98,8,8.02,8.04,8.06,8.08,8.1,8.12,8.14,8.16,8.18,8.2,8.22,8.24,8.26,8.28,8.3,8.32,8.34,8.36,8.38,8.4,8.42,8.44,8.46,8.48,8.5
0.99946,0.99942,0.99932,0.99929,0.99937,0.99927,0.99928,0.99919,0.99927,0.99934,0.99931,0.99913,0.99903,0.99913,0.99916,0.9992,0.99921,0.99908,0.99894,0.99896,0.99925,0.9988,0.99893,0.99889,0.99895,0.99892,0.99896,0.99885,0.99851,0.99863,0.99862,0.99855,0.99855,0.99866,0.99874,0.99803,0.99837,0.99823,0.99817,0.99829,0.99829,0.99801,0.9977,0.99812,0.99719,0.99761,0.99743,0.99757,0.99789,0.99723,0.99706,0.9971,0.99697,0.99702,0.99683,0.99669,0.9969,0.99653,0.9961,0.99596,0.99615,0.99639,0.99584,0.99632,0.99526,0.99573,0.99493,0.99469,0.99545,0.99487,0.99449,0.9946,0.99409,0.99449,0.99405,0.99336,0.99375,0.99408,0.99264,0.99321,0.99236,0.99236,0.99274,0.99281,0.99253,0.9924,0.99198,0.99163,0.99059,0.99076,0.99082,0.99035,0.98996,0.98985,0.98981,0.99039,0.98956,0.98898,0.98854,0.98857,0.98788,0.98721,0.98739,0.98755,0.98718,0.98514,0.98599,0.98549,0.98541,0.98399,0.98357,0.98354,0.98224,0.98396,0.98317,0.98421,0.98171,0.98087,0.9795,0.98164,0.98057,0.97962,0.97879,0.97975,0.97942,0.97727,0.97649,0.97912,0.97697,0.97622,0.97343,0.97487,0.97344,0.97332,0.97198,0.97242,0.9737,0.97158,0.96987,0.9698,0.97042,0.96932,0.96807,0.96822,0.96692,0.9651,0.96455,0.9638,0.9634,0.95918,0.96065,0.96218,0.96067,0.95854,0.95816,0.95767,0.95668,0.95165,0.9551,0.9542,0.95309,0.95107,0.95167,0.95279,0.95035,0.9471,0.94915,0.94471,0.94642,0.94403,0.9399,0.94511,0.93981,0.93989,0.9381,0.9334,0.93631,0.92922,0.93047,0.93201,0.92778,0.92673,0.92613,0.91501,0.92326,0.92986,0.92435,0.92145,0.91279,0.90702,0.91803,0.90761,0.90836,0.90705,0.45322,0.90878,0.90505,0.8951,0.90333,0.88853,0.89223,0.89716,0.89269,0.88511,0.88078,0.88782,0.88858,0.41429,0.88229,0.44079,0.07625,0.06547,0.86724,0.8608,0.83698,0.83458,0.85117,0.85601,0.85542,0.49342,0.85275,0.8266,0.12971,0.73404,0.26774,0.70407,0.48981,0.82467,0.15445,0.81484,0.19583,0.80835,0.18269,0.07254,0.2849,0.7325,0.59396,0.01601,0.76412,0.44067,0.33918,0.03275,0.20814,0.00598,0.67291,0.69512,0.23815,0.26961,0.24395,0.11852,0.03635,0.21239,0.47431,0.09995,0.28255,0.12651,0.18599,0.09621,0.2075,0.01344,0.04458,0.00686,0.23986,0.40402,0.26487,0.2979,0.0662,0.03935,0.05136,0.24731,0.22691,0.33444,0.11082,0.05478,0.08084,0.11802,0.07531,0.12732,0.0654,0.24753,0.02028,0.02617,0.03718,0.1412,0.03249,0.02442,0.03835,0.15893,0.26011,0.02195,0.14934,0.0624,0.00861,0.08149,0.0132,0.0448,0.13031,0.17203,0.00681,0.00397,0.09752
0.99935,0.99944,0.99937,0.99935,0.99935,0.99942,0.9994,0.99926,0.99936,0.99922,0.99906,0.99908,0.99915,0.99925,0.99928,0.99909,0.99919,0.99904,0.9989,0.99902,0.99891,0.99915,0.99881,0.99882,0.99896,0.99886,0.99886,0.99882,0.99876,0.99871,0.99847,0.99849,0.99846,0.99862,0.9984,0.99819,0.9983,0.99827,0.99847,0.9981,0.99799,0.99829,0.99808,0.99777,0.99747,0.99807,0.99721,0.99765,0.99745,0.99741,0.99709,0.99705,0.99675,0.99704,0.99644,0.99647,0.99664,0.99632,0.99681,0.99596,0.99563,0.99615,0.99637,0.99589,0.99584,0.99612,0.99528,0.99571,0.99442,0.99501,0.99513,0.99473,0.99444,0.99439,0.9947,0.99436,0.99368,0.99356,0.99324,0.99304,0.99336,0.99297,0.99228,0.99253,0.99226,0.99173,0.99218,0.99129,0.99074,0.99115,0.99028,0.99068,0.99024,0.9901,0.99015,0.98938,0.98872,0.98851,0.98774,0.98833,0.98794,0.98704,0.98798,0.98744,0.98647,0.98633,0.98601,0.98596,0.98493,0.98603,0.98428,0.98405,0.98473,0.98317,0.98305,0.9821,0.98101,0.98214,0.98083,0.98112,0.98077,0.98032,0.97967,0.98066,0.97778,0.97871,0.97746,0.97614,0.97798,0.9753,0.9747,0.97419,0.97345,0.97074,0.97149,0.9742,0.97136,0.97171,0.97044,0.96931,0.96803,0.96998,0.96789,0.96832,0.96558,0.96438,0.96426,0.96258,0.963,0.96144,0.9614,0.96011,0.95834,0.96042,0.95729,0.95909,0.95665,0.95575,0.95674,0.95278,0.94981,0.95159,0.95164,0.9483,0.94857,0.94544,0.94785,0.94971,0.9438,0.94521,0.94336,0.93919,0.93499,0.92986,0.94124,0.93858,0.93255,0.93946,0.9369,0.93379,0.92451,0.93182,0.93107,0.9294,0.9196,0.91748,0.92463,0.92097,0.91714,0.91492,0.9206,0.91411,0.91575,0.90855,0.91187,0.91102,0.90532,0.90463,0.89208,0.90361,0.89829,0.90092,0.89169,0.89518,0.89216,0.89055,0.8765,0.87017,0.86939,0.85298,0.87766,0.86452,0.85784,0.87476,0.83849,0.64006,0.84875,0.84931,0.85686,0.83628,0.663,0.34402,0.12014,0.69143,0.81905,0.0224,0.80199,0.07691,0.81328,0.61158,0.08731,0.65728,0.61732,0.8138,0.71516,0.0269,0.79109,0.56758,0.18339,0.28958,0.33613,0.28093,0.26964,0.03274,0.31462,0.12499,0.20569,0.01226,0.24145,0.16764,0.24745,0.1766,0.00455,0.2705,0.12785,0.10088,0.52826,0.10151,0.11652,0.51791,0.10403,0.13728,0.3391,0.08645,0.15814,0.04043,0.10412,0.00811,0.04114,0.2243,0.01385,0.11861,0.02494,0.29913,0.09745,0.14161,0.08663,0.1194,0.24022,0.04445,0.08312,0.0705,0.02794,0.27998,0.07075,0.0893,0.06874,0.12341,0.16434,0.06909,0.14784,0.0326,0.01572,0.08317,0.06852,0.08759,0.00492,0.13606,0.07175,0.03167,0.03791
0.99941,0.99939,0.99944,0.99939,0.99948,0.9994,0.99937,0.99929,0.99922,0.99925,0.99912,0.99922,0.99914,0.99925,0.9992,0.9991,0.99911,0.99899,0.99915,0.99907,0.99903,0.99889,0.99899,0.99905,0.99893,0.99881,0.99883,0.99865,0.99857,0.99885,0.99873,0.99869,0.99826,0.99853,0.99833,0.99818,0.99815,0.998,0.99825,0.99784,0.99793,0.99794,0.99808,0.99825,0.99761,0.99772,0.99765,0.99711,0.99704,0.99769,0.99697,0.99717,0.99714,0.99698,0.99664,0.99713,0.99706,0.99714,0.99653,0.99675,0.99632,0.99619,0.99582,0.99613,0.99571,0.99595,0.99538,0.99563,0.99547,0.99421,0.9947,0.99489,0.99467,0.99397,0.99391,0.99454,0.99397,0.99406,0.99333,0.99371,0.99319,0.99333,0.99313,0.99225,0.9929,0.99232,0.99138,0.99111,0.99141,0.99109,0.99035,0.99091,0.98952,0.99051,0.98997,0.99077,0.98957,0.98895,0.98819,0.98782,0.98849,0.98763,0.98668,0.98733,0.98478,0.98534,0.98641,0.98468,0.98406,0.98473,0.98457,0.98458,0.98293,0.9831,0.98274,0.98353,0.98155,0.98148,0.98134,0.97959,0.97999,0.97899,0.98102,0.97804,0.97762,0.97664,0.97725,0.97757,0.97485,0.97483,0.97465,0.97523,0.97457,0.97439,0.97234,0.97098,0.96962,0.97083,0.97024,0.97007,0.96819,0.96868,0.96675,0.96794,0.96539,0.96559,0.96542,0.96337,0.96463,0.96218,0.96376,0.9623,0.96079,0.9628,0.95472,0.95377,0.95607,0.9546,0.95576,0.95213,0.95672,0.95172,0.95413,0.94829,0.94718,0.94821,0.9424,0.94488,0.9462,0.93893,0.93928,0.94152,0.93566,0.93652,0.93865,0.93457,0.92998,0.93665,0.93097,0.92846,0.9277,0.9289,0.91796,0.91936,0.92457,0.92364,0.92568,0.91955,0.91265,0.91224,0.91757,0.90916,0.91264,0.90978,0.91049,0.90419,0.29692,0.90007,0.89703,0.89229,0.02291,0.8895,0.8893,0.88586,0.88107,0.78894,0.88596,0.87869,0.88001,0.87182,0.86775,0.86091,0.86793,0.86105,0.78548,0.85349,0.86244,0.67941,0.86134,0.40032,0.82882,0.36825,0.37686,0.44754,0.82603,0.34248,0.70565,0.10002,0.77718,0.79519,0.61741,0.78985,0.82924,0.25694,0.78234,0.78241,0.38363,0.11135,0.62031,0.44398,0.1215,0.15588,0.26846,0.04306,0.62988,0.02474,0.29291,0.09278,0.45858,0.26082,0.21937,0.10297,0.64389,0.20764,0.18432,0.00031,0.0937,0.11427,0.25812,0.24908,0.03092,0.10685,0.21503,0.0106,0.51389,0.07666,0.07639,0.07458,0.30756,0.05925,0.02397,0.01885,0.00841,0.21259,0.05014,0.2335,0.02099,0.00159,0.11409,0.13815,0.18133,0.17542,0.0634,0.12236,0.1377,0.31547,0.07085,0.14525,0.03372,0.07379,0.12085,0.07779,0.04379,0.00791,0.11095,0.01709,0.01656,0.05433,0.0371,0.09857,0.10029
0.99937,0.99938,0.99933,0.99936,0.99938,0.99931,0.99922,0.99934,0.99936,0.99911,0.99924,0.99914,0.9992,0.999,0.99913,0.99921,0.99916,0.99906,0.99912,0.99902,0.99904,0.99905,0.99878,0.99905,0.99885,0.9986,0.99847,0.99876,0.9985,0.99856,0.99869,0.99853,0.99863,0.99874,0.99843,0.998,0.99833,0.99807,0.99797,0.99786,0.99807,0.99781,0.99781,0.99794,0.99775,0.99763,0.99765,0.99742,0.99762,0.99719,0.99747,0.99692,0.9965,0.99717,0.99694,0.99642,0.99655,0.99643,0.99645,0.99622,0.99592,0.99612,0.99574,0.99585,0.99583,0.99552,0.99571,0.99493,0.99515,0.9945,0.99477,0.99456,0.9947,0.99465,0.99431,0.99433,0.99374,0.99353,0.99332,0.99341,0.99261,0.99285,0.99327,0.99304,0.99292,0.99193,0.99208,0.99138,0.99187,0.99015,0.99043,0.99091,0.98992,0.99067,0.98847,0.98924,0.98872,0.9894,0.98852,0.9888,0.98879,0.9868,0.98621,0.98663,0.98616,0.98607,0.98532,0.98557,0.98426,0.98408,0.98347,0.98398,0.98354,0.98357,0.98367,0.98152,0.98077,0.98154,0.98099,0.97949,0.98124,0.97912,0.97845,0.97932,0.9775,0.97669,0.97867,0.97882,0.97581,0.97685,0.97613,0.97504,0.97538,0.972,0.97513,0.97188,0.9714,0.97052,0.97207,0.96945,0.96691,0.96396,0.9667,0.96829,0.96597,0.96529,0.96343,0.96151,0.96059,0.96081,0.96119,0.96063,0.95997,0.95879,0.9585,0.95715,0.95635,0.95776,0.95242,0.95603,0.95607,0.95197,0.94804,0.95253,0.94775,0.94683,0.94917,0.94373,0.94537,0.94065,0.94221,0.94202,0.94016,0.94194,0.93556,0.93598,0.93733,0.93802,0.93623,0.9342,0.92595,0.91958,0.92675,0.92346,0.92518,0.90673,0.9202,0.91959,0.92124,0.91642,0.90958,0.91737,0.91313,0.91033,0.90401,0.90213,0.89568,0.89612,0.90674,0.62945,0.71237,0.8929,0.88493,0.88198,0.89342,0.87306,0.88401,0.89484,0.88021,0.87744,0.8583,0.68343,0.84801,0.41788,0.39169,0.24839,0.81872,0.77982,0.56039,0.35533,0.39773,0.83308,0.83745,0.35198,0.83156,0.6938,0.77538,0.46035,0.81424,0.81299,0.12897,0.14855,0.57156,0.14549,0.10108,0.29085,0.05834,0.78097,0.506,0.68974,0.24421,0.59865,0.22673,0.15742,0.50473,0.31609,0.43709,0.15937,0.06569,0.51465,0.39938,0.36639,0.08324,0.18013,0.00213,0.17434,0.34845,0.13198,0.0647,0.38929,0.11078,0.19483,0.20255,0.00372,0.23208,0.67426,0.05,0.15903,0.01964,0.10594,0.01786,0.30823,0.21521,0.30145,0.04821,0.06204,0.1293,0.10367,0.05526,0.08131,0.23424,0.02173,0.22964,0.10202,0.0209,0.01098,0.13229,0.12279,0.12168,0.02993,0.01373,0.11189,0.0422,0.21803,0.07193,0.165,0.01316,0.16591,0.17869,0.04732,0.0045
0.99937,0.99938,0.99933,0.99936,0.99938,0.99931,0.99922,0.99934,0.99936,0.99911,0.99924,0.99914,0.9992,0.999,0.99913,0.99921,0.99916,0.99906,0.99912,0.99902,0.99904,0.99905,0.99878,0.99905,0.99885,0.9986,0.99847,0.99876,0.9985,0.99856,0.99869,0.99853,0.99863,0.99874,0.99843,0.998,0.99833,0.99807,0.99797,0.99786,0.99807,0.99781,0.99781,0.99794,0.99775,0.99763,0.99765,0.99742,0.99762,0.99719,0.99747,0.99692,0.9965,0.99717,0.99694,0.99642,0.99655,0.99643,0.99645,0.99622,0.99592,0.99612,0.99574,0.99585,0.99583,0.99552,0.99571,0.99493,0.99515,0.9945,0.99477,0.99456,0.9947,0.99465,0.99431,0.99433,0.99374,0.99353,0.99332,0.99341,0.99261,0.99285,0.99327,0.99304,0.99292,0.99193,0.99208,0.99138,0.99187,0.99015,0.99043,0.99091,0.98992,0.99067,0.98847,0.98924,0.98872,0.9894,0.98852,0.9888,0.98879,0.9868,0.98621,0.98663,0.98616,0.98607,0.98532,0.98557,0.98426,0.98408,0.98347,0.98398,0.98354,0.98357,0.98367,0.98152,0.98077,0.98154,0.98099,0.97949,0.98124,0.97912,0.97845,0.97932,0.9775,0.97669,0.97867,0.97882,0.97581,0.97685,0.97613,0.97504,0.97538,0.972,0.97513,0.97188,0.9714,0.97052,0.97207,0.96945,0.96691,0.96396,0.9667,0.96829,0.96597,0.96529,0.96343,0.96151,0.96059,0.96081,0.96119,0.96063,0.95997,0.95879,0.9585,0.95715,0.95635,0.95776,0.95242,0.95603,0.95607,0.95197,0.94804,0.95253,0.94775,0.94683,0.94917,0.94373,0.94537,0.94065,0.94221,0.94202,0.94016,0.94194,0.93556,0.93598,0.93733,0.93802,0.93623,0.9342,0.92595,0.91958,0.92675,0.92346,0.92518,0.90673,0.9202,0.91959,0.92124,0.91642,0.90958,0.91737,0.91313,0.91033,0.90401,0.90213,0.89568,0.89612,0.90674,0.62945,0.71237,0.8929,0.88493,0.88198,0.89342,0.87306,0.88401,0.89484,0.88021,0.87744,0.8583,0.68343,0.84801,0.41788,0.39169,0.24839,0.81872,0.77982,0.56039,0.35533,0.39773,0.83308,0.83745,0.35198,0.83156,0.6938,0.77538,0.46035,0.81424,0.81299,0.12897,0.14855,0.57156,0.14549,0.10108,0.29085,0.05834,0.78097,0.506,0.68974,0.24421,0.59865,0.22673,0.15742,0.50473,0.31609,0.43709,0.15937,0.06569,0.51465,0.39938,0.36639,0.08324,0.18013,0.00213,0.17434,0.34845,0.13198,0.0647,0.38929,0.11078,0.19483,0.20255,0.00372,0.23208,0.67426,0.05,0.15903,0.01964,0.10594,0.01786,0.30823,0.21521,0.30145,0.04821,0.06204,0.1293,0.10367,0.05526,0.08131,0.23424,0.02173,0.22964,0.10202,0.0209,0.01098,0.13229,0.12279,0.12168,0.02993,0.01373,0.11189,0.0422,0.21803,0.07193,0.165,0.01316,0.16591,0.17869,0.04732,0.0045
0.99942,0.99932,0.99938,0.9993,0.99938,0.9994,0.99932,0.99917,0.99923,0.99932,0.99929,0.99926,0.99917,0.9992,0.99905,0.99907,0.99909,0.99892,0.9991,0.99906,0.99896,0.99893,0.99906,0.99881,0.99876,0.99891,0.99862,0.99887,0.99905,0.99838,0.9988,0.99868,0.9984,0.99845,0.99837,0.99846,0.99825,0.99846,0.99795,0.99831,0.99793,0.99826,0.99792,0.99781,0.99766,0.9979,0.99798,0.99699,0.99719,0.99731,0.99722,0.9971,0.99718,0.9971,0.99688,0.997,0.99682,0.99639,0.99682,0.9969,0.99586,0.99627,0.99598,0.99549,0.99544,0.99529,0.99568,0.99576,0.9954,0.99468,0.99466,0.99496,0.99414,0.9939,0.99416,0.99364,0.99353,0.99279,0.99333,0.99363,0.99297,0.99277,0.99317,0.99325,0.99259,0.99222,0.99223,0.99097,0.99069,0.99118,0.99097,0.99078,0.99051,0.98899,0.99039,0.98935,0.98968,0.98851,0.98834,0.98803,0.98803,0.98701,0.98733,0.98676,0.98567,0.98466,0.9867,0.98482,0.98592,0.98516,0.98517,0.98475,0.98444,0.98196,0.98251,0.98328,0.98183,0.98075,0.98139,0.97848,0.97993,0.98072,0.9804,0.97829,0.97873,0.9774,0.97625,0.97636,0.97566,0.97674,0.97544,0.9744,0.97428,0.97441,0.97295,0.97456,0.97247,0.97244,0.97022,0.96922,0.96757,0.96969,0.9667,0.96729,0.96829,0.96568,0.9617,0.96541,0.96465,0.96211,0.95982,0.96172,0.9617,0.95716,0.9588,0.95659,0.95338,0.95553,0.95413,0.95376,0.95051,0.95314,0.9524,0.95098,0.94796,0.94717,0.94399,0.94454,0.94448,0.94193,0.90232,0.94238,0.94165,0.93475,0.93486,0.92872,0.93969,0.93305,0.93123,0.92762,0.92691,0.92535,0.93034,0.92655,0.9249,0.92617,0.92311,0.92186,0.91871,0.91749,0.91879,0.90667,0.91446,0.9084,0.90099,0.42491,0.90172,0.88971,0.88468,0.86332,0.89367,0.89438,0.44436,0.01286,0.87861,0.67381,0.88935,0.86133,0.85532,0.87318,0.77397,0.85162,0.87705,0.86198,0.86976,0.85983,0.85547,0.83749,0.84546,0.8418,0.81307,0.85191,0.83606,0.42433,0.80709,0.80088,0.68133,0.02476,0.77086,0.7723,0.25919,0.06957,0.49992,0.62728,0.14047,0.06347,0.11141,0.49244,0.46177,0.7355,0.21705,0.33192,0.08808,0.24781,0.13072,0.4034,0.08965,0.69819,0.14206,0.5433,0.23319,0.5164,0.11381,0.13391,0.42565,0.14619,0.08882,0.10773,0.23042,0.01587,0.0324,0.17091,0.16774,0.09337,0.07593,0.06836,0.04604,0.24749,0.26546,0.22518,0.11007,0.01763,0.11252,0.29499,0.04017,0.21392,0.19213,0.25089,0.20552,0.05303,0.09827,0.21691,0.1975,0.04137,0.11199,0.02361,0.06362,0.06356,0.24061,0.11547,0.01065,0.0267,0.03646,0.13614,0.1191,0.1183,0.07965,0.02991,0.03354,0.18474,0.07705
0.9994,0.99933,0.99932,0.99933,0.99913,0.99943,0.99928,0.99912,0.99926,0.99924,0.99924,0.99919,0.99918,0.99921,0.9991,0.99904,0.99913,0.99917,0.99901,0.99906,0.99884,0.99901,0.99899,0.99887,0.99881,0.99868,0.99872,0.99881,0.99889,0.99878,0.99863,0.99852,0.99849,0.99831,0.99825,0.99843,0.99849,0.99838,0.99844,0.9982,0.99849,0.99794,0.99791,0.99799,0.99737,0.99768,0.99727,0.99765,0.99741,0.99741,0.99766,0.99702,0.99705,0.99713,0.99673,0.99672,0.9971,0.99666,0.99652,0.99635,0.99622,0.99588,0.99572,0.99588,0.99546,0.9953,0.99527,0.99557,0.99529,0.99494,0.99488,0.99432,0.99412,0.99449,0.99368,0.99414,0.99423,0.99409,0.99415,0.99374,0.99281,0.99302,0.99223,0.99222,0.99177,0.99135,0.991,0.992,0.99109,0.99125,0.99136,0.9903,0.98945,0.98991,0.9901,0.98818,0.9892,0.98878,0.98857,0.98849,0.98757,0.98704,0.98663,0.98698,0.98591,0.98628,0.98579,0.98643,0.98445,0.98527,0.98481,0.98324,0.98359,0.9838,0.98229,0.98346,0.98162,0.98093,0.98177,0.98063,0.98099,0.97884,0.9799,0.97871,0.97959,0.97868,0.97698,0.97689,0.97741,0.97691,0.9757,0.97549,0.97188,0.97269,0.97008,0.97307,0.97206,0.97048,0.97187,0.96985,0.96971,0.96606,0.96627,0.96982,0.96464,0.96547,0.96385,0.96444,0.96468,0.96154,0.96,0.96118,0.95731,0.96017,0.95665,0.95926,0.95924,0.955,0.95423,0.95137,0.94722,0.95238,0.95167,0.94763,0.95221,0.94678,0.94504,0.94646,0.9426,0.94347,0.94007,0.94208,0.93893,0.93859,0.93565,0.93834,0.93553,0.92368,0.9336,0.92899,0.92395,0.92986,0.92181,0.92029,0.9207,0.9186,0.91957,0.91725,0.91757,0.923,0.9145,0.91667,0.9068,0.9194,0.9092,0.90354,0.89383,0.90969,0.89913,0.88988,0.89569,0.89293,0.89556,0.28976,0.88654,0.86749,0.86228,0.88156,0.87781,0.86902,0.86582,0.7754,0.86207,0.18937,0.85256,0.85571,0.84806,0.74704,0.84436,0.83982,0.8301,0.82635,0.82673,0.25935,0.33035,0.82013,0.83493,0.62616,0.39874,0.79551,0.11811,0.41434,0.79929,0.65905,0.50582,0.01553,0.37083,0.77168,0.39608,0.0746,0.35089,0.32669,0.28978,0.27852,0.49131,0.69393,0.04436,0.01767,0.18562,0.0231,0.03475,0.42938,0.62203,0.18079,0.37004,0.36069,0.28098,0.14842,0.28449,0.38799,0.09219,0.01402,0.24587,0.08016,0.112,0.0273,0.04734,0.10163,0.18996,0.04516,0.06773,0.18522,0.41406,0.53541,0.0778,0.03039,0.09559,0.15614,0.07874,0.22332,0.22615,0.19178,0.20274,0.23425,0.00067,0.10152,0.09385,0.11374,0.11215,0.0443,0.18712,0.05554,0.124,0.129,0.07503,0.03993,0.05843,0.0591,0.02922,0.04954,0.0389
0.99946,0.99944,0.99943,0.99938,0.99947,0.99935,0.99936,0.99934,0.99917,0.99924,0.99913,0.99917,0.99909,0.99924,0.99921,0.99905,0.99906,0.999,0.99914,0.99906,0.99902,0.99894,0.99904,0.999,0.99888,0.99876,0.99878,0.9986,0.99852,0.99884,0.99872,0.9987,0.99821,0.99852,0.99832,0.99823,0.9982,0.99795,0.9983,0.99785,0.99798,0.99795,0.99807,0.99824,0.99762,0.99773,0.99764,0.9971,0.99705,0.99764,0.99702,0.99716,0.99709,0.99693,0.99663,0.99712,0.99701,0.99719,0.99648,0.9967,0.99631,0.99624,0.99587,0.99612,0.99566,0.99596,0.99539,0.99558,0.99542,0.99422,0.99475,0.9949,0.99466,0.99396,0.99396,0.99449,0.99402,0.99405,0.99332,0.99376,0.99324,0.99338,0.99308,0.9922,0.99289,0.99231,0.99137,0.9911,0.99146,0.99114,0.99036,0.9909,0.98951,0.9905,0.98996,0.99072,0.98956,0.98894,0.98818,0.98781,0.98844,0.98768,0.98673,0.98728,0.98473,0.98535,0.98646,0.98469,0.98407,0.98472,0.98462,0.98457,0.98292,0.98305,0.98273,0.98352,0.9815,0.98147,0.98139,0.9796,0.97994,0.97894,0.98097,0.97803,0.97761,0.97663,0.9772,0.97758,0.97484,0.97484,0.97466,0.97518,0.97458,0.9744,0.97229,0.97093,0.96963,0.97082,0.97019,0.97006,0.96818,0.96867,0.96674,0.96793,0.9654,0.96554,0.96547,0.96336,0.96462,0.96217,0.96375,0.96235,0.96084,0.96285,0.95473,0.95376,0.95602,0.95465,0.95571,0.95208,0.95671,0.95171,0.95418,0.94828,0.94719,0.94816,0.94245,0.94487,0.94615,0.93888,0.93923,0.94153,0.93565,0.93651,0.93864,0.93452,0.92999,0.93664,0.93096,0.92851,0.92771,0.92889,0.91801,0.91935,0.92452,0.92359,0.92567,0.9195,0.9126,0.91223,0.91752,0.90915,0.91269,0.90983,0.91048,0.90418,0.29697,0.90002,0.89702,0.89228,0.0229,0.88945,0.88935,0.88591,0.88102,0.78899,0.88595,0.87864,0.88,0.87181,0.86774,0.8609,0.86794,0.86104,0.78553,0.85348,0.86239,0.67942,0.86135,0.40027,0.82877,0.36826,0.37681,0.44754,0.82603,0.34248,0.70565,0.10002,0.77718,0.79519,0.61741,0.78985,0.82924,0.25694,0.78234,0.78241,0.38363,0.11135,0.62031,0.44398,0.1215,0.15588,0.26846,0.04306,0.62988,0.02474,0.29291,0.09278,0.45858,0.26082,0.21937,0.10297,0.64389,0.20764,0.18432,0.00031,0.0937,0.11427,0.25812,0.24908,0.03092,0.10685,0.21503,0.0106,0.51389,0.07666,0.07639,0.07458,0.30756,0.05925,0.02397,0.01885,0.00841,0.21259,0.05014,0.2335,0.02099,0.00159,0.11409,0.13815,0.18133,0.17542,0.0634,0.12236,0.1377,0.31547,0.07085,0.14525,0.03372,0.07379,0.12085,0.07779,0.04379,0.00791,0.11095,0.01709,0.01656,0.05433,0.0371,0.09857,0.10029
0.99939,0.99937,0.99935,0.99943,0.99933,0.99936,0.99937,0.99922,0.99931,0.99925,0.99928,0.99902,0.99924,0.99918,0.9991,0.99907,0.99915,0.99908,0.99889,0.99913,0.99905,0.99889,0.99903,0.99883,0.99887,0.99896,0.99882,0.99875,0.99873,0.99868,0.99876,0.99835,0.99857,0.99838,0.99846,0.99842,0.99852,0.99812,0.99806,0.99819,0.99841,0.99798,0.99769,0.99788,0.99785,0.99754,0.99729,0.99709,0.99723,0.99748,0.99737,0.99716,0.99693,0.99705,0.99674,0.99712,0.99661,0.99677,0.99634,0.99621,0.99607,0.99588,0.99661,0.99541,0.99588,0.9954,0.99528,0.99508,0.99527,0.99505,0.99517,0.99462,0.9942,0.99399,0.99421,0.99461,0.99393,0.99343,0.99305,0.9927,0.99312,0.99363,0.99206,0.99232,0.99286,0.99196,0.99197,0.99271,0.9909,0.99141,0.99082,0.991,0.99027,0.98886,0.98977,0.98918,0.98889,0.98964,0.98798,0.98868,0.98857,0.98798,0.98688,0.98784,0.98584,0.98702,0.98616,0.98453,0.98624,0.98494,0.98492,0.98488,0.98257,0.98338,0.98207,0.98219,0.98313,0.98282,0.9817,0.9812,0.97917,0.97764,0.98027,0.9795,0.97806,0.97806,0.9771,0.97669,0.97452,0.97583,0.9764,0.97399,0.97473,0.9738,0.97236,0.97088,0.9721,0.97158,0.97012,0.96714,0.96754,0.96737,0.96855,0.96805,0.96828,0.96643,0.96389,0.96609,0.96583,0.96004,0.95868,0.95837,0.96126,0.95862,0.95875,0.95779,0.95761,0.95526,0.95288,0.95275,0.94789,0.95317,0.95394,0.9484,0.95022,0.94862,0.94383,0.94608,0.94282,0.94276,0.94298,0.93745,0.94359,0.9408,0.93543,0.93899,0.93408,0.93792,0.93355,0.93479,0.92118,0.93201,0.92682,0.92149,0.91653,0.91315,0.91973,0.90686,0.91885,0.92055,0.90761,0.90407,0.9184,0.89654,0.89229,0.90237,0.90598,0.46312,0.89578,0.37027,0.89178,0.89382,0.88598,0.14391,0.88183,0.89252,0.88036,0.71646,0.86912,0.88501,0.86295,0.87264,0.80809,0.84949,0.86315,0.68631,0.83891,0.84457,0.85445,0.84897,0.69908,0.8141,0.85584,0.82656,0.03983,0.45738,0.81781,0.1885,0.01538,0.62188,0.77862,0.05207,0.78516,0.76172,0.33584,0.07684,0.24456,0.00424,0.15715,0.54973,0.58659,0.23944,0.42194,0.47504,0.25097,0.30299,0.63196,0.26001,0.4718,0.54134,0.54367,0.45032,0.13243,0.02104,0.01358,0.0255,0.03788,0.38837,0.06578,0.21725,0.31933,0.06418,0.43389,0.22217,0.0401,0.30896,0.19596,0.16927,0.24571,0.0973,0.22976,0.33593,0.16991,0.10426,0.02964,0.16505,0.27186,0.18953,0.13339,0.07781,0.11296,0.16236,0.12351,0.09221,0.03842,0.07716,0.06385,0.0606,0.0114,0.16885,0.1435,0.14101,0.00311,0.05494,0.03026,0.07109,0.1725,0.01273,0.07063,0.05239,0.09083
0.9994,0.99937,0.99932,0.99937,0.99913,0.99939,0.99932,0.99908,0.99926,0.99924,0.9992,0.99923,0.99922,0.99921,0.9991,0.999,0.99917,0.99917,0.99897,0.99906,0.99884,0.99905,0.99903,0.99891,0.99885,0.99872,0.99868,0.99877,0.99885,0.99874,0.99863,0.99848,0.99849,0.99831,0.99829,0.99843,0.99849,0.99834,0.99844,0.9982,0.99849,0.99794,0.99791,0.99799,0.99737,0.99768,0.99731,0.99765,0.99745,0.99741,0.99766,0.99702,0.99705,0.99709,0.99673,0.99668,0.99714,0.9967,0.99652,0.99631,0.99626,0.99592,0.99576,0.99592,0.99546,0.9953,0.99531,0.99561,0.99529,0.9949,0.99488,0.99432,0.99412,0.99449,0.99372,0.9941,0.99423,0.99405,0.99415,0.9937,0.99281,0.99298,0.99219,0.99226,0.99181,0.99139,0.99096,0.99196,0.99109,0.99125,0.99132,0.9903,0.98945,0.98987,0.99006,0.98814,0.9892,0.98878,0.98861,0.98845,0.98761,0.987,0.98663,0.98698,0.98587,0.98632,0.98579,0.98643,0.98441,0.98527,0.98477,0.9832,0.98363,0.98384,0.98229,0.9835,0.98158,0.98097,0.98177,0.98059,0.98099,0.97884,0.9799,0.97871,0.97963,0.97872,0.97698,0.97689,0.97741,0.97691,0.97574,0.97545,0.97184,0.97269,0.97004,0.97311,0.97206,0.97048,0.97183,0.96989,0.96975,0.96602,0.96627,0.96986,0.96464,0.96547,0.96385,0.9644,0.96472,0.96154,0.96,0.96118,0.95731,0.96017,0.95669,0.95926,0.95924,0.955,0.95423,0.95133,0.94718,0.95238,0.95167,0.94763,0.95225,0.94678,0.94504,0.94646,0.9426,0.94347,0.94007,0.94208,0.93893,0.93859,0.93565,0.93834,0.93553,0.92368,0.9336,0.92899,0.92395,0.92986,0.92181,0.92029,0.9207,0.9186,0.91957,0.91725,0.91757,0.923,0.9145,0.91667,0.9068,0.9194,0.9092,0.90354,0.89383,0.90969,0.89913,0.88988,0.89569,0.89293,0.89556,0.28976,0.88654,0.86749,0.86228,0.88156,0.87781,0.86902,0.86582,0.7754,0.86207,0.18937,0.85256,0.85571,0.84806,0.74704,0.84436,0.83982,0.8301,0.82635,0.82673,0.25935,0.33035,0.82013,0.83493,0.62616,0.39874,0.79551,0.11811,0.41434,0.79929,0.65905,0.50582,0.01553,0.37083,0.77168,0.39608,0.0746,0.35089,0.32669,0.28978,0.27852,0.49131,0.69393,0.04436,0.01767,0.18562,0.0231,0.03475,0.42938,0.62203,0.18079,0.37004,0.36069,0.28098,0.14842,0.28449,0.38799,0.09219,0.01402,0.24587,0.08016,0.112,0.0273,0.04734,0.10163,0.18996,0.04516,0.06773,0.18522,0.41406,0.53541,0.0778,0.03039,0.09559,0.15614,0.07874,0.22332,0.22615,0.19178,0.20274,0.23425,0.00067,0.10152,0.09385,0.11374,0.11215,0.0443,0.18712,0.05554,0.124,0.129,0.07503,0.03993,0.05843,0.0591,0.02922,0.04954,0.0389
0.9994,0.9994,0.99939,0.99928,0.99934,0.99914,0.99936,0.99909,0.99928,0.99929,0.99897,0.99921,0.99927,0.99927,0.99913,0.99916,0.9991,0.99911,0.99901,0.99918,0.9989,0.99904,0.99885,0.99879,0.99894,0.9985,0.99898,0.99858,0.99846,0.99871,0.99856,0.99847,0.99843,0.99866,0.99854,0.9986,0.99817,0.99816,0.99819,0.99823,0.99827,0.99803,0.99815,0.99798,0.99756,0.99782,0.99798,0.99749,0.99738,0.99725,0.99705,0.99739,0.99675,0.99696,0.9965,0.99707,0.99653,0.99666,0.99649,0.99676,0.99607,0.99611,0.99588,0.99571,0.99577,0.99574,0.99504,0.99506,0.99513,0.99464,0.99417,0.99496,0.99498,0.99437,0.9946,0.99376,0.99374,0.99464,0.99409,0.99343,0.99262,0.9931,0.99194,0.99203,0.99189,0.99256,0.99136,0.99186,0.99172,0.99084,0.99111,0.99002,0.98966,0.98942,0.98965,0.98844,0.98785,0.9895,0.98846,0.98973,0.98797,0.98608,0.98698,0.98565,0.98529,0.9858,0.98553,0.9862,0.98505,0.98576,0.98322,0.98343,0.98262,0.98305,0.9835,0.98272,0.98087,0.97973,0.97932,0.98167,0.98037,0.98084,0.97928,0.97887,0.9773,0.97775,0.97608,0.97679,0.97721,0.97556,0.97543,0.97281,0.97585,0.97495,0.97293,0.9738,0.97414,0.96993,0.96954,0.96747,0.96787,0.96821,0.96708,0.96671,0.96389,0.96668,0.96455,0.96475,0.96368,0.9617,0.95944,0.96047,0.96068,0.9605,0.95929,0.95897,0.9561,0.95758,0.95189,0.95264,0.95342,0.94913,0.95137,0.9478,0.94757,0.9511,0.94409,0.94676,0.94491,0.94279,0.93598,0.93902,0.94643,0.94045,0.9394,0.93915,0.93234,0.93183,0.92897,0.92884,0.92972,0.91635,0.92881,0.91804,0.92546,0.91791,0.92332,0.9212,0.91584,0.91371,0.91529,0.90375,0.91456,0.9052,0.91113,0.89267,0.90251,0.89232,0.89408,0.89751,0.89764,0.89655,0.89001,0.78861,0.86585,0.89403,0.88883,0.86357,0.87565,0.87962,0.87771,0.85834,0.8629,0.56286,0.86908,0.85399,0.15017,0.85088,0.74659,0.5912,0.81988,0.84422,0.46552,0.01672,0.81509,0.46469,0.01635,0.34577,0.19112,0.02558,0.02216,0.52635,0.18561,0.54417,0.47664,0.59159,0.35899,0.05164,0.08139,0.4572,0.63774,0.26012,0.74966,0.72037,0.33283,0.20544,0.04286,0.60293,0.14097,0.2549,0.24144,0.54125,0.20269,0.07266,0.08876,0.12032,0.0437,0.45858,0.03852,0.13513,0.03334,0.32455,0.12669,0.15025,0.20445,0.1011,0.27402,0.03122,0.14559,0.21498,0.08792,0.11645,0.28577,0.00471,0.14073,0.25124,0.03384,0.07971,0.14843,0.08826,0.01214,0.0074,0.08634,0.01228,0.04161,0.07622,0.11233,0.13028,0.03663,0.03117,0.01735,0.06954,0.12143,0.03694,0.00863,0.03468,0.07766,0.11003,0.09805,0.09197,0.13631
0.99944,0.99926,0.99945,0.99928,0.99935,0.99929,0.99926,0.9993,0.99914,0.99931,0.99928,0.99919,0.99926,0.99925,0.99925,0.99914,0.99928,0.9992,0.99894,0.99889,0.99893,0.99887,0.99899,0.99902,0.99888,0.9986,0.99893,0.99884,0.99888,0.99857,0.99868,0.99835,0.99855,0.99816,0.99839,0.99863,0.99848,0.99822,0.99818,0.99831,0.99814,0.99837,0.99801,0.99744,0.99779,0.9977,0.99761,0.99767,0.99756,0.99764,0.9972,0.99705,0.99723,0.99703,0.99674,0.99703,0.99637,0.99691,0.99653,0.99646,0.99608,0.99635,0.99566,0.9958,0.99584,0.99557,0.99534,0.99459,0.99555,0.99481,0.99469,0.99424,0.99463,0.99407,0.99421,0.9942,0.99372,0.99362,0.99361,0.99277,0.99273,0.99309,0.99265,0.99302,0.99168,0.9919,0.99185,0.99194,0.99108,0.99089,0.99047,0.99035,0.99001,0.98952,0.98919,0.9904,0.98835,0.98896,0.98825,0.98849,0.9872,0.98671,0.9879,0.98639,0.98619,0.98651,0.98421,0.98641,0.98433,0.98437,0.98393,0.98396,0.98348,0.98322,0.98352,0.98255,0.98252,0.98128,0.98169,0.98146,0.98015,0.9803,0.97848,0.97956,0.97791,0.97769,0.97644,0.97867,0.97648,0.97591,0.97444,0.97593,0.97277,0.97258,0.97288,0.97492,0.96951,0.97066,0.96903,0.96855,0.96909,0.96789,0.96737,0.9654,0.96537,0.96607,0.96662,0.96298,0.96298,0.96155,0.96379,0.96283,0.96117,0.95994,0.95645,0.96193,0.95694,0.95784,0.95663,0.95662,0.95497,0.95294,0.95116,0.95204,0.94593,0.94545,0.94093,0.94447,0.94773,0.9403,0.94257,0.94294,0.94122,0.94147,0.93004,0.93159,0.93906,0.93709,0.93268,0.9181,0.92578,0.92388,0.92994,0.92371,0.92646,0.92289,0.91825,0.9119,0.91718,0.90647,0.9165,0.91208,0.91803,0.90405,0.90156,0.90126,0.8995,0.90066,0.90714,0.21485,0.89452,0.89185,0.87727,0.8814,0.89485,0.88597,0.8699,0.71619,0.85824,0.86904,0.55485,0.87199,0.86765,0.14248,0.23489,0.86767,0.81251,0.8509,0.84664,0.5713,0.82545,0.83404,0.46601,0.79779,0.23249,0.8219,0.42343,0.78745,0.61296,0.79303,0.7832,0.00557,0.62345,0.76323,0.08205,0.524,0.35018,0.25198,0.50444,0.47496,0.75711,0.75798,0.26665,0.05519,0.0022,0.43597,0.45423,0.41467,0.00436,0.34986,0.67408,0.1533,0.29254,0.40076,0.03974,0.06199,0.43501,0.14427,0.02923,0.14941,0.27547,0.06645,0.36377,0.0893,0.14255,0.13828,0.36073,0.38329,0.24882,0.04881,0.14093,0.02065,0.0764,0.156,0.03673,0.30962,0.15126,0.02964,0.07765,0.25566,0.03203,0.09759,0.0307,0.22408,0.07076,0.1079,0.1249,0.06286,0.06053,0.10526,0.05114,0.071,0.16781,0.08293,0.12631,0.13809,0.15531,0.01324,0.02878,0.01014,0.05463
0.99941,0.99939,0.99944,0.99939,0.99948,0.9994,0.99937,0.99929,0.99922,0.99925,0.99912,0.99922,0.99914,0.99925,0.9992,0.9991,0.99911,0.99899,0.99915,0.99907,0.99903,0.99889,0.99899,0.99905,0.99893,0.99881,0.99883,0.99865,0.99857,0.99885,0.99873,0.99869,0.99826,0.99853,0.99833,0.99818,0.99815,0.998,0.99825,0.99784,0.99793,0.99794,0.99808,0.99825,0.99761,0.99772,0.99765,0.99711,0.99704,0.99769,0.99697,0.99717,0.99714,0.99698,0.99664,0.99713,0.99706,0.99714,0.99653,0.99675,0.99632,0.99619,0.99582,0.99613,0.99571,0.99595,0.99538,0.99563,0.99547,0.99421,0.9947,0.99489,0.99467,0.99397,0.99391,0.99454,0.99397,0.99406,0.99333,0.99371,0.99319,0.99333,0.99313,0.99225,0.9929,0.99232,0.99138,0.99111,0.99141,0.99109,0.99035,0.99091,0.98952,0.99051,0.98997,0.99077,0.98957,0.98895,0.98819,0.98782,0.98849,0.98763,0.98668,0.98733,0.98473,0.98535,0.98646,0.98469,0.98407,0.98472,0.98462,0.98457,0.98292,0.98305,0.98273,0.98352,0.9815,0.98147,0.98139,0.9796,0.97994,0.97894,0.98097,0.97803,0.97761,0.97663,0.9772,0.97758,0.97484,0.97484,0.97466,0.97518,0.97458,0.9744,0.97229,0.97093,0.96963,0.97082,0.97019,0.97006,0.96818,0.96867,0.96674,0.96793,0.9654,0.96554,0.96547,0.96336,0.96462,0.96217,0.96375,0.96235,0.96084,0.96285,0.95473,0.95376,0.95602,0.95465,0.95571,0.95208,0.95671,0.95171,0.95418,0.94828,0.94719,0.94816,0.94245,0.94487,0.94615,0.93888,0.93923,0.94153,0.93565,0.93651,0.93864,0.93452,0.92999,0.93664,0.93096,0.92851,0.92771,0.92889,0.91801,0.91935,0.92452,0.92359,0.92567,0.9195,0.9126,0.91223,0.91752,0.90915,0.91269,0.90983,0.91048,0.90418,0.29697,0.90002,0.89702,0.89228,0.0229,0.88945,0.88935,0.88591,0.88102,0.78899,0.88595,0.87864,0.88,0.87181,0.86774,0.8609,0.86794,0.86104,0.78553,0.85348,0.86239,0.67942,0.86135,0.40027,0.82877,0.36826,0.37681,0.44754,0.82603,0.34248,0.70565,0.10002,0.77718,0.79519,0.61741,0.78985,0.82924,0.25694,0.78234,0.78241,0.38363,0.11135,0.62031,0.44398,0.1215,0.15588,0.26846,0.04306,0.62988,0.02474,0.29291,0.09278,0.45858,0.26082,0.21937,0.10297,0.64389,0.20764,0.18432,0.00031,0.0937,0.11427,0.25812,0.24908,0.03092,0.10685,0.21503,0.0106,0.51389,0.07666,0.07639,0.07458,0.30756,0.05925,0.02397,0.01885,0.00841,0.21259,0.05014,0.2335,0.02099,0.00159,0.11409,0.13815,0.18133,0.17542,0.0634,0.12236,0.1377,0.31547,0.07085,0.14525,0.03372,0.07379,0.12085,0.07779,0.04379,0.00791,0.11095,0.01709,0.01656,0.05433,0.0371,0.09857,0.10029
0.99945,0.99936,0.99933,0.99927,0.99927,0.99941,0.99924,0.99929,0.99937,0.99926,0.99927,0.99915,0.99921,0.99912,0.99915,0.99925,0.99904,0.999,0.99913,0.9991,0.99915,0.99914,0.99894,0.99889,0.99902,0.99888,0.99861,0.9988,0.99879,0.99883,0.99863,0.99858,0.99861,0.99859,0.99869,0.99857,0.99832,0.99846,0.99809,0.99771,0.99809,0.9981,0.99756,0.99764,0.99758,0.99783,0.99768,0.99744,0.99745,0.99754,0.99684,0.99734,0.99731,0.9972,0.99659,0.99699,0.99677,0.99631,0.99641,0.99612,0.99648,0.99603,0.99582,0.99633,0.9959,0.99549,0.99543,0.99546,0.99474,0.99471,0.99447,0.99467,0.99464,0.99422,0.99436,0.99362,0.99447,0.99402,0.99311,0.99315,0.99346,0.9936,0.99289,0.99291,0.99148,0.99217,0.99152,0.99131,0.99062,0.99119,0.99174,0.99104,0.98985,0.98941,0.98996,0.9898,0.98982,0.98886,0.98915,0.98892,0.98879,0.98669,0.98595,0.98819,0.98619,0.9866,0.98427,0.98505,0.98575,0.98583,0.98457,0.98381,0.98355,0.98251,0.9841,0.98224,0.98152,0.98031,0.98115,0.98105,0.98142,0.97881,0.98069,0.97862,0.97906,0.97853,0.97726,0.97469,0.97713,0.97755,0.97423,0.97486,0.97465,0.97353,0.97072,0.96977,0.97072,0.9734,0.97101,0.96877,0.96904,0.96767,0.96909,0.966,0.96806,0.96105,0.96536,0.96285,0.96429,0.96266,0.96119,0.96117,0.95927,0.96235,0.96264,0.95379,0.95704,0.95901,0.95123,0.95403,0.9538,0.95538,0.95005,0.95088,0.94792,0.94911,0.94414,0.94807,0.94635,0.9478,0.94148,0.94103,0.94019,0.93531,0.93596,0.9355,0.93423,0.93439,0.93134,0.93539,0.9309,0.92593,0.92491,0.92475,0.92785,0.92271,0.9154,0.92095,0.92224,0.90745,0.90452,0.90423,0.90774,0.9002,0.90431,0.90858,0.63214,0.90533,0.89864,0.89424,0.88698,0.89078,0.89566,0.88412,0.88637,0.88077,0.87762,0.87777,0.87573,0.8659,0.70131,0.86866,0.87382,0.85838,0.86375,0.86417,0.83941,0.8548,0.48531,0.84913,0.8475,0.83939,0.79202,0.53635,0.83753,0.81115,0.36526,0.81219,0.77633,0.68067,0.49252,0.13914,0.21743,0.81421,0.32819,0.71925,0.76016,0.59415,0.57136,0.06961,0.1902,0.33848,0.32392,0.59404,0.47816,0.10656,0.18277,0.43877,0.61471,0.04277,0.26834,0.11927,0.04703,0.18552,0.24196,0.02939,0.2247,0.26116,0.26812,0.21022,0.31003,0.23582,0.02576,0.25228,0.01016,0.13474,0.0084,0.17173,0.07534,0.05173,0.32832,0.06984,0.22324,0.20207,0.07483,0.10633,0.03785,0.07763,0.0105,0.3042,0.32123,0.121,0.22137,0.00032,0.07647,0.03526,0.05478,0.04794,0.00552,0.0294,0.04613,0.04751,0.10439,0.10044,0.09666,0.05662,0.12085,0.07924,0.14405,0.08239,0.00804
0.99939,0.99932,0.99927,0.99933,0.99923,0.99935,0.99918,0.99925,0.99931,0.99922,0.99923,0.99909,0.99915,0.99906,0.99909,0.99919,0.99908,0.99894,0.99907,0.99904,0.99921,0.99908,0.99888,0.99885,0.99898,0.99882,0.99865,0.99874,0.99873,0.99877,0.99857,0.99852,0.99867,0.99855,0.99863,0.99851,0.99826,0.9984,0.99803,0.99777,0.99803,0.99816,0.9975,0.9977,0.99754,0.99777,0.99764,0.9975,0.99739,0.9975,0.99678,0.99728,0.99725,0.99726,0.99655,0.99693,0.99681,0.99625,0.99635,0.99608,0.99644,0.99609,0.99586,0.99637,0.99586,0.99553,0.99547,0.9955,0.9948,0.99467,0.99443,0.99463,0.9946,0.99428,0.9943,0.99356,0.99443,0.99396,0.99305,0.99309,0.99342,0.99356,0.99285,0.99297,0.99144,0.99213,0.99146,0.99137,0.99056,0.99115,0.99168,0.9911,0.98981,0.98937,0.98992,0.98976,0.98976,0.98892,0.98909,0.98888,0.98873,0.98665,0.98589,0.98825,0.98623,0.98666,0.98423,0.98511,0.98579,0.98577,0.98451,0.98387,0.98351,0.98245,0.98406,0.9822,0.98146,0.98027,0.98121,0.98101,0.98138,0.97887,0.98075,0.97858,0.979,0.97847,0.9773,0.97475,0.97709,0.97761,0.97417,0.9748,0.97459,0.97349,0.97078,0.96973,0.97066,0.97334,0.97095,0.96871,0.9691,0.96761,0.96915,0.96594,0.96802,0.96109,0.9653,0.96279,0.96423,0.96262,0.96115,0.96111,0.95923,0.96239,0.9627,0.95373,0.957,0.95905,0.95127,0.95399,0.95384,0.95534,0.95009,0.95094,0.94798,0.94905,0.9441,0.94813,0.94641,0.94776,0.94144,0.94099,0.94015,0.93525,0.93602,0.93556,0.93427,0.93433,0.9313,0.93533,0.93084,0.92587,0.92497,0.92479,0.92781,0.92265,0.91546,0.92089,0.92218,0.90749,0.90448,0.90427,0.9078,0.90016,0.90425,0.90854,0.63218,0.90529,0.89868,0.89428,0.88692,0.89072,0.89572,0.88406,0.88633,0.88083,0.87768,0.87783,0.87579,0.86594,0.70125,0.86872,0.87378,0.85844,0.86369,0.86423,0.83935,0.85476,0.48535,0.84907,0.84756,0.83945,0.79198,0.53641,0.83747,0.81109,0.36522,0.81213,0.77639,0.68073,0.49256,0.13918,0.21739,0.81417,0.32815,0.71931,0.7601,0.59421,0.57142,0.06967,0.19026,0.33854,0.32392,0.59404,0.47816,0.10656,0.18277,0.43877,0.61471,0.04277,0.26834,0.11927,0.04703,0.18552,0.24196,0.02939,0.2247,0.26116,0.26812,0.21022,0.31003,0.23582,0.02576,0.25228,0.01016,0.13474,0.0084,0.17173,0.07534,0.05173,0.32832,0.06984,0.22324,0.20207,0.07483,0.10633,0.03785,0.07763,0.0105,0.3042,0.32123,0.121,0.22137,0.00032,0.07647,0.03526,0.05478,0.04794,0.00552,0.0294,0.04613,0.04751,0.10439,0.10044,0.09666,0.05662,0.12085,0.07924,0.14405,0.08239,0.00804
0.99937,0.99934,0.99941,0.99933,0.99932,0.99921,0.99933,0.99921,0.99924,0.9993,0.99927,0.99927,0.9993,0.99904,0.99901,0.99899,0.9992,0.99896,0.99891,0.99915,0.99886,0.99874,0.9987,0.99866,0.99856,0.99865,0.99877,0.9987,0.99878,0.99869,0.99855,0.99849,0.99856,0.99879,0.99817,0.99817,0.99783,0.99829,0.99817,0.99855,0.99817,0.99802,0.99778,0.99792,0.99781,0.99804,0.99774,0.99755,0.99784,0.99765,0.99699,0.997,0.99701,0.99698,0.99721,0.99672,0.99687,0.99632,0.99618,0.99663,0.99609,0.9959,0.99593,0.99558,0.9956,0.99501,0.99463,0.9951,0.9951,0.99458,0.99431,0.99455,0.99432,0.9939,0.99415,0.99322,0.99372,0.99361,0.99354,0.99312,0.99315,0.99244,0.99253,0.99193,0.99116,0.99175,0.99146,0.99161,0.99099,0.9905,0.99096,0.98981,0.9895,0.9906,0.98934,0.98915,0.98874,0.98946,0.98855,0.98826,0.98776,0.98906,0.98727,0.98656,0.98629,0.98647,0.98624,0.98654,0.98551,0.98554,0.98483,0.98418,0.98319,0.98141,0.98338,0.98419,0.9829,0.98164,0.98226,0.98038,0.98003,0.97972,0.97919,0.9796,0.97582,0.97612,0.97579,0.97914,0.9758,0.97531,0.97408,0.97392,0.97458,0.97468,0.97458,0.97154,0.97129,0.97194,0.9704,0.96954,0.96957,0.96629,0.96932,0.96542,0.96583,0.9656,0.96601,0.96399,0.96436,0.96535,0.96252,0.96101,0.95639,0.95664,0.95985,0.95958,0.95396,0.95537,0.95513,0.95577,0.95209,0.94802,0.95195,0.9483,0.95193,0.94746,0.94614,0.94335,0.94509,0.94127,0.94008,0.9412,0.94501,0.93217,0.93644,0.93577,0.93868,0.92887,0.93151,0.93326,0.93226,0.9303,0.92853,0.93198,0.93383,0.92525,0.91226,0.91912,0.92278,0.919,0.91583,0.89826,0.91358,0.91225,0.91185,0.91107,0.91087,0.89911,0.89991,0.89682,0.88406,0.87815,0.88825,0.90125,0.87146,0.86901,0.88589,0.87979,0.88363,0.63946,0.86847,0.41845,0.87312,0.84562,0.84714,0.86341,0.85488,0.85354,0.85931,0.83744,0.06365,0.83485,0.83961,0.69692,0.34668,0.28428,0.70417,0.79133,0.80461,0.37149,0.56948,0.08671,0.49044,0.81454,0.06551,0.26638,0.29783,0.78623,0.62673,0.57067,0.38189,0.30996,0.52774,0.74064,0.00545,0.54363,0.19121,0.43026,0.27518,0.19335,0.19258,0.12328,0.3382,0.25374,0.02152,0.04353,0.05154,0.3249,0.01529,0.28759,0.00795,0.21546,0.155,0.27764,0.26324,0.09351,0.13171,0.10033,0.04843,0.29433,0.22903,0.30055,0.12762,0.18185,0.0225,0.05631,0.22684,0.2254,0.17114,0.08151,0.11735,0.03639,0.01998,0.11456,0.01223,0.05257,0.1666,0.14284,0.16157,0.09803,0.03877,0.07136,0.02498,0.08577,0.03249,0.01586,0.09141,0.09233,0.08539,0.09597,0.08739
0.99941,0.99931,0.99926,0.99925,0.99932,0.99926,0.9993,0.99927,0.99927,0.99932,0.99918,0.99919,0.99905,0.99927,0.99907,0.99909,0.99906,0.99923,0.99909,0.99905,0.99903,0.99892,0.99884,0.99906,0.99901,0.99895,0.99882,0.9988,0.99882,0.99861,0.99865,0.99838,0.99854,0.99846,0.99854,0.99843,0.99799,0.99841,0.99805,0.99808,0.99814,0.99764,0.99766,0.99764,0.99803,0.99801,0.99756,0.99736,0.99742,0.99706,0.99756,0.99724,0.99676,0.99695,0.99709,0.99611,0.99677,0.99638,0.99628,0.99635,0.99645,0.99594,0.9956,0.99561,0.99598,0.99577,0.99573,0.99481,0.9952,0.99468,0.99521,0.99496,0.99449,0.99435,0.99406,0.99378,0.99371,0.99381,0.99374,0.99346,0.99283,0.99301,0.99238,0.99159,0.99135,0.99241,0.992,0.99122,0.9919,0.99072,0.99023,0.9909,0.98987,0.98983,0.99045,0.98991,0.98887,0.98802,0.98807,0.98802,0.98809,0.98827,0.98718,0.98504,0.98651,0.98696,0.9862,0.98564,0.98542,0.98501,0.98564,0.98444,0.98356,0.98282,0.98205,0.98148,0.98146,0.98249,0.98171,0.98063,0.97913,0.97995,0.97933,0.97724,0.97711,0.97722,0.97848,0.97672,0.97678,0.97452,0.97554,0.97519,0.97164,0.97321,0.9723,0.97115,0.97115,0.97105,0.9695,0.96966,0.96909,0.97085,0.96642,0.96485,0.96461,0.96517,0.96214,0.96325,0.96415,0.96235,0.96095,0.95969,0.96062,0.95729,0.9618,0.95751,0.95518,0.95547,0.95713,0.95733,0.95131,0.95302,0.95237,0.94861,0.95015,0.95211,0.94871,0.94323,0.9472,0.94227,0.94284,0.94378,0.94104,0.93828,0.93411,0.94146,0.93365,0.93859,0.93302,0.93664,0.93319,0.92934,0.92598,0.93046,0.9245,0.92344,0.92307,0.92058,0.90828,0.91941,0.90852,0.91493,0.91401,0.91219,0.90698,0.9065,0.89052,0.89984,0.89845,0.90087,0.89663,0.89482,0.88644,0.8791,0.87873,0.87385,0.87578,0.81259,0.86209,0.88178,0.87521,0.85175,0.5422,0.81775,0.23767,0.34382,0.29267,0.8595,0.11323,0.69494,0.70536,0.83569,0.05595,0.24035,0.38534,0.25998,0.25158,0.81938,0.40012,0.17203,0.78831,0.80856,0.60995,0.58637,0.12538,0.10143,0.09159,0.28822,0.26211,0.37854,0.23016,0.16971,0.31248,0.10191,0.70041,0.12924,0.36058,0.00629,0.13313,0.02352,0.21105,0.48113,0.05593,0.1504,0.3016,0.5115,0.15658,0.20687,0.23475,0.16226,0.36091,0.04651,0.24023,0.11428,0.05295,0.08719,0.04914,0.09708,0.0253,0.12435,0.04895,0.14733,0.26005,0.08032,0.07811,0.19043,0.1397,0.05186,0.18652,0.0871,0.06759,0.02353,0.06033,0.23425,0.08486,0.20857,0.11381,0.09713,0.02881,0.06365,0.04777,0.00496,0.01346,0.00166,0.10867,0.07892,0.01972,0.01234,0.11254,0.00363,0.00117
0.99946,0.99944,0.99943,0.99938,0.99947,0.99935,0.99936,0.99934,0.99917,0.99924,0.99913,0.99917,0.99909,0.99924,0.99921,0.99905,0.99906,0.999,0.99914,0.99906,0.99902,0.99894,0.99904,0.999,0.99888,0.99876,0.99878,0.9986,0.99852,0.99884,0.99872,0.9987,0.99821,0.99852,0.99832,0.99823,0.9982,0.99795,0.9983,0.99785,0.99798,0.99795,0.99807,0.99824,0.99762,0.99773,0.99764,0.9971,0.99705,0.99764,0.99702,0.99716,0.99709,0.99693,0.99663,0.99712,0.99701,0.99719,0.99648,0.9967,0.99631,0.99624,0.99587,0.99612,0.99566,0.99596,0.99539,0.99558,0.99542,0.99422,0.99475,0.9949,0.99466,0.99396,0.99396,0.99449,0.99402,0.99405,0.99332,0.99376,0.99324,0.99338,0.99308,0.9922,0.99289,0.99231,0.99137,0.9911,0.99146,0.99114,0.99036,0.9909,0.98951,0.9905,0.98996,0.99072,0.98956,0.98894,0.98818,0.98781,0.98844,0.98768,0.98673,0.98728,0.98473,0.98535,0.98646,0.98469,0.98407,0.98472,0.98462,0.98457,0.98292,0.98305,0.98273,0.98352,0.9815,0.98147,0.98139,0.9796,0.97994,0.97894,0.98097,0.97803,0.97761,0.97663,0.9772,0.97758,0.97484,0.97484,0.97466,0.97518,0.97458,0.9744,0.97229,0.97093,0.96963,0.97082,0.97019,0.97006,0.96818,0.96867,0.96674,0.96793,0.9654,0.96554,0.96547,0.96336,0.96462,0.96217,0.96375,0.96235,0.96084,0.96285,0.95473,0.95376,0.95602,0.95465,0.95571,0.95208,0.95671,0.95171,0.95418,0.94828,0.94719,0.94816,0.94245,0.94487,0.94615,0.93888,0.93923,0.94153,0.93565,0.93651,0.93864,0.93452,0.92999,0.93664,0.93096,0.92851,0.92771,0.92889,0.91801,0.91935,0.92452,0.92359,0.92567,0.9195,0.9126,0.91223,0.91752,0.90915,0.91269,0.90983,0.91048,0.90418,0.29697,0.90002,0.89702,0.89228,0.0229,0.88945,0.88935,0.88591,0.88102,0.78899,0.88595,0.87864,0.88,0.87181,0.86774,0.8609,0.86794,0.86104,0.78553,0.85348,0.86239,0.67942,0.86135,0.40027,0.82877,0.36826,0.37681,0.44754,0.82603,0.34248,0.70565,0.10002,0.77718,0.79519,0.61741,0.78985,0.82924,0.25694,0.78234,0.78241,0.38363,0.11135,0.62031,0.44398,0.1215,0.15588,0.26846,0.04306,0.62988,0.02474,0.29291,0.09278,0.45858,0.26082,0.21937,0.10297,0.64389,0.20764,0.18432,0.00031,0.0937,0.11427,0.25812,0.24908,0.03092,0.10685,0.21503,0.0106,0.51389,0.07666,0.07639,0.07458,0.30756,0.05925,0.02397,0.01885,0.00841,0.21259,0.05014,0.2335,0.02099,0.00159,0.11409,0.13815,0.18133,0.17542,0.0634,0.12236,0.1377,0.31547,0.07085,0.14525,0.03372,0.07379,0.12085,0.07779,0.04379,0.00791,0.11095,0.01709,0.01656,0.05433,0.0371,0.09857,0.10029
0.99932,0.99938,0.99929,0.99929,0.99923,0.99922,0.99927,0.9992,0.99938,0.99927,0.99925,0.99915,0.99934,0.9992,0.99926,0.99922,0.99918,0.99879,0.99913,0.99904,0.99898,0.99909,0.99889,0.99888,0.99889,0.99877,0.99873,0.99909,0.99861,0.99864,0.99868,0.99863,0.99866,0.9986,0.99842,0.99824,0.99849,0.9982,0.99805,0.998,0.99821,0.99803,0.9982,0.99766,0.99778,0.99763,0.99787,0.99764,0.99785,0.99747,0.99694,0.99725,0.997,0.99707,0.99716,0.997,0.99678,0.99666,0.99626,0.99603,0.99598,0.99573,0.99538,0.99587,0.99638,0.99513,0.99588,0.99528,0.99467,0.99393,0.99454,0.99494,0.99449,0.99454,0.99389,0.99361,0.99341,0.99359,0.9935,0.99395,0.99272,0.99284,0.99236,0.99183,0.99104,0.99197,0.99211,0.99214,0.99239,0.99062,0.99058,0.9898,0.99004,0.99021,0.98825,0.98914,0.98966,0.98964,0.98843,0.98807,0.98868,0.98636,0.98719,0.98631,0.98597,0.98675,0.98696,0.9837,0.98556,0.98497,0.98346,0.98398,0.98482,0.9817,0.9827,0.9815,0.98099,0.98278,0.9804,0.9806,0.97986,0.98107,0.97846,0.9784,0.97924,0.97576,0.9772,0.97821,0.97778,0.97301,0.97453,0.97366,0.97332,0.9734,0.9751,0.97208,0.97363,0.9696,0.97054,0.96829,0.9675,0.96855,0.96776,0.96588,0.96501,0.96549,0.96403,0.96775,0.96426,0.96333,0.96213,0.95894,0.96102,0.95907,0.95705,0.95854,0.9587,0.95448,0.95415,0.95325,0.95317,0.9523,0.94324,0.94716,0.95047,0.95077,0.94899,0.94549,0.94663,0.94198,0.94258,0.94406,0.94218,0.94111,0.94142,0.93878,0.93613,0.93195,0.92999,0.93129,0.92627,0.92549,0.92403,0.92276,0.92798,0.92884,0.92611,0.91734,0.90998,0.91062,0.44357,0.90652,0.91097,0.91493,0.91069,0.1996,0.90085,0.91256,0.8977,0.89884,0.89105,0.89531,0.88791,0.88581,0.88988,0.87721,0.89474,0.8906,0.87797,0.87948,0.03344,0.87287,0.87201,0.86786,0.71647,0.87196,0.85489,0.52778,0.85189,0.85143,0.19358,0.82136,0.52241,0.51116,0.82825,0.10596,0.7263,0.2234,0.38603,0.35662,0.06207,0.79916,0.80931,0.24849,0.45468,0.15115,0.17119,0.03223,0.09068,0.08583,0.67233,0.37819,0.51363,0.23849,0.14078,0.06437,0.34519,0.40409,0.32803,0.36373,0.20701,0.15345,0.63307,0.03067,0.44283,0.10263,0.33319,0.06095,0.45362,0.17298,0.26231,0.06667,0.00435,0.37617,0.0787,0.07908,0.10545,0.05889,0.13945,0.05813,0.034,0.03874,0.09648,0.0036,0.01621,0.08657,0.03364,0.09479,0.05184,0.03302,0.06292,0.05511,0.16874,0.05533,0.04007,0.06872,0.04096,0.00973,0.09844,0.07292,0.06258,0.08129,0.16222,0.25894,0.04616,0.01778,0.02494,0.0448,0.00736,0.01401,0.08926
0.99935,0.99917,0.99937,0.99928,0.99938,0.99937,0.99931,0.99917,0.99935,0.99916,0.99932,0.99922,0.99905,0.99909,0.99904,0.99918,0.99919,0.99921,0.99915,0.99897,0.99912,0.99887,0.99898,0.99915,0.99899,0.99892,0.9988,0.99878,0.99878,0.99859,0.99871,0.9986,0.99863,0.99835,0.9983,0.99799,0.99841,0.99821,0.99776,0.99752,0.99789,0.99824,0.99788,0.99796,0.99795,0.99805,0.99785,0.99754,0.99723,0.99749,0.99722,0.99712,0.9971,0.99724,0.99685,0.99718,0.99648,0.997,0.9965,0.99639,0.99639,0.99581,0.9955,0.99611,0.99591,0.99553,0.99592,0.99514,0.99476,0.99507,0.99511,0.99447,0.99393,0.99484,0.99465,0.9941,0.99415,0.9942,0.9933,0.99363,0.99349,0.99297,0.99227,0.99191,0.99245,0.99196,0.99216,0.9913,0.99173,0.9908,0.98989,0.99128,0.99038,0.99011,0.99048,0.98884,0.98872,0.98803,0.98947,0.98707,0.98755,0.98665,0.98591,0.98754,0.98623,0.98629,0.98482,0.98566,0.98491,0.98461,0.98413,0.98371,0.98424,0.98323,0.98372,0.98246,0.98082,0.98061,0.98077,0.98181,0.98072,0.97989,0.98009,0.97995,0.9772,0.97752,0.97863,0.97668,0.97533,0.97588,0.97601,0.97534,0.97481,0.97149,0.97578,0.973,0.97076,0.97181,0.96925,0.96893,0.96855,0.96692,0.96923,0.96516,0.96555,0.9654,0.96333,0.96357,0.96108,0.96064,0.96044,0.96083,0.9613,0.95845,0.95967,0.9579,0.95745,0.95243,0.95619,0.95647,0.9529,0.95442,0.95204,0.95047,0.94912,0.94842,0.94543,0.94641,0.94534,0.94177,0.94208,0.9411,0.93942,0.93498,0.93107,0.93875,0.93472,0.92304,0.93098,0.93645,0.9249,0.93326,0.92329,0.92222,0.92862,0.91731,0.91767,0.91733,0.91782,0.91458,0.91388,0.90837,0.90388,0.9103,0.90503,0.90614,0.88387,0.88896,0.89872,0.89723,0.89294,0.88875,0.89553,0.88949,0.88991,0.8886,0.86539,0.87104,0.87874,0.86584,0.51205,0.51002,0.57577,0.86503,0.85801,0.86102,0.87149,0.68891,0.84432,0.4962,0.02982,0.84608,0.10365,0.83291,0.82833,0.50319,0.41891,0.62739,0.41749,0.15635,0.57266,0.11204,0.14224,0.5911,0.63085,0.50798,0.05713,0.13538,0.15258,0.68553,0.0867,0.32809,0.28087,0.4357,0.28189,0.19449,0.39824,0.29289,0.27183,0.1687,0.25442,0.36503,0.24788,0.11804,0.38861,0.03531,0.14645,0.00276,0.14081,0.26385,0.05797,0.03044,0.02747,0.10931,0.21081,0.15211,0.24491,0.0252,0.32653,0.12039,0.31048,0.04552,0.2121,0.1614,0.1991,0.14571,0.08416,0.3082,0.19397,0.21809,0.15808,0.06372,0.18914,0.17606,0.20526,0.17015,0.0302,0.0069,0.03849,0.08272,0.01807,0.06019,0.03051,0.07245,0.01363,0.13481,0.02083,0.03502,0.03188,0.03165,0.0562
0.99938,0.99929,0.99936,0.9993,0.99942,0.99933,0.9993,0.99931,0.99925,0.99927,0.9992,0.99931,0.99908,0.99906,0.9993,0.99903,0.99912,0.99914,0.99899,0.99892,0.99901,0.99898,0.99913,0.99874,0.99876,0.99876,0.99881,0.99881,0.99838,0.99866,0.9985,0.99869,0.99829,0.99853,0.99846,0.99799,0.99818,0.99811,0.99835,0.99823,0.99786,0.99799,0.99801,0.99754,0.99736,0.99782,0.99734,0.99783,0.9972,0.99764,0.99725,0.99718,0.99685,0.99683,0.9973,0.99673,0.99661,0.99657,0.99623,0.9965,0.99646,0.99589,0.99594,0.99623,0.99582,0.99586,0.99546,0.99436,0.99484,0.99477,0.99509,0.99449,0.9944,0.99485,0.99439,0.99455,0.99412,0.99417,0.9934,0.99316,0.9927,0.99275,0.99162,0.99305,0.99191,0.99137,0.99087,0.99176,0.9908,0.99167,0.99038,0.9899,0.99032,0.99019,0.9896,0.98983,0.98998,0.99013,0.98845,0.98803,0.98752,0.98789,0.98701,0.98685,0.9866,0.98594,0.98665,0.98596,0.98595,0.9843,0.98473,0.98421,0.98355,0.98347,0.9814,0.98291,0.98234,0.98158,0.98209,0.98125,0.9808,0.9793,0.97854,0.97725,0.97785,0.97703,0.9779,0.97559,0.97713,0.97595,0.97698,0.97521,0.97444,0.97429,0.97244,0.9703,0.96648,0.97149,0.97094,0.96971,0.9697,0.9695,0.96679,0.96724,0.9641,0.96313,0.96126,0.96675,0.96333,0.96185,0.96392,0.9621,0.95997,0.96025,0.95885,0.95757,0.95878,0.95673,0.9537,0.94931,0.95193,0.95425,0.94847,0.95067,0.94788,0.94774,0.94104,0.94512,0.94814,0.94588,0.94453,0.94201,0.93917,0.94116,0.93592,0.93688,0.9334,0.93618,0.93221,0.93575,0.92785,0.92874,0.9265,0.9267,0.92062,0.92895,0.91458,0.91763,0.91344,0.9149,0.91265,0.90416,0.90794,0.91285,0.90531,0.89758,0.89615,0.89521,0.89734,0.88841,0.89431,0.89,0.86169,0.88777,0.87373,0.88183,0.75679,0.88405,0.88395,0.86781,0.87374,0.59766,0.86447,0.85815,0.86243,0.1255,0.85911,0.6958,0.84946,0.81967,0.14934,0.51573,0.8354,0.46802,0.65937,0.81307,0.47994,0.13681,0.54817,0.82369,0.79922,0.33951,0.53487,0.76751,0.77576,0.60568,0.07737,0.3941,0.02057,0.30905,0.77995,0.3593,0.20938,0.0054,0.22384,0.24712,0.12296,0.11953,0.3044,0.25534,0.57287,0.23333,0.08527,0.25901,0.0773,0.25311,0.04086,0.13606,0.45478,0.22415,0.13929,0.10538,0.23465,0.24544,0.09745,0.00443,0.07702,0.32214,0.26971,0.14044,0.00767,0.03829,0.07963,0.15465,0.28777,0.04651,0.13438,0.04107,0.00655,0.00892,0.06814,0.02356,0.08874,0.00356,0.10095,0.15539,0.06528,0.07197,0.15753,0.04181,0.10224,0.06332,0.03995,0.01949,0.12042,0.02357,0.0657,0.00954,0.07787,0.02418,0.04603
0.99941,0.99941,0.99935,0.9993,0.99942,0.99912,0.99924,0.99937,0.99924,0.99913,0.99923,0.99899,0.99924,0.99898,0.99915,0.99919,0.99912,0.99906,0.99909,0.99909,0.99903,0.99891,0.99886,0.99898,0.99908,0.99881,0.99889,0.99854,0.9988,0.99856,0.99869,0.9986,0.99834,0.9985,0.9984,0.99857,0.99809,0.99823,0.99821,0.9979,0.99769,0.99796,0.99766,0.998,0.99784,0.99812,0.99777,0.99785,0.9969,0.99755,0.99722,0.99748,0.99708,0.99699,0.99664,0.99652,0.99658,0.9964,0.99651,0.9966,0.99635,0.99619,0.9958,0.99564,0.99582,0.99493,0.99589,0.99533,0.99549,0.99488,0.99509,0.99445,0.99435,0.99368,0.99346,0.99374,0.99372,0.99351,0.99355,0.99316,0.9929,0.99341,0.99332,0.99219,0.99211,0.99231,0.99135,0.99165,0.99086,0.98997,0.99021,0.98966,0.98918,0.99018,0.99017,0.98966,0.98969,0.9882,0.98715,0.98801,0.98845,0.98803,0.98793,0.98612,0.9852,0.98665,0.9859,0.985,0.98564,0.98387,0.9846,0.98547,0.98258,0.98291,0.98388,0.98218,0.9823,0.98199,0.98319,0.98158,0.98023,0.9798,0.98013,0.97732,0.97877,0.9785,0.97553,0.97546,0.97539,0.97607,0.97537,0.97206,0.97296,0.9732,0.97126,0.9753,0.97156,0.97109,0.97153,0.97054,0.96994,0.96664,0.96969,0.96628,0.96769,0.96508,0.96522,0.96421,0.95964,0.95989,0.96221,0.96168,0.95812,0.95925,0.95773,0.95802,0.96096,0.95653,0.95497,0.95682,0.95177,0.94919,0.95183,0.95326,0.95049,0.94749,0.9479,0.94591,0.9434,0.94356,0.94346,0.93841,0.93284,0.93975,0.94037,0.93344,0.93809,0.28369,0.93374,0.93092,0.93105,0.92418,0.93299,0.92208,0.92551,0.92462,0.91922,0.91714,0.91502,0.91589,0.91229,0.90616,0.90945,0.90012,0.90329,0.89086,0.90969,0.90331,0.90025,0.90062,0.8841,0.89105,0.89352,0.90122,0.87418,0.88518,0.09689,0.86139,0.42481,0.87076,0.8792,0.38171,0.63329,0.6559,0.8605,0.84905,0.86831,0.86655,0.84945,0.63455,0.06464,0.09237,0.84169,0.84593,0.1544,0.32417,0.67986,0.55088,0.43154,0.80233,0.11886,0.46521,0.3781,0.41616,0.79694,0.14114,0.23136,0.1645,0.60125,0.6408,0.44855,0.23921,0.011,0.14827,0.60424,0.04506,0.0519,0.04643,0.27808,0.09064,0.3613,0.22902,0.1586,0.10615,0.19519,0.00215,0.04702,0.25942,0.0075,0.22126,0.31735,0.23877,0.21574,0.1673,0.17164,0.26084,0.16697,0.2182,0.1083,0.01847,0.31067,0.28584,0.03295,0.18839,0.15411,0.03592,0.14968,0.0025,0.11942,0.04333,0.22904,0.04864,0.17183,0.21543,0.1585,0.08742,0.17215,0.23808,0.19347,0.0446,0.04488,0.01069,0.04144,0.1869,0.0546,0.00834,0.06705,0.13975,0.04412,0.04687,0.10707
0.99939,0.99936,0.99929,0.99938,0.99926,0.9993,0.99921,0.99935,0.99915,0.99923,0.99921,0.99932,0.9993,0.99934,0.99916,0.99928,0.9993,0.99923,0.99903,0.99907,0.99918,0.99895,0.99884,0.99901,0.99895,0.9988,0.99875,0.99867,0.99866,0.99851,0.99873,0.99872,0.99831,0.99854,0.99807,0.9983,0.99841,0.99814,0.99817,0.99808,0.99812,0.99796,0.9976,0.99799,0.99774,0.99788,0.99761,0.99761,0.99761,0.99704,0.99705,0.99745,0.99717,0.99736,0.99723,0.99672,0.9968,0.99704,0.99641,0.99634,0.99605,0.99642,0.99641,0.99632,0.99512,0.99552,0.99565,0.99551,0.99538,0.99491,0.99448,0.99439,0.99411,0.99366,0.99425,0.99392,0.99372,0.99388,0.99397,0.99294,0.99291,0.99293,0.99235,0.99205,0.99242,0.99124,0.99266,0.99117,0.99097,0.99064,0.9914,0.99138,0.98969,0.99013,0.98988,0.98913,0.98938,0.98837,0.98866,0.98807,0.98825,0.98753,0.98724,0.98662,0.98628,0.9853,0.9854,0.98505,0.98485,0.98429,0.98438,0.98295,0.98456,0.98323,0.98313,0.98198,0.98269,0.98192,0.97975,0.97965,0.98053,0.9787,0.97734,0.97818,0.97768,0.97833,0.97765,0.97581,0.97664,0.97538,0.97554,0.97511,0.97409,0.97191,0.97072,0.97158,0.97162,0.97079,0.97198,0.96878,0.9686,0.96645,0.96851,0.96528,0.9672,0.96656,0.96515,0.96541,0.96252,0.96311,0.95946,0.96084,0.96,0.96014,0.96085,0.95357,0.96083,0.95683,0.95867,0.95623,0.95593,0.94028,0.95075,0.94626,0.24222,0.94966,0.94969,0.94532,0.92722,0.94014,0.93515,0.94052,0.93774,0.9395,0.94017,0.93984,0.93659,0.93111,0.92936,0.91725,0.93138,0.92888,0.93144,0.92051,0.92382,0.92522,0.91949,0.92024,0.92079,0.91605,0.90394,0.91412,0.91001,0.90815,0.2377,0.54264,0.8949,0.89769,0.89446,0.90052,0.90092,0.5721,0.89528,0.88355,0.87521,0.75568,0.87142,0.88283,0.59877,0.87106,0.88352,0.87362,0.21434,0.83323,0.86109,0.87509,0.85665,0.84654,0.41755,0.85647,0.84869,0.14016,0.18236,0.00101,0.8305,0.12986,0.52864,0.70563,0.49244,0.29394,0.54345,0.08628,0.81073,0.50018,0.11438,0.01342,0.76196,0.21871,0.76791,0.32305,0.08039,0.26124,0.2265,0.03791,0.14199,0.35635,0.22018,0.07044,0.65358,0.25492,0.15759,0.2464,0.18323,0.05691,0.18107,0.26258,0.14036,0.04548,0.04091,0.24595,0.18277,0.02389,0.48548,0.21809,0.20438,0.16493,0.13035,0.02941,0.0589,0.0242,0.06788,0.10717,0.04074,0.11342,0.04683,0.19891,0.23054,0.01945,0.00075,0.17504,0.05975,0.08222,0.06116,0.28873,0.14641,0.08313,0.12131,0.00118,0.03266,0.07375,0.22477,0.06221,0.01936,0.08711,0.12756,0.28807,0.04354,0.04671,0.02706,0.09365,0.10191
0.99935,0.99924,0.99943,0.99937,0.9993,0.99934,0.99935,0.9991,0.99935,0.99939,0.99929,0.99936,0.99913,0.999,0.99941,0.9992,0.99913,0.99904,0.9991,0.99918,0.99886,0.99891,0.99889,0.99883,0.9987,0.99882,0.99869,0.99867,0.9987,0.99874,0.99859,0.99861,0.99835,0.99828,0.99839,0.99847,0.99831,0.99817,0.9983,0.99794,0.99789,0.99827,0.99789,0.99768,0.99786,0.99785,0.9982,0.99745,0.99707,0.99765,0.9975,0.99722,0.99729,0.9973,0.99696,0.99688,0.99727,0.99661,0.99629,0.99605,0.99622,0.99606,0.9957,0.99537,0.99632,0.99573,0.99526,0.9954,0.99472,0.99537,0.99499,0.99406,0.99342,0.99411,0.99487,0.99389,0.99462,0.99334,0.99366,0.99228,0.9928,0.99237,0.99282,0.99348,0.99165,0.99139,0.99191,0.99067,0.99101,0.99077,0.98987,0.99036,0.99085,0.99059,0.9898,0.98973,0.9894,0.98887,0.98844,0.9888,0.98682,0.98736,0.9878,0.98747,0.98677,0.98617,0.98666,0.98514,0.98452,0.98472,0.98539,0.98429,0.98442,0.98501,0.98417,0.98241,0.9801,0.98058,0.98113,0.97992,0.97843,0.97719,0.97903,0.9792,0.97854,0.977,0.9802,0.97586,0.97633,0.97559,0.97645,0.97563,0.97239,0.97376,0.97312,0.97199,0.96972,0.97153,0.97128,0.97003,0.97038,0.96691,0.96835,0.96447,0.96808,0.96472,0.96781,0.96376,0.96103,0.96228,0.96259,0.96172,0.95794,0.95857,0.95576,0.95824,0.95919,0.95017,0.95599,0.95337,0.95312,0.95169,0.94928,0.95323,0.94562,0.94789,0.94811,0.94449,0.93914,0.94064,0.94343,0.94326,0.93914,0.92997,0.93765,0.93647,0.9254,0.93405,0.93414,0.92571,0.92443,0.91826,0.92482,0.92375,0.92083,0.926,0.9244,0.91793,0.53679,0.92096,0.90866,0.91276,0.90591,0.90798,0.90946,0.89267,0.9043,0.90712,0.90221,0.89903,0.87428,0.89329,0.40647,0.88158,0.85509,0.87484,0.89255,0.85147,0.11997,0.86287,0.85907,0.86895,0.87893,0.876,0.03958,0.66836,0.86108,0.85148,0.09489,0.03714,0.79585,0.82763,0.79668,0.82007,0.82715,0.0735,0.03024,0.55836,0.27134,0.31732,0.33036,0.60701,0.61442,0.57257,0.79924,0.21561,0.73808,0.10726,0.24544,0.77361,0.21465,0.04712,0.18772,0.49371,0.29146,0.34434,0.64147,0.62225,0.2434,0.03018,0.17899,0.44432,0.36533,0.05104,0.55108,0.0277,0.13799,0.20396,0.05748,0.04673,0.18365,0.09639,0.10412,0.22419,0.27212,0.24259,0.07409,0.31216,0.03491,0.00815,0.02265,0.22581,0.05685,0.02155,0.02959,0.10989,0.22523,0.2355,0.17424,0.35195,0.00357,0.07703,0.18179,0.05088,0.13871,0.11454,0.08294,0.04752,0.17372,0.20889,0.0373,0.0476,0.03103,0.09159,0.04527,0.0248,0.0412,0.28775,0.05749,0.04425,0.08211
0.9994,0.99937,0.99932,0.99937,0.99913,0.99939,0.99932,0.99908,0.99926,0.99924,0.9992,0.99923,0.99922,0.99921,0.9991,0.999,0.99917,0.99917,0.99897,0.99906,0.99884,0.99905,0.99903,0.99891,0.99885,0.99872,0.99868,0.99877,0.99885,0.99874,0.99863,0.99848,0.99849,0.99831,0.99829,0.99843,0.99849,0.99834,0.99844,0.9982,0.99849,0.99794,0.99791,0.99799,0.99737,0.99768,0.99731,0.99765,0.99745,0.99741,0.99766,0.99702,0.99705,0.99709,0.99673,0.99668,0.99714,0.9967,0.99652,0.99631,0.99626,0.99592,0.99576,0.99592,0.99546,0.9953,0.99531,0.99561,0.99529,0.9949,0.99488,0.99432,0.99412,0.99449,0.99372,0.9941,0.99423,0.99405,0.99415,0.9937,0.99281,0.99298,0.99219,0.99226,0.99181,0.99139,0.99096,0.99196,0.99109,0.99125,0.99132,0.9903,0.98945,0.98987,0.99006,0.98814,0.9892,0.98878,0.98861,0.98845,0.98761,0.987,0.98663,0.98698,0.98587,0.98632,0.98579,0.98643,0.98441,0.98527,0.98477,0.9832,0.98363,0.98384,0.98229,0.9835,0.98158,0.98097,0.98177,0.98059,0.98099,0.97884,0.9799,0.97871,0.97963,0.97872,0.97698,0.97689,0.97741,0.97691,0.97574,0.97545,0.97184,0.97269,0.97004,0.97311,0.97206,0.97048,0.97183,0.96989,0.96975,0.96602,0.96627,0.96986,0.96464,0.96547,0.96385,0.9644,0.96472,0.96154,0.96,0.96118,0.95731,0.96017,0.95669,0.95926,0.95924,0.955,0.95423,0.95133,0.94718,0.95238,0.95167,0.94763,0.95225,0.94678,0.94504,0.94646,0.9426,0.94347,0.94007,0.94208,0.93893,0.93859,0.93565,0.93834,0.93553,0.92368,0.9336,0.92899,0.92395,0.92986,0.92181,0.92029,0.9207,0.9186,0.91957,0.91725,0.91757,0.923,0.9145,0.91667,0.9068,0.9194,0.9092,0.90354,0.89383,0.90969,0.89913,0.88988,0.89569,0.89293,0.89556,0.28976,0.88654,0.86749,0.86228,0.88156,0.87781,0.86902,0.86582,0.7754,0.86207,0.18937,0.85256,0.85571,0.84806,0.74704,0.84436,0.83982,0.8301,0.82635,0.82673,0.25935,0.33035,0.82013,0.83493,0.62616,0.39874,0.79551,0.11811,0.41434,0.79929,0.65905,0.50582,0.01553,0.37083,0.77168,0.39608,0.0746,0.35089,0.32669,0.28978,0.27852,0.49131,0.69393,0.04436,0.01767,0.18562,0.0231,0.03475,0.42938,0.62203,0.18079,0.37004,0.36069,0.28098,0.14842,0.28449,0.38799,0.09219,0.01402,0.24587,0.08016,0.112,0.0273,0.04734,0.10163,0.18996,0.04516,0.06773,0.18522,0.41406,0.53541,0.0778,0.03039,0.09559,0.15614,0.07874,0.22332,0.22615,0.19178,0.20274,0.23425,0.00067,0.10152,0.09385,0.11374,0.11215,0.0443,0.18712,0.05554,0.124,0.129,0.07503,0.03993,0.05843,0.0591,0.02922,0.04954,0.0389
0.99943,0.99943,0.99931,0.99943,0.99938,0.99922,0.9993,0.99886,0.99927,0.99929,0.99924,0.99901,0.99927,0.99933,0.99914,0.9991,0.99914,0.99893,0.99908,0.99896,0.99917,0.99916,0.99893,0.99894,0.99875,0.99861,0.99879,0.99875,0.99877,0.99851,0.99868,0.99871,0.99847,0.99837,0.99836,0.99834,0.99837,0.99837,0.99815,0.99797,0.99815,0.99809,0.99792,0.99842,0.99772,0.99751,0.99754,0.99752,0.99756,0.99726,0.99749,0.99767,0.99709,0.99677,0.99703,0.99717,0.99696,0.99725,0.99624,0.99609,0.99594,0.99573,0.99537,0.99552,0.99604,0.99555,0.9953,0.99534,0.99556,0.99452,0.99463,0.99448,0.99457,0.9946,0.99433,0.99358,0.99408,0.99323,0.99309,0.99334,0.99328,0.99221,0.9929,0.99285,0.99224,0.992,0.99115,0.99115,0.9908,0.99099,0.99138,0.99125,0.99089,0.98961,0.99006,0.99036,0.98966,0.98896,0.98813,0.98809,0.98874,0.98758,0.98573,0.98716,0.98618,0.98517,0.98604,0.98689,0.98583,0.98437,0.98542,0.98214,0.98351,0.98319,0.9828,0.98301,0.9795,0.981,0.98079,0.9818,0.98005,0.98048,0.98074,0.97993,0.97909,0.97655,0.97704,0.97638,0.97569,0.97587,0.97506,0.97325,0.97378,0.97552,0.97239,0.97283,0.97026,0.96803,0.96964,0.96965,0.96789,0.96655,0.96774,0.96732,0.96698,0.96828,0.96428,0.96615,0.96202,0.96242,0.96194,0.96131,0.96056,0.9591,0.9587,0.9594,0.95921,0.95479,0.95681,0.95337,0.9516,0.95345,0.95316,0.94714,0.5231,0.94873,0.94763,0.94663,0.94578,0.94383,0.94328,0.93379,0.94087,0.93666,0.93743,0.93731,0.935,0.93274,0.92562,0.92992,0.92974,0.92683,0.92089,0.9303,0.92357,0.92069,0.91844,0.91406,0.91953,0.90742,0.90968,0.91015,0.90479,0.91202,0.89709,0.90936,0.53331,0.51961,0.90396,0.62337,0.88281,0.89625,0.88502,0.88446,0.88736,0.85279,0.70277,0.47367,0.86293,0.26236,0.56755,0.87049,0.85188,0.85338,0.60581,0.59092,0.84691,0.5273,0.8385,0.84219,0.71873,0.07846,0.10522,0.04296,0.2599,0.81915,0.1647,0.8141,0.05601,0.6304,0.13632,0.7978,0.33066,0.03147,0.47379,0.68677,0.22137,0.65841,0.18309,0.4829,0.0798,0.20223,0.34528,0.19782,0.29029,0.10642,0.26035,0.45173,0.24177,0.24782,0.29654,0.32349,0.06864,0.38986,0.28716,0.0904,0.14705,0.32529,0.02777,0.06704,0.42313,0.21001,0.03673,0.3098,0.43782,0.41628,0.10168,0.00585,0.33107,0.0863,0.03022,0.38038,0.03576,0.13522,0.21259,0.13002,0.01472,0.07887,0.1745,0.23036,0.17209,0.17089,0.04072,0.01617,0.18217,0.06731,0.03247,0.04566,0.06462,0.0746,0.01569,0.11521,0.17324,0.01521,0.11601,0.06902,0.08227,0.10382,0.10375,0.17489,0.05711
0.99944,0.99926,0.99945,0.99928,0.99935,0.99929,0.99926,0.9993,0.99914,0.99931,0.99928,0.99919,0.99926,0.99925,0.99925,0.99914,0.99928,0.9992,0.99894,0.99889,0.99893,0.99887,0.99899,0.99902,0.99888,0.9986,0.99893,0.99884,0.99888,0.99857,0.99868,0.99835,0.99855,0.99816,0.99839,0.99863,0.99848,0.99822,0.99818,0.99831,0.99814,0.99837,0.99801,0.99744,0.99779,0.9977,0.99761,0.99767,0.99756,0.99764,0.9972,0.99705,0.99723,0.99703,0.99674,0.99703,0.99637,0.99691,0.99653,0.99646,0.99608,0.99635,0.99566,0.9958,0.99584,0.99557,0.99534,0.99459,0.99555,0.99481,0.99469,0.99424,0.99463,0.99407,0.99421,0.9942,0.99372,0.99362,0.99361,0.99277,0.99273,0.99309,0.99265,0.99302,0.99168,0.9919,0.99185,0.99194,0.99108,0.99089,0.99047,0.99035,0.99001,0.98952,0.98919,0.9904,0.98835,0.98896,0.98825,0.98849,0.9872,0.98671,0.9879,0.98639,0.98619,0.98651,0.98421,0.98641,0.98433,0.98437,0.98393,0.98396,0.98348,0.98322,0.98352,0.98255,0.98252,0.98128,0.98169,0.98146,0.98015,0.9803,0.97848,0.97956,0.97791,0.97769,0.97644,0.97867,0.97648,0.97591,0.97444,0.97593,0.97277,0.97258,0.97288,0.97492,0.96951,0.97066,0.96903,0.96855,0.96909,0.96789,0.96737,0.9654,0.96537,0.96607,0.96662,0.96298,0.96298,0.96155,0.96379,0.96283,0.96117,0.95994,0.95645,0.96193,0.95694,0.95784,0.95663,0.95662,0.95497,0.95294,0.95116,0.95204,0.94593,0.94545,0.94093,0.94447,0.94773,0.9403,0.94257,0.94294,0.94122,0.94147,0.93004,0.93159,0.93906,0.93709,0.93268,0.9181,0.92578,0.92388,0.92994,0.92371,0.92646,0.92289,0.91825,0.9119,0.91718,0.90647,0.9165,0.91208,0.91803,0.90405,0.90156,0.90126,0.8995,0.90066,0.90714,0.21485,0.89452,0.89185,0.87727,0.8814,0.89485,0.88597,0.8699,0.71619,0.85824,0.86904,0.55485,0.87199,0.86765,0.14248,0.23489,0.86767,0.81251,0.8509,0.84664,0.5713,0.82545,0.83404,0.46601,0.79779,0.23249,0.8219,0.42343,0.78745,0.61296,0.79303,0.7832,0.00557,0.62345,0.76323,0.08205,0.524,0.35018,0.25198,0.50444,0.47496,0.75711,0.75798,0.26665,0.05519,0.0022,0.43597,0.45423,0.41467,0.00436,0.34986,0.67408,0.1533,0.29254,0.40076,0.03974,0.06199,0.43501,0.14427,0.02923,0.14941,0.27547,0.06645,0.36377,0.0893,0.14255,0.13828,0.36073,0.38329,0.24882,0.04881,0.14093,0.02065,0.0764,0.156,0.03673,0.30962,0.15126,0.02964,0.07765,0.25566,0.03203,0.09759,0.0307,0.22408,0.07076,0.1079,0.1249,0.06286,0.06053,0.10526,0.05114,0.071,0.16781,0.08293,0.12631,0.13809,0.15531,0.01324,0.02878,0.01014,0.05463
0.99939,0.99932,0.99927,0.99933,0.99923,0.99935,0.99918,0.99925,0.99931,0.99922,0.99923,0.99909,0.99915,0.99906,0.99909,0.99919,0.99908,0.99894,0.99907,0.99904,0.99921,0.99908,0.99888,0.99885,0.99898,0.99882,0.99865,0.99874,0.99873,0.99877,0.99857,0.99852,0.99867,0.99855,0.99863,0.99851,0.99826,0.9984,0.99803,0.99777,0.99803,0.99816,0.9975,0.9977,0.99754,0.99777,0.99764,0.9975,0.99739,0.9975,0.99678,0.99728,0.99725,0.99726,0.99655,0.99693,0.99681,0.99625,0.99635,0.99608,0.99644,0.99609,0.99586,0.99637,0.99586,0.99553,0.99547,0.9955,0.9948,0.99467,0.99443,0.99463,0.9946,0.99428,0.9943,0.99356,0.99443,0.99396,0.99305,0.99309,0.99342,0.99356,0.99285,0.99297,0.99144,0.99213,0.99146,0.99137,0.99056,0.99115,0.99168,0.9911,0.98981,0.98937,0.98992,0.98976,0.98976,0.98892,0.98909,0.98888,0.98873,0.98665,0.98589,0.98825,0.98623,0.98666,0.98423,0.98511,0.98579,0.98577,0.98451,0.98387,0.98351,0.98245,0.98406,0.9822,0.98146,0.98027,0.98121,0.98101,0.98138,0.97887,0.98075,0.97858,0.979,0.97847,0.9773,0.97475,0.97709,0.97761,0.97417,0.9748,0.97459,0.97349,0.97078,0.96973,0.97066,0.97334,0.97095,0.96871,0.9691,0.96761,0.96915,0.96594,0.96802,0.96109,0.9653,0.96279,0.96423,0.96262,0.96115,0.96111,0.95923,0.96239,0.9627,0.95373,0.957,0.95905,0.95127,0.95399,0.95384,0.95534,0.95009,0.95094,0.94798,0.94905,0.9441,0.94813,0.94641,0.94776,0.94144,0.94099,0.94015,0.93525,0.93602,0.93556,0.93427,0.93433,0.9313,0.93533,0.93084,0.92587,0.92497,0.92479,0.92781,0.92265,0.91546,0.92089,0.92218,0.90749,0.90448,0.90427,0.9078,0.90016,0.90425,0.90854,0.63218,0.90529,0.89868,0.89428,0.88692,0.89072,0.89572,0.88406,0.88633,0.88083,0.87768,0.87783,0.87579,0.86594,0.70125,0.86872,0.87378,0.85844,0.86369,0.86423,0.83935,0.85476,0.48535,0.84907,0.84756,0.83945,0.79198,0.53641,0.83747,0.81109,0.36522,0.81213,0.77639,0.68073,0.49256,0.13918,0.21739,0.81417,0.32815,0.71931,0.7601,0.59421,0.57142,0.06967,0.19026,0.33854,0.32392,0.59404,0.47816,0.10656,0.18277,0.43877,0.61471,0.04277,0.26834,0.11927,0.04703,0.18552,0.24196,0.02939,0.2247,0.26116,0.26812,0.21022,0.31003,0.23582,0.02576,0.25228,0.01016,0.13474,0.0084,0.17173,0.07534,0.05173,0.32832,0.06984,0.22324,0.20207,0.07483,0.10633,0.03785,0.07763,0.0105,0.3042,0.32123,0.121,0.22137,0.00032,0.07647,0.03526,0.05478,0.04794,0.00552,0.0294,0.04613,0.04751,0.10439,0.10044,0.09666,0.05662,0.12085,0.07924,0.14405,0.08239,0.00804
0.99933,0.99938,0.99937,0.99929,0.99928,0.99917,0.99931,0.99917,0.9992,0.99926,0.99925,0.99925,0.99926,0.99902,0.99899,0.99903,0.99924,0.99898,0.99887,0.99913,0.99884,0.99876,0.99866,0.99862,0.99854,0.99861,0.99875,0.99866,0.99876,0.99865,0.99851,0.99847,0.99854,0.99877,0.99821,0.99813,0.99787,0.99825,0.99815,0.99851,0.99813,0.998,0.9978,0.99794,0.99777,0.998,0.9977,0.99753,0.9978,0.99763,0.99697,0.99704,0.99705,0.99696,0.99717,0.99668,0.99685,0.99628,0.9962,0.99659,0.99613,0.99588,0.99591,0.9956,0.99558,0.99497,0.99459,0.99514,0.99508,0.99454,0.99433,0.99451,0.9943,0.99386,0.99411,0.99318,0.99368,0.99359,0.99352,0.99308,0.99311,0.99242,0.99255,0.99189,0.99118,0.99173,0.99148,0.99157,0.99095,0.99048,0.99092,0.98983,0.98952,0.99058,0.98932,0.98913,0.98878,0.98944,0.98857,0.98824,0.98774,0.98904,0.98723,0.98658,0.98631,0.98649,0.9862,0.98656,0.98547,0.9855,0.98481,0.98414,0.98315,0.98137,0.98334,0.98417,0.98288,0.98168,0.98224,0.98036,0.98001,0.97968,0.97917,0.97964,0.97578,0.97608,0.97575,0.9791,0.97578,0.97535,0.97404,0.97388,0.97456,0.97464,0.97462,0.97156,0.97133,0.97196,0.97036,0.96956,0.96953,0.96627,0.96928,0.96538,0.96581,0.96556,0.96603,0.96403,0.96434,0.96539,0.96254,0.96097,0.95637,0.95666,0.95983,0.9596,0.95392,0.95535,0.95509,0.95575,0.95207,0.94806,0.95193,0.94828,0.95191,0.94742,0.94612,0.94331,0.94513,0.94125,0.9401,0.94118,0.94499,0.93219,0.93642,0.93573,0.93872,0.92885,0.93147,0.93328,0.93222,0.93034,0.92849,0.93194,0.93385,0.92523,0.91224,0.91908,0.92282,0.91896,0.91587,0.8983,0.9136,0.91223,0.91189,0.91105,0.91089,0.89907,0.89995,0.89678,0.88404,0.87819,0.88823,0.90123,0.8715,0.86905,0.88587,0.87975,0.88359,0.6395,0.86845,0.41841,0.87314,0.84566,0.8471,0.86337,0.85486,0.85358,0.85927,0.83746,0.06363,0.83489,0.83957,0.6969,0.34672,0.28424,0.70413,0.79137,0.80459,0.37151,0.56944,0.08675,0.49042,0.81458,0.06547,0.26642,0.29781,0.78625,0.62669,0.57063,0.38187,0.30994,0.5277,0.74062,0.00549,0.54361,0.19119,0.43022,0.27516,0.19337,0.19262,0.12332,0.33824,0.25372,0.02154,0.04349,0.05158,0.32492,0.01525,0.28755,0.00791,0.2155,0.15504,0.27762,0.26328,0.09355,0.13169,0.10031,0.04845,0.29429,0.22905,0.30059,0.12764,0.18183,0.02252,0.05635,0.22688,0.22536,0.17112,0.08153,0.11739,0.03637,0.02,0.11456,0.01223,0.05257,0.1666,0.14284,0.16157,0.09803,0.03877,0.07136,0.02498,0.08577,0.03249,0.01586,0.09141,0.09233,0.08539,0.09597,0.08739
0.99932,0.99938,0.99929,0.99929,0.99923,0.99922,0.99927,0.9992,0.99938,0.99927,0.99925,0.99915,0.99934,0.9992,0.99926,0.99922,0.99918,0.99879,0.99913,0.99904,0.99898,0.99909,0.99889,0.99888,0.99889,0.99877,0.99873,0.99909,0.99861,0.99864,0.99868,0.99863,0.99866,0.9986,0.99842,0.99824,0.99849,0.9982,0.99805,0.998,0.99821,0.99803,0.9982,0.99766,0.99778,0.99763,0.99787,0.99764,0.99785,0.99747,0.99694,0.99725,0.997,0.99707,0.99716,0.997,0.99678,0.99666,0.99626,0.99603,0.99598,0.99573,0.99538,0.99587,0.99638,0.99513,0.99588,0.99528,0.99467,0.99393,0.99454,0.99494,0.99449,0.99454,0.99389,0.99361,0.99341,0.99359,0.9935,0.99395,0.99272,0.99284,0.99236,0.99183,0.99104,0.99197,0.99211,0.99214,0.99239,0.99062,0.99058,0.9898,0.99004,0.99021,0.98825,0.98914,0.98966,0.98964,0.98843,0.98807,0.98868,0.98636,0.98719,0.98631,0.98597,0.98675,0.98696,0.9837,0.98556,0.98497,0.98346,0.98398,0.98482,0.9817,0.9827,0.9815,0.98099,0.98278,0.9804,0.9806,0.97986,0.98107,0.97846,0.9784,0.97924,0.97576,0.9772,0.97821,0.97778,0.97301,0.97453,0.97366,0.97332,0.9734,0.9751,0.97208,0.97363,0.9696,0.97054,0.96829,0.9675,0.96855,0.96776,0.96588,0.96501,0.96549,0.96403,0.96775,0.96426,0.96333,0.96213,0.95894,0.96102,0.95907,0.95705,0.95854,0.9587,0.95442,0.95421,0.95331,0.95321,0.95236,0.94328,0.94712,0.95051,0.95083,0.94905,0.94543,0.94667,0.94202,0.94262,0.944,0.94224,0.94115,0.94148,0.93874,0.93619,0.93189,0.93003,0.93123,0.92631,0.92555,0.92399,0.9227,0.92802,0.9289,0.92617,0.91738,0.91002,0.91068,0.44361,0.90658,0.91103,0.91499,0.91073,0.19956,0.90091,0.91262,0.89776,0.8988,0.89111,0.89537,0.88797,0.88585,0.88984,0.87717,0.89468,0.89064,0.87801,0.87942,0.0335,0.87293,0.87195,0.8678,0.71653,0.8719,0.85493,0.52784,0.85193,0.85149,0.19354,0.82132,0.52245,0.5111,0.82825,0.10596,0.7263,0.2234,0.38603,0.35662,0.06207,0.79916,0.80931,0.24849,0.45468,0.15115,0.17119,0.03223,0.09068,0.08583,0.67233,0.37819,0.51363,0.23849,0.14078,0.06437,0.34519,0.40409,0.32803,0.36373,0.20701,0.15345,0.63307,0.03067,0.44283,0.10263,0.33319,0.06095,0.45362,0.17298,0.26231,0.06667,0.00435,0.37617,0.0787,0.07908,0.10545,0.05889,0.13945,0.05813,0.034,0.03874,0.09648,0.0036,0.01621,0.08657,0.03364,0.09479,0.05184,0.03302,0.06292,0.05511,0.16874,0.05533,0.04007,0.06872,0.04096,0.00973,0.09844,0.07292,0.06258,0.08129,0.16222,0.25894,0.04616,0.01778,0.02494,0.0448,0.00736,0.01401,0.08926
0.99936,0.99945,0.99931,0.99931,0.99939,0.9993,0.99916,0.99926,0.9992,0.99925,0.99923,0.99913,0.99916,0.9992,0.99912,0.99921,0.99932,0.99914,0.99903,0.99901,0.99885,0.99894,0.99886,0.99895,0.99887,0.999,0.99895,0.99884,0.99877,0.99855,0.99863,0.99843,0.99851,0.99821,0.99825,0.99813,0.99833,0.99814,0.99806,0.99847,0.99804,0.99819,0.99786,0.99795,0.99777,0.99765,0.99787,0.9977,0.99777,0.99755,0.99718,0.99698,0.99722,0.99737,0.99717,0.99683,0.99648,0.99637,0.99646,0.99599,0.99666,0.99614,0.99571,0.9954,0.99565,0.99475,0.99476,0.99583,0.99467,0.99487,0.99512,0.99498,0.99465,0.99452,0.99416,0.99448,0.9936,0.9931,0.99327,0.99274,0.99281,0.99256,0.99305,0.99239,0.99225,0.99233,0.99154,0.99074,0.99016,0.99096,0.99029,0.99071,0.99066,0.98948,0.99084,0.98882,0.98903,0.9886,0.98927,0.98773,0.98715,0.98829,0.98786,0.98786,0.98689,0.98615,0.98524,0.98584,0.9849,0.98554,0.9837,0.9846,0.9833,0.98191,0.98228,0.98408,0.98117,0.98276,0.98189,0.98041,0.98054,0.97844,0.98015,0.97889,0.97945,0.97726,0.97692,0.97708,0.97712,0.97438,0.97512,0.97527,0.97536,0.97408,0.97191,0.97153,0.97273,0.96969,0.96884,0.97023,0.96664,0.96932,0.96526,0.96798,0.96684,0.96653,0.96546,0.96501,0.96615,0.9648,0.96149,0.96147,0.96113,0.9635,0.95762,0.95682,0.95625,0.95562,0.95101,0.95183,0.95563,0.952,0.95244,0.95026,0.95141,0.9457,0.94676,0.94842,0.94019,0.94602,0.94376,0.94204,0.93857,0.94594,0.93631,0.93178,0.93176,0.93205,0.92985,0.92955,0.93305,0.92389,0.92976,0.92522,0.92276,0.92376,0.91207,0.91208,0.91426,0.91668,0.91622,0.91244,0.90054,0.91171,0.90702,0.90282,0.90408,0.90528,0.9063,0.90438,0.89069,0.88126,0.89426,0.53293,0.87956,0.86112,0.88624,0.86312,0.87559,0.87062,0.84616,0.86457,0.88046,0.24259,0.44715,0.85168,0.85426,0.00522,0.84285,0.01109,0.12068,0.84208,0.84062,0.64678,0.09593,0.81681,0.10328,0.83168,0.65409,0.36387,0.6939,0.0752,0.78241,0.57904,0.09361,0.08353,0.20404,0.19809,0.33398,0.16857,0.27992,0.1032,0.39937,0.32065,0.08835,0.19951,0.50157,0.09062,0.32838,0.1019,0.1787,0.07336,0.19409,0.16723,0.25883,0.19878,0.27155,0.20502,0.17911,0.2889,0.28301,0.07155,0.23981,0.23681,0.13321,0.08744,0.00438,0.07725,0.16394,0.04503,0.05844,0.22196,0.10715,0.08871,0.22799,0.17603,0.02705,0.09811,0.05867,0.02174,0.03732,0.09022,0.19896,0.06357,0.09236,0.09506,0.04834,0.0301,0.13853,0.05942,0.05192,0.07619,0.05759,0.09392,0.21159,0.09128,0.04936,0.13418,0.04189,0.08414,0.0916
0.9994,0.99933,0.9993,0.99934,0.99934,0.99936,0.99926,0.99929,0.99923,0.99936,0.99921,0.99918,0.99918,0.99916,0.99898,0.99898,0.99922,0.99903,0.99899,0.99909,0.99906,0.99902,0.99882,0.99887,0.99863,0.99895,0.9988,0.99877,0.99893,0.999,0.99849,0.99833,0.99867,0.99852,0.99869,0.9985,0.99853,0.9978,0.99806,0.99814,0.99795,0.99805,0.99804,0.99751,0.99807,0.99769,0.99786,0.99758,0.99752,0.99765,0.9974,0.99732,0.99682,0.99698,0.99681,0.9969,0.99658,0.99675,0.99589,0.99648,0.99591,0.99618,0.99572,0.99599,0.99614,0.99542,0.99553,0.99595,0.99455,0.99437,0.99523,0.99451,0.9942,0.99415,0.99406,0.99351,0.9937,0.9929,0.99319,0.99354,0.99304,0.99281,0.99233,0.99229,0.99278,0.99198,0.9923,0.99173,0.99179,0.99084,0.99065,0.99046,0.99021,0.98951,0.98805,0.98938,0.98873,0.9891,0.98869,0.98812,0.98942,0.9881,0.98707,0.98757,0.98657,0.98697,0.98536,0.98631,0.98441,0.98555,0.98421,0.98311,0.98314,0.98275,0.98089,0.98172,0.98091,0.98043,0.98188,0.98132,0.98102,0.98024,0.97752,0.97881,0.97805,0.97725,0.97747,0.97621,0.97729,0.9749,0.97595,0.97364,0.97335,0.97228,0.97238,0.97293,0.97105,0.97158,0.96915,0.97097,0.96865,0.96709,0.96455,0.96611,0.96643,0.96427,0.96164,0.9635,0.96218,0.96185,0.9614,0.96171,0.95997,0.95832,0.95865,0.95594,0.95621,0.95438,0.95306,0.94942,0.95507,0.95393,0.95231,0.94995,0.95165,0.94222,0.94331,0.94784,0.94523,0.94456,0.94226,0.93978,0.94098,0.93899,0.93853,0.93689,0.93666,0.93271,0.93218,0.93301,0.93261,0.92718,0.9254,0.92436,0.92549,0.92748,0.91502,0.91581,0.91158,0.91006,0.9122,0.91081,0.90731,0.91079,0.90196,0.88602,0.90001,0.89247,0.90312,0.90363,0.89058,0.89145,0.88495,0.89471,0.88873,0.871,0.8907,0.86681,0.31537,0.8672,0.85763,0.19067,0.33695,0.86095,0.21794,0.38202,0.4637,0.85479,0.67267,0.82691,0.7206,0.258,0.82774,0.57784,0.21267,0.83949,0.06641,0.51627,0.04043,0.43204,0.54066,0.03789,0.68724,0.80379,0.79876,0.03486,0.61813,0.52877,0.74289,0.35614,0.16372,0.02854,0.13182,0.11427,0.3099,0.04726,0.51694,0.63619,0.56098,0.10299,0.30992,0.13528,0.4027,0.31772,0.44064,0.31423,0.01047,0.45953,0.13805,0.34748,0.31183,0.26896,0.13375,0.04651,0.10222,0.29681,0.25401,0.00828,0.31274,0.00195,0.01588,0.25553,0.28953,0.07272,0.0691,0.1433,0.04899,0.08752,0.2844,0.04569,0.03186,0.03453,0.006,0.13744,0.11395,0.12437,0.12405,0.02675,0.05263,0.1002,0.01649,0.02082,0.11389,0.07307,0.12952,0.20349,0.09119,0.1313,0.13344,0.00575,0.00188
0.99939,0.99936,0.99929,0.99938,0.99926,0.9993,0.99921,0.99935,0.99915,0.99923,0.99921,0.99932,0.9993,0.99934,0.99916,0.99928,0.9993,0.99923,0.99903,0.99907,0.99918,0.99895,0.99884,0.99901,0.99895,0.9988,0.99875,0.99867,0.99866,0.99851,0.99873,0.99872,0.99831,0.99854,0.99807,0.9983,0.99841,0.99814,0.99817,0.99808,0.99812,0.99796,0.9976,0.99799,0.99774,0.99788,0.99761,0.99761,0.99761,0.99704,0.99705,0.99745,0.99717,0.99736,0.99723,0.99672,0.9968,0.99704,0.99641,0.99634,0.99605,0.99642,0.99641,0.99632,0.99512,0.99552,0.99565,0.99551,0.99538,0.99491,0.99448,0.99439,0.99411,0.99366,0.99425,0.99392,0.99372,0.99388,0.99397,0.99294,0.99291,0.99293,0.99235,0.99205,0.99242,0.99124,0.99266,0.99117,0.99097,0.99064,0.9914,0.99138,0.98969,0.99013,0.98988,0.98913,0.98938,0.98837,0.98866,0.98807,0.98825,0.98753,0.98724,0.98662,0.98628,0.9853,0.9854,0.98505,0.98485,0.98429,0.98438,0.98295,0.98456,0.98323,0.98313,0.98198,0.98269,0.98192,0.97975,0.97965,0.98053,0.9787,0.97734,0.97818,0.97768,0.97833,0.97765,0.97581,0.97664,0.97538,0.97554,0.97511,0.97409,0.97191,0.97072,0.97158,0.97162,0.97079,0.97198,0.96878,0.9686,0.96645,0.96851,0.96528,0.9672,0.96656,0.96515,0.96541,0.96252,0.96311,0.95946,0.96084,0.96,0.96014,0.96085,0.95357,0.96083,0.95683,0.95867,0.95623,0.95593,0.94028,0.95075,0.94626,0.24222,0.94966,0.94969,0.94532,0.92722,0.94014,0.93515,0.94052,0.93774,0.9395,0.94017,0.93984,0.93659,0.93111,0.92936,0.91725,0.93138,0.92888,0.93144,0.92051,0.92382,0.92522,0.91949,0.92024,0.92079,0.91605,0.90394,0.91412,0.91001,0.90815,0.2377,0.54264,0.8949,0.89769,0.89446,0.90052,0.90092,0.5721,0.89528,0.88355,0.87521,0.75568,0.87142,0.88283,0.59877,0.87106,0.88352,0.87362,0.21434,0.83323,0.86109,0.87509,0.85665,0.84654,0.41755,0.85647,0.84869,0.14016,0.18236,0.00101,0.8305,0.12986,0.52864,0.70563,0.49244,0.29394,0.54345,0.08628,0.81073,0.50018,0.11438,0.01342,0.76196,0.21871,0.76791,0.32305,0.08039,0.26124,0.2265,0.03791,0.14199,0.35635,0.22018,0.07044,0.65358,0.25492,0.15759,0.2464,0.18323,0.05691,0.18107,0.26258,0.14036,0.04548,0.04091,0.24595,0.18277,0.02389,0.48548,0.21809,0.20438,0.16493,0.13035,0.02941,0.0589,0.0242,0.06788,0.10717,0.04074,0.11342,0.04683,0.19891,0.23054,0.01945,0.00075,0.17504,0.05975,0.08222,0.06116,0.28873,0.14641,0.08313,0.12131,0.00118,0.03266,0.07375,0.22477,0.06221,0.01936,0.08711,0.12756,0.28807,0.04354,0.04671,0.02706,0.09365,0.10191
0.99932,0.99943,0.99928,0.99941,0.99943,0.99936,0.99927,0.99929,0.99931,0.99916,0.99929,0.99919,0.99915,0.99895,0.99918,0.99926,0.99911,0.99911,0.99917,0.99897,0.99909,0.999,0.99883,0.999,0.9988,0.99865,0.99852,0.99881,0.99845,0.99861,0.99874,0.99858,0.99868,0.99879,0.99838,0.99795,0.99828,0.99812,0.99802,0.99791,0.99802,0.99786,0.99786,0.99789,0.9977,0.99768,0.9977,0.99747,0.99767,0.99724,0.99742,0.99687,0.99645,0.99712,0.99689,0.99637,0.9966,0.99648,0.9965,0.99627,0.99597,0.99617,0.99579,0.9959,0.99578,0.99557,0.99576,0.99498,0.9952,0.99455,0.99482,0.99461,0.99475,0.9947,0.99426,0.99438,0.99379,0.99358,0.99337,0.99346,0.99266,0.9928,0.99332,0.99309,0.99297,0.99198,0.99213,0.99143,0.99192,0.9902,0.99048,0.99096,0.98997,0.99062,0.98852,0.98929,0.98877,0.98935,0.98857,0.9888,0.98879,0.9868,0.98621,0.98663,0.98616,0.98607,0.98532,0.98557,0.98426,0.98408,0.98347,0.98398,0.98354,0.98357,0.98367,0.98152,0.98077,0.98154,0.98099,0.97949,0.98124,0.97912,0.97845,0.97932,0.9775,0.97669,0.97867,0.97882,0.97581,0.97685,0.97613,0.97504,0.97538,0.972,0.97513,0.97188,0.9714,0.97052,0.97207,0.96945,0.96691,0.96396,0.9667,0.96829,0.96597,0.96529,0.96343,0.96151,0.96059,0.96081,0.96119,0.96063,0.95997,0.95879,0.9585,0.95715,0.95635,0.95776,0.95242,0.95603,0.95607,0.95197,0.94804,0.95253,0.94775,0.94683,0.94917,0.94373,0.94537,0.94065,0.94221,0.94202,0.94016,0.94194,0.93556,0.93598,0.93733,0.93802,0.93623,0.9342,0.92595,0.91958,0.92675,0.92346,0.92518,0.90673,0.9202,0.91959,0.92124,0.91642,0.90958,0.91737,0.91313,0.91033,0.90401,0.90213,0.89568,0.89612,0.90674,0.62945,0.71237,0.8929,0.88493,0.88198,0.89342,0.87306,0.88401,0.89484,0.88021,0.87744,0.8583,0.68343,0.84801,0.41788,0.39169,0.24839,0.81872,0.77982,0.56039,0.35533,0.39773,0.83308,0.83745,0.35198,0.83156,0.6938,0.77538,0.46035,0.81424,0.81299,0.12897,0.14855,0.57156,0.14549,0.10108,0.29085,0.05834,0.78097,0.506,0.68974,0.24421,0.59865,0.22673,0.15742,0.50473,0.31609,0.43709,0.15937,0.06569,0.51465,0.39938,0.36639,0.08324,0.18013,0.00213,0.17434,0.34845,0.13198,0.0647,0.38929,0.11078,0.19483,0.20255,0.00372,0.23208,0.67426,0.05,0.15903,0.01964,0.10594,0.01786,0.30823,0.21521,0.30145,0.04821,0.06204,0.1293,0.10367,0.05526,0.08131,0.23424,0.02173,0.22964,0.10202,0.0209,0.01098,0.13229,0.12279,0.12168,0.02993,0.01373,0.11189,0.0422,0.21803,0.07193,0.165,0.01316,0.16591,0.17869,0.04732,0.0045
0.9994,0.99933,0.99932,0.99923,0.99932,0.99935,0.99928,0.99909,0.99912,0.99929,0.99934,0.99905,0.99924,0.99922,0.99909,0.99916,0.99921,0.99902,0.99914,0.99889,0.99886,0.99892,0.99891,0.99884,0.99899,0.99867,0.9988,0.99879,0.99873,0.99859,0.99854,0.99847,0.99852,0.99856,0.99841,0.99846,0.99833,0.99794,0.99803,0.99815,0.99807,0.9981,0.99784,0.99785,0.9978,0.99765,0.99762,0.99715,0.99741,0.99705,0.99765,0.99756,0.99712,0.99703,0.99668,0.99685,0.99629,0.99654,0.99662,0.99627,0.99655,0.99528,0.99596,0.99583,0.99539,0.99584,0.99504,0.99526,0.99516,0.99485,0.99451,0.99454,0.9948,0.99433,0.99374,0.99404,0.99395,0.99345,0.99321,0.99297,0.99192,0.99294,0.99294,0.99215,0.9921,0.99197,0.99216,0.99129,0.99047,0.99129,0.99118,0.9901,0.99086,0.98951,0.99018,0.98868,0.9906,0.98778,0.98844,0.98845,0.98768,0.98808,0.98768,0.98657,0.98628,0.98535,0.98588,0.98615,0.98438,0.98609,0.98375,0.9831,0.9829,0.98254,0.98271,0.98424,0.98296,0.97946,0.97976,0.98231,0.97887,0.98117,0.97912,0.97934,0.9789,0.97744,0.97728,0.97669,0.97559,0.974,0.97431,0.97413,0.97724,0.97443,0.97319,0.9708,0.97248,0.97482,0.96946,0.96981,0.96893,0.96676,0.96963,0.96471,0.96845,0.96682,0.96605,0.96327,0.95893,0.96171,0.96111,0.95832,0.96017,0.96181,0.95478,0.96081,0.95534,0.95463,0.95259,0.95161,0.95193,0.95242,0.95178,0.94929,0.95001,0.95042,0.94837,0.94838,0.94391,0.94352,0.94354,0.9396,0.93825,0.93935,0.93809,0.93728,0.93272,0.92694,0.93262,0.929,0.92843,0.92893,0.92696,0.92484,0.92461,0.92483,0.91785,0.91907,0.91181,0.91978,0.91007,0.91023,0.91646,0.90054,0.9096,0.90466,0.90676,0.90109,0.89717,0.89388,0.89825,0.88526,0.87572,0.89111,0.88817,0.87956,0.88115,0.87482,0.8701,0.87756,0.86199,0.85419,0.86849,0.53006,0.84491,0.86699,0.26858,0.81815,0.84542,0.84145,0.84374,0.84018,0.84454,0.10601,0.80456,0.43592,0.76672,0.29955,0.23661,0.78949,0.13336,0.53004,0.38083,0.81901,0.76793,0.28936,0.52589,0.784,0.11244,0.12442,0.6008,0.34105,0.29435,0.10042,0.44547,0.16918,0.50541,0.63766,0.2552,0.22375,0.18597,0.35664,0.17839,0.13801,0.10281,0.00048,0.05009,0.01894,0.24555,0.13806,0.30158,0.49868,0.09535,0.13327,0.3277,0.0175,0.43697,0.35707,0.05369,0.17726,0.27999,0.34558,0.11679,0.04284,0.20736,0.01157,0.24606,0.00695,0.02461,0.02931,0.20415,0.00306,0.09105,0.0095,0.21984,0.00012,0.06596,0.07139,0.07311,0.06536,0.0108,0.20522,0.03747,0.06013,0.16671,0.00643,0.0718,0.11059,0.18259,0.02579,0.0194
0.9994,0.99933,0.99932,0.99933,0.99913,0.99943,0.99928,0.99912,0.99926,0.99924,0.99924,0.99919,0.99918,0.99921,0.9991,0.99904,0.99913,0.99917,0.99901,0.99906,0.99884,0.99901,0.99899,0.99887,0.99881,0.99868,0.99872,0.99881,0.99889,0.99878,0.99863,0.99852,0.99849,0.99831,0.99825,0.99843,0.99849,0.99838,0.99844,0.9982,0.99849,0.99794,0.99791,0.99799,0.99737,0.99768,0.99727,0.99765,0.99741,0.99741,0.99766,0.99702,0.99705,0.99713,0.99673,0.99672,0.9971,0.99666,0.99652,0.99635,0.99622,0.99588,0.99572,0.99588,0.99546,0.9953,0.99527,0.99557,0.99529,0.99494,0.99488,0.99432,0.99412,0.99449,0.99368,0.99414,0.99423,0.99409,0.99415,0.99374,0.99281,0.99302,0.99223,0.99222,0.99177,0.99135,0.991,0.992,0.99109,0.99125,0.99136,0.9903,0.98945,0.98991,0.9901,0.98818,0.9892,0.98878,0.98857,0.98849,0.98757,0.98704,0.98663,0.98698,0.98591,0.98628,0.98579,0.98643,0.98441,0.98527,0.98477,0.9832,0.98363,0.98384,0.98229,0.9835,0.98158,0.98097,0.98177,0.98059,0.98099,0.97884,0.9799,0.97871,0.97963,0.97872,0.97698,0.97689,0.97741,0.97691,0.97574,0.97545,0.97184,0.97269,0.97004,0.97311,0.97206,0.97048,0.97183,0.96989,0.96975,0.96602,0.96627,0.96986,0.96464,0.96547,0.96385,0.9644,0.96472,0.96154,0.96,0.96118,0.95731,0.96017,0.95669,0.95926,0.95924,0.955,0.95423,0.95133,0.94718,0.95238,0.95167,0.94763,0.95225,0.94678,0.94504,0.94646,0.9426,0.94347,0.94007,0.94208,0.93893,0.93859,0.93565,0.93834,0.93553,0.92368,0.9336,0.92899,0.92395,0.92986,0.92181,0.92029,0.9207,0.9186,0.91957,0.91725,0.91757,0.923,0.9145,0.91667,0.9068,0.9194,0.9092,0.90354,0.89383,0.90969,0.89913,0.88988,0.89569,0.89293,0.89556,0.28976,0.88654,0.86749,0.86228,0.88156,0.87781,0.86902,0.86582,0.7754,0.86207,0.18937,0.85256,0.85571,0.84806,0.74704,0.84436,0.83982,0.8301,0.82635,0.82673,0.25935,0.33035,0.82013,0.83493,0.62616,0.39874,0.79551,0.11811,0.41434,0.79929,0.65905,0.50582,0.01553,0.37083,0.77168,0.39608,0.0746,0.35089,0.32669,0.28978,0.27852,0.49131,0.69393,0.04436,0.01767,0.18562,0.0231,0.03475,0.42938,0.62203,0.18079,0.37004,0.36069,0.28098,0.14842,0.28449,0.38799,0.09219,0.01402,0.24587,0.08016,0.112,0.0273,0.04734,0.10163,0.18996,0.04516,0.06773,0.18522,0.41406,0.53541,0.0778,0.03039,0.09559,0.15614,0.07874,0.22332,0.22615,0.19178,0.20274,0.23425,0.00067,0.10152,0.09385,0.11374,0.11215,0.0443,0.18712,0.05554,0.124,0.129,0.07503,0.03993,0.05843,0.0591,0.02922,0.04954,0.0389
0.99943,0.99943,0.99931,0.99943,0.99938,0.99922,0.9993,0.99886,0.99927,0.99929,0.99924,0.99901,0.99927,0.99933,0.99914,0.9991,0.99914,0.99893,0.99908,0.99896,0.99917,0.99916,0.99893,0.99894,0.99875,0.99861,0.99879,0.99875,0.99877,0.99851,0.99868,0.99871,0.99847,0.99837,0.99836,0.99834,0.99837,0.99837,0.99815,0.99797,0.99815,0.99809,0.99792,0.99842,0.99772,0.99751,0.99754,0.99752,0.99756,0.99726,0.99749,0.99767,0.99709,0.99677,0.99703,0.99717,0.99696,0.99725,0.99624,0.99609,0.99594,0.99573,0.99537,0.99552,0.99604,0.99555,0.9953,0.99534,0.99556,0.99452,0.99463,0.99448,0.99457,0.9946,0.99433,0.99358,0.99408,0.99323,0.99309,0.99334,0.99328,0.99221,0.9929,0.99285,0.99224,0.992,0.99115,0.99115,0.9908,0.99099,0.99138,0.99125,0.99089,0.98961,0.99006,0.99036,0.98966,0.98896,0.98813,0.98809,0.98874,0.98758,0.98573,0.98716,0.98618,0.98517,0.98604,0.98689,0.98583,0.98437,0.98542,0.98214,0.98351,0.98319,0.9828,0.98301,0.9795,0.981,0.98079,0.9818,0.98005,0.98048,0.98074,0.97993,0.97909,0.97655,0.97704,0.97638,0.97569,0.97587,0.97506,0.97325,0.97378,0.97552,0.97239,0.97283,0.97026,0.96803,0.96964,0.96965,0.96789,0.96655,0.96774,0.96732,0.96698,0.96828,0.96428,0.96615,0.96202,0.96242,0.96194,0.96131,0.96056,0.9591,0.9587,0.9594,0.95921,0.95479,0.95681,0.95337,0.9516,0.95345,0.95316,0.94714,0.5231,0.94873,0.94763,0.94663,0.94578,0.94383,0.94328,0.93379,0.94087,0.93666,0.93743,0.93731,0.935,0.93274,0.92562,0.92992,0.92974,0.92683,0.92089,0.9303,0.92357,0.92069,0.91844,0.91406,0.91953,0.90742,0.90968,0.91015,0.90479,0.91202,0.89709,0.90936,0.53331,0.51961,0.90396,0.62337,0.88281,0.89625,0.88502,0.88446,0.88736,0.85279,0.70277,0.47367,0.86293,0.26236,0.56755,0.87049,0.85188,0.85338,0.60581,0.59092,0.84691,0.5273,0.8385,0.84219,0.71873,0.07846,0.10522,0.04296,0.2599,0.81915,0.1647,0.8141,0.05601,0.6304,0.13632,0.7978,0.33066,0.03147,0.47379,0.68677,0.22137,0.65841,0.18309,0.4829,0.0798,0.20223,0.34528,0.19782,0.29029,0.10642,0.26035,0.45173,0.24177,0.24782,0.29654,0.32349,0.06864,0.38986,0.28716,0.0904,0.14705,0.32529,0.02777,0.06704,0.42313,0.21001,0.03673,0.3098,0.43782,0.41628,0.10168,0.00585,0.33107,0.0863,0.03022,0.38038,0.03576,0.13522,0.21259,0.13002,0.01472,0.07887,0.1745,0.23036,0.17209,0.17089,0.04072,0.01617,0.18217,0.06731,0.03247,0.04566,0.06462,0.0746,0.01569,0.11521,0.17324,0.01521,0.11601,0.06902,0.08227,0.10382,0.10375,0.17489,0.05711
0.99943,0.99931,0.99948,0.99933,0.99925,0.99932,0.99933,0.99917,0.99929,0.99924,0.99925,0.99915,0.99909,0.99919,0.9991,0.99922,0.99901,0.99905,0.99903,0.99908,0.99885,0.99902,0.99879,0.99883,0.99878,0.99896,0.99864,0.9988,0.99859,0.99862,0.99868,0.99871,0.99848,0.99805,0.99866,0.99819,0.99823,0.99815,0.99823,0.99833,0.99775,0.99819,0.99795,0.99787,0.99759,0.99771,0.99775,0.99727,0.99738,0.99703,0.99736,0.99698,0.99696,0.99727,0.99723,0.99699,0.99662,0.99663,0.99656,0.99636,0.99603,0.99629,0.99601,0.99516,0.9956,0.99545,0.99546,0.99533,0.99486,0.99444,0.99458,0.9953,0.99392,0.9938,0.99372,0.99456,0.99378,0.99419,0.99322,0.99294,0.99312,0.99251,0.99281,0.99278,0.99208,0.99174,0.99201,0.99157,0.9922,0.99152,0.99052,0.99023,0.9904,0.99043,0.98954,0.99039,0.98888,0.98803,0.98932,0.98903,0.98789,0.98721,0.98728,0.98645,0.98703,0.98728,0.98611,0.98518,0.98518,0.98396,0.98454,0.98406,0.98515,0.98383,0.98156,0.98266,0.98141,0.98214,0.98117,0.98138,0.98206,0.97978,0.98022,0.97839,0.97919,0.97766,0.97679,0.97684,0.97649,0.97525,0.97492,0.97436,0.97457,0.97338,0.97268,0.97212,0.97111,0.97033,0.96893,0.97093,0.96751,0.96834,0.96928,0.96654,0.96485,0.96681,0.96381,0.96284,0.96459,0.96193,0.96332,0.96076,0.96268,0.95993,0.95803,0.9561,0.96009,0.95633,0.95522,0.9558,0.95412,0.9513,0.95161,0.94677,0.95384,0.94812,0.948,0.94723,0.94807,0.94456,0.94351,0.94151,0.93281,0.94019,0.93806,0.93703,0.93603,0.93077,0.9349,0.93704,0.92518,0.92794,0.92877,0.92442,0.92351,0.91364,0.9141,0.91013,0.91831,0.91961,0.91142,0.89982,0.89716,0.90873,0.90354,0.90579,0.89633,0.90633,0.88974,0.8968,0.8995,0.89778,0.89538,0.88398,0.88365,0.8899,0.85336,0.86729,0.4379,0.87063,0.86456,0.8618,0.85393,0.86664,0.86295,0.86279,0.85183,0.45553,0.8477,0.376,0.82968,0.34972,0.65313,0.69439,0.82638,0.51452,0.36702,0.3076,0.52646,0.67241,0.67257,0.57744,0.35187,0.69818,0.45468,0.40483,0.71571,0.61654,0.30419,0.10542,0.08802,0.52615,0.53521,0.18864,0.74241,0.23991,0.58645,0.36931,0.06188,0.17221,0.01191,0.12254,0.06185,0.34252,0.11834,0.23371,0.10595,0.14607,0.07779,0.16771,0.05073,0.28543,0.09843,0.16,0.32598,0.11508,0.17824,0.31578,0.04602,0.13224,0.02703,0.08535,0.24988,0.01346,0.04385,0.05275,0.05487,0.10218,0.04373,0.43939,0.22878,0.06638,0.09257,0.15204,0.00105,0.14607,0.22665,0.06096,0.0572,0.29809,0.05015,0.09297,0.13532,0.15631,0.12825,0.00903,0.02812,0.07814,0.06433,0.19119,0.0535
0.99938,0.99941,0.99933,0.99922,0.99928,0.99928,0.99926,0.99918,0.99937,0.99908,0.99907,0.99921,0.99928,0.99922,0.99918,0.99914,0.99911,0.99896,0.99891,0.99907,0.99889,0.99865,0.99892,0.99896,0.99888,0.99872,0.99889,0.99868,0.99888,0.99856,0.99859,0.99848,0.99862,0.99847,0.99826,0.99839,0.99825,0.99834,0.99794,0.99812,0.99832,0.99788,0.99793,0.99821,0.99745,0.99768,0.99731,0.99767,0.99745,0.99744,0.99723,0.99702,0.99711,0.99677,0.99732,0.99705,0.99701,0.99617,0.99635,0.99592,0.99599,0.99601,0.99588,0.99578,0.99509,0.99523,0.99549,0.99528,0.9949,0.99463,0.99515,0.99451,0.99477,0.99496,0.99363,0.99465,0.99371,0.99338,0.99373,0.99332,0.99325,0.99268,0.99275,0.99307,0.99231,0.99131,0.99212,0.9907,0.99119,0.99034,0.99055,0.99139,0.98943,0.98977,0.98994,0.9892,0.98994,0.98974,0.98893,0.98757,0.98785,0.98695,0.98743,0.9873,0.986,0.98575,0.98576,0.98639,0.98491,0.98343,0.98418,0.98397,0.98407,0.98361,0.98339,0.98223,0.98281,0.98209,0.98201,0.97915,0.98118,0.98069,0.97845,0.97788,0.9789,0.97768,0.97755,0.97735,0.97701,0.97395,0.97481,0.97484,0.97445,0.97364,0.97301,0.97118,0.97228,0.97166,0.96826,0.97285,0.9704,0.97122,0.96747,0.96675,0.96607,0.96462,0.96462,0.96116,0.96342,0.96476,0.9622,0.96222,0.9584,0.95771,0.95367,0.95877,0.95535,0.95319,0.95355,0.95644,0.95229,0.95661,0.9485,0.9511,0.94464,0.94891,0.94336,0.94244,0.94535,0.94355,0.9432,0.93773,0.9395,0.93945,0.93954,0.93312,0.93314,0.93619,0.93269,0.92788,0.92701,0.92948,0.92748,0.92052,0.92321,0.91808,0.92818,0.92064,0.92557,0.91625,0.90689,0.63461,0.90998,0.91078,0.90618,0.90565,0.89684,0.90658,0.90443,0.90507,0.89169,0.90161,0.88197,0.87271,0.89441,0.89332,0.87709,0.1483,0.863,0.88269,0.86252,0.00942,0.83825,0.51092,0.86605,0.85936,0.85805,0.03887,0.50221,0.83897,0.5255,0.44062,0.20636,0.36761,0.48093,0.79799,0.80648,0.50683,0.77998,0.29154,0.01904,0.13773,0.2553,0.80125,0.2586,0.31964,0.30169,0.18803,0.11619,0.28228,0.28511,0.20369,0.33355,0.16793,0.36922,0.23281,0.23069,0.30875,0.54311,0.09705,0.41594,0.14327,0.14939,0.31618,0.10169,0.10712,0.27297,0.04047,0.16559,0.04239,0.05447,0.08426,0.07284,0.16132,0.10781,0.26723,0.01216,0.25395,0.22196,0.26344,0.01531,0.18612,0.10692,0.00846,0.14326,0.01108,0.02403,0.25051,0.02347,0.25191,0.0774,0.08182,0.04752,0.01083,0.08483,0.07298,0.01505,0.12652,0.05989,0.04675,0.10598,0.10155,0.10712,0.16009,0.16623,0.07642,0.00702,0.02388,0.0153,0.20356,0.13914
0.99943,0.99944,0.99951,0.9994,0.99935,0.99927,0.99934,0.99937,0.99913,0.99922,0.99914,0.99923,0.99914,0.99924,0.99916,0.99927,0.99915,0.99898,0.99875,0.99899,0.9991,0.99896,0.99891,0.99876,0.9988,0.99887,0.99881,0.99883,0.99879,0.99869,0.99859,0.9987,0.99838,0.99844,0.99841,0.99848,0.99853,0.99849,0.99829,0.99798,0.99792,0.99808,0.99795,0.99753,0.9977,0.99754,0.99774,0.99772,0.99768,0.9977,0.99721,0.99684,0.99681,0.99756,0.99713,0.99678,0.99662,0.99672,0.99664,0.99627,0.99588,0.99601,0.99601,0.99569,0.996,0.9956,0.99534,0.99575,0.99531,0.99527,0.9946,0.99402,0.9941,0.99446,0.99502,0.99347,0.99367,0.99367,0.9936,0.99324,0.99306,0.99281,0.99318,0.99288,0.99236,0.99283,0.99096,0.99214,0.98989,0.99201,0.99031,0.99061,0.99023,0.98976,0.9894,0.98949,0.98947,0.98929,0.98961,0.98754,0.98782,0.98667,0.98684,0.98718,0.98503,0.98463,0.98601,0.98484,0.98477,0.98598,0.98569,0.98465,0.98373,0.98169,0.98173,0.98141,0.98213,0.97992,0.98082,0.98088,0.97979,0.978,0.98095,0.98021,0.97947,0.97785,0.97896,0.97647,0.9763,0.97619,0.97458,0.9741,0.9765,0.97257,0.97117,0.97215,0.97233,0.96953,0.96957,0.97038,0.97124,0.96691,0.96955,0.96611,0.9666,0.96913,0.96446,0.96589,0.95934,0.96472,0.96179,0.96144,0.96086,0.95952,0.95313,0.95609,0.95686,0.95172,0.95266,0.95285,0.95236,0.95237,0.95345,0.94984,0.94621,0.94979,0.94749,0.94906,0.94564,0.94037,0.93878,0.93672,0.93907,0.93718,0.94185,0.93425,0.93307,0.92973,0.93872,0.93137,0.92626,0.92052,0.92617,0.93004,0.92307,0.92758,0.92195,0.90675,0.91323,0.90958,0.91291,0.91117,0.89915,0.90876,0.91046,0.90544,0.89746,0.89663,0.90255,0.8886,0.88238,0.8825,0.88274,0.89481,0.89439,0.88231,0.88767,0.86637,0.87331,0.86714,0.36762,0.87072,0.65282,0.84429,0.62621,0.86587,0.84597,0.48697,0.84284,0.83299,0.0939,0.8298,0.08995,0.57277,0.80753,0.50173,0.77271,0.58476,0.52365,0.25323,0.39003,0.41602,0.48403,0.78655,0.24682,0.39886,0.06535,0.53814,0.17843,0.6152,0.37022,0.22698,0.22185,0.04597,0.12755,0.28668,0.35633,0.10644,0.73614,0.12285,0.36098,0.4048,0.31154,0.45407,0.01989,0.06105,0.05504,0.2079,0.30761,0.25516,0.2867,0.18207,0.06314,0.14246,0.32684,0.0906,0.17699,0.17301,0.03026,0.22565,0.00982,0.02765,0.13408,0.2725,0.29689,0.07726,0.11627,0.00918,0.06934,0.23596,0.04732,0.08141,0.00026,0.19368,0.0359,0.08026,0.09709,0.00301,0.01876,0.0836,0.01028,0.16627,0.05672,0.04036,0.11207,4e-05,0.00802,0.00812,0.01142,0.01919,0.10414