s,30,30
2,0,1
2,0,30
1,0,2
1,0,60
1,0,871
1,0,31
2,1,2
2,1,31
1,1,3
1,1,61
1,1,872
1,1,32
2,2,3
2,2,32
1,2,4
1,2,62
1,2,873
1,2,33
2,3,4
2,3,33
1,3,5
1,3,63
1,3,874
1,3,34
2,4,5
2,4,34
1,4,6
1,4,64
1,4,875
1,4,35
2,5,6
2,5,35
1,5,7
1,5,65
1,5,876
1,5,36
2,6,7
2,6,36
1,6,8
1,6,66
1,6,877
1,6,37
2,7,8
2,7,37
1,7,9
1,7,67
1,7,878
1,7,38
2,8,9
2,8,38
1,8,10
1,8,68
1,8,879
1,8,39
2,9,10
2,9,39
1,9,11
1,9,69
1,9,880
1,9,40
2,10,11
2,10,40
1,10,12
1,10,70
1,10,881
1,10,41
2,11,12
2,11,41
1,11,13
1,11,71
1,11,882
1,11,42
2,12,13
2,12,42
1,12,14
1,12,72
1,12,883
1,12,43
2,13,14
2,13,43
1,13,15
1,13,73
1,13,884
1,13,44
2,14,15
2,14,44
1,14,16
1,14,74
1,14,885
1,14,45
2,15,16
2,15,45
1,15,17
1,15,75
1,15,886
1,15,46
2,16,17
2,16,46
1,16,18
1,16,76
1,16,887
1,16,47
2,17,18
2,17,47
1,17,19
1,17,77
1,17,888
1,17,48
2,18,19
2,18,48
1,18,20
1,18,78
1,18,889
1,18,49
2,19,20
2,19,49
1,19,21
1,19,79
1,19,890
1,19,50
2,20,21
2,20,50
1,20,22
1,20,80
1,20,891
1,20,51
2,21,22
2,21,51
1,21,23
1,21,81
1,21,892
1,21,52
2,22,23
2,22,52
1,22,24
1,22,82
1,22,893
1,22,53
2,23,24
2,23,53
1,23,25
1,23,83
1,23,894
1,23,54
2,24,25
2,24,54
1,24,26
1,24,84
1,24,895
1,24,55
2,25,26
2,25,55
1,25,27
1,25,85
1,25,896
1,25,56
2,26,27
2,26,56
1,26,28
1,26,86
1,26,897
1,26,57
2,27,28
2,27,57
1,27,29
1,27,87
1,27,898
1,27,58
2,28,29
2,28,58
1,28,0
1,28,88
1,28,899
1,28,59
2,29,0
2,29,59
1,29,1
1,29,89
1,29,870
1,29,30
2,30,31
2,30,60
1,30,32
1,30,90
1,30,1
1,30,61
2,31,32
2,31,61
1,31,33
1,31,91
1,31,2
1,31,62
2,32,33
2,32,62
1,32,34
1,32,92
1,32,3
1,32,63
2,33,34
2,33,63
1,33,35
1,33,93
1,33,4
1,33,64
2,34,35
2,34,64
1,34,36
1,34,94
1,34,5
1,34,65
2,35,36
2,35,65
1,35,37
1,35,95
1,35,6
1,35,66
2,36,37
2,36,66
1,36,38
1,36,96
1,36,7
1,36,67
2,37,38
2,37,67
1,37,39
1,37,97
1,37,8
1,37,68
2,38,39
2,38,68
1,38,40
1,38,98
1,38,9
1,38,69
2,39,40
2,39,69
1,39,41
1,39,99
1,39,10
1,39,70
2,40,41
2,40,70
1,40,42
1,40,100
1,40,11
1,40,71
2,41,42
2,41,71
1,41,43
1,41,101
1,41,12
1,41,72
2,42,43
2,42,72
1,42,44
1,42,102
1,42,13
1,42,73
2,43,44
2,43,73
1,43,45
1,43,103
1,43,14
1,43,74
2,44,45
2,44,74
1,44,46
1,44,104
1,44,15
1,44,75
2,45,46
2,45,75
1,45,47
1,45,105
1,45,16
1,45,76
2,46,47
2,46,76
1,46,48
1,46,106
1,46,17
1,46,77
2,47,48
2,47,77
1,47,49
1,47,107
1,47,18
1,47,78
2,48,49
2,48,78
1,48,50
1,48,108
1,48,19
1,48,79
2,49,50
2,49,79
1,49,51
1,49,109
1,49,20
1,49,80
2,50,51
2,50,80
1,50,52
1,50,110
1,50,21
1,50,81
2,51,52
2,51,81
1,51,53
1,51,111
1,51,22
1,51,82
2,52,53
2,52,82
1,52,54
1,52,112
1,52,23
1,52,83
2,53,54
2,53,83
1,53,55
1,53,113
1,53,24
1,53,84
2,54,55
2,54,84
1,54,56
1,54,114
1,54,25
1,54,85
2,55,56
2,55,85
1,55,57
1,55,115
1,55,26
1,55,86
2,56,57
2,56,86
1,56,58
1,56,116
1,56,27
1,56,87
2,57,58
2,57,87
1,57,59
1,57,117
1,57,28
1,57,88
2,58,59
2,58,88
1,58,30
1,58,118
1,58,29
1,58,89
2,59,30
2,59,89
1,59,31
1,59,119
1,59,0
1,59,60
2,60,61
2,60,90
1,60,62
1,60,120
1,60,31
1,60,91
2,61,62
2,61,91
1,61,63
1,61,121
1,61,32
1,61,92
2,62,63
2,62,92
1,62,64
1,62,122
1,62,33
1,62,93
2,63,64
2,63,93
1,63,65
1,63,123
1,63,34
1,63,94
2,64,65
2,64,94
1,64,66
1,64,124
1,64,35
1,64,95
2,65,66
2,65,95
1,65,67
1,65,125
1,65,36
1,65,96
2,66,67
2,66,96
1,66,68
1,66,126
1,66,37
1,66,97
2,67,68
2,67,97
1,67,69
1,67,127
1,67,38
1,67,98
2,68,69
2,68,98
1,68,70
1,68,128
1,68,39
1,68,99
2,69,70
2,69,99
1,69,71
1,69,129
1,69,40
1,69,100
2,70,71
2,70,100
1,70,72
1,70,130
1,70,41
1,70,101
2,71,72
2,71,101
1,71,73
1,71,131
1,71,42
1,71,102
2,72,73
2,72,102
1,72,74
1,72,132
1,72,43
1,72,103
2,73,74
2,73,103
1,73,75
1,73,133
1,73,44
1,73,104
2,74,75
2,74,104
1,74,76
1,74,134
1,74,45
1,74,105
2,75,76
2,75,105
1,75,77
1,75,135
1,75,46
1,75,106
2,76,77
2,76,106
1,76,78
1,76,136
1,76,47
1,76,107
2,77,78
2,77,107
1,77,79
1,77,137
1,77,48
1,77,108
2,78,79
2,78,108
1,78,80
1,78,138
1,78,49
1,78,109
2,79,80
2,79,109
1,79,81
1,79,139
1,79,50
1,79,110
2,80,81
2,80,110
1,80,82
1,80,140
1,80,51
1,80,111
2,81,82
2,81,111
1,81,83
1,81,141
1,81,52
1,81,112
2,82,83
2,82,112
1,82,84
1,82,142
1,82,53
1,82,113
2,83,84
2,83,113
1,83,85
1,83,143
1,83,54
1,83,114
2,84,85
2,84,114
1,84,86
1,84,144
1,84,55
1,84,115
2,85,86
2,85,115
1,85,87
1,85,145
1,85,56
1,85,116
2,86,87
2,86,116
1,86,88
1,86,146
1,86,57
1,86,117
2,87,88
2,87,117
1,87,89
1,87,147
1,87,58
1,87,118
2,88,89
2,88,118
1,88,60
1,88,148
1,88,59
1,88,119
2,89,60
2,89,119
1,89,61
1,89,149
1,89,30
1,89,90
2,90,91
2,90,120
1,90,92
1,90,150
1,90,61
1,90,121
2,91,92
2,91,121
1,91,93
1,91,151
1,91,62
1,91,122
2,92,93
2,92,122
1,92,94
1,92,152
1,92,63
1,92,123
2,93,94
2,93,123
1,93,95
1,93,153
1,93,64
1,93,124
2,94,95
2,94,124
1,94,96
1,94,154
1,94,65
1,94,125
2,95,96
2,95,125
1,95,97
1,95,155
1,95,66
1,95,126
2,96,97
2,96,126
1,96,98
1,96,156
1,96,67
1,96,127
2,97,98
2,97,127
1,97,99
1,97,157
1,97,68
1,97,128
2,98,99
2,98,128
1,98,100
1,98,158
1,98,69
1,98,129
2,99,100
2,99,129
1,99,101
1,99,159
1,99,70
1,99,130
2,100,101
2,100,130
1,100,102
1,100,160
1,100,71
1,100,131
2,101,102
2,101,131
1,101,103
1,101,161
1,101,72
1,101,132
2,102,103
2,102,132
1,102,104
1,102,162
1,102,73
1,102,133
2,103,104
2,103,133
1,103,105
1,103,163
1,103,74
1,103,134
2,104,105
2,104,134
1,104,106
1,104,164
1,104,75
1,104,135
2,105,106
2,105,135
1,105,107
1,105,165
1,105,76
1,105,136
2,106,107
2,106,136
1,106,108
1,106,166
1,106,77
1,106,137
2,107,108
2,107,137
1,107,109
1,107,167
1,107,78
1,107,138
2,108,109
2,108,138
1,108,110
1,108,168
1,108,79
1,108,139
2,109,110
2,109,139
1,109,111
1,109,169
1,109,80
1,109,140
2,110,111
2,110,140
1,110,112
1,110,170
1,110,81
1,110,141
2,111,112
2,111,141
1,111,113
1,111,171
1,111,82
1,111,142
2,112,113
2,112,142
1,112,114
1,112,172
1,112,83
1,112,143
2,113,114
2,113,143
1,113,115
1,113,173
1,113,84
1,113,144
2,114,115
2,114,144
1,114,116
1,114,174
1,114,85
1,114,145
2,115,116
2,115,145
1,115,117
1,115,175
1,115,86
1,115,146
2,116,117
2,116,146
1,116,118
1,116,176
1,116,87
1,116,147
2,117,118
2,117,147
1,117,119
1,117,177
1,117,88
1,117,148
2,118,119
2,118,148
1,118,90
1,118,178
1,118,89
1,118,149
2,119,90
2,119,149
1,119,91
1,119,179
1,119,60
1,119,120
2,120,121
2,120,150
1,120,122
1,120,180
1,120,91
1,120,151
2,121,122
2,121,151
1,121,123
1,121,181
1,121,92
1,121,152
2,122,123
2,122,152
1,122,124
1,122,182
1,122,93
1,122,153
2,123,124
2,123,153
1,123,125
1,123,183
1,123,94
1,123,154
2,124,125
2,124,154
1,124,126
1,124,184
1,124,95
1,124,155
2,125,126
2,125,155
1,125,127
1,125,185
1,125,96
1,125,156
2,126,127
2,126,156
1,126,128
1,126,186
1,126,97
1,126,157
2,127,128
2,127,157
1,127,129
1,127,187
1,127,98
1,127,158
2,128,129
2,128,158
1,128,130
1,128,188
1,128,99
1,128,159
2,129,130
2,129,159
1,129,131
1,129,189
1,129,100
1,129,160
2,130,131
2,130,160
1,130,132
1,130,190
1,130,101
1,130,161
2,131,132
2,131,161
1,131,133
1,131,191
1,131,102
1,131,162
2,132,133
2,132,162
1,132,134
1,132,192
1,132,103
1,132,163
2,133,134
2,133,163
1,133,135
1,133,193
1,133,104
1,133,164
2,134,135
2,134,164
1,134,136
1,134,194
1,134,105
1,134,165
2,135,136
2,135,165
1,135,137
1,135,195
1,135,106
1,135,166
2,136,137
2,136,166
1,136,138
1,136,196
1,136,107
1,136,167
2,137,138
2,137,167
1,137,139
1,137,197
1,137,108
1,137,168
2,138,139
2,138,168
1,138,140
1,138,198
1,138,109
1,138,169
2,139,140
2,139,169
1,139,141
1,139,199
1,139,110
1,139,170
2,140,141
2,140,170
1,140,142
1,140,200
1,140,111
1,140,171
2,141,142
2,141,171
1,141,143
1,141,201
1,141,112
1,141,172
2,142,143
2,142,172
1,142,144
1,142,202
1,142,113
1,142,173
2,143,144
2,143,173
1,143,145
1,143,203
1,143,114
1,143,174
2,144,145
2,144,174
1,144,146
1,144,204
1,144,115
1,144,175
2,145,146
2,145,175
1,145,147
1,145,205
1,145,116
1,145,176
2,146,147
2,146,176
1,146,148
1,146,206
1,146,117
1,146,177
2,147,148
2,147,177
1,147,149
1,147,207
1,147,118
1,147,178
2,148,149
2,148,178
1,148,120
1,148,208
1,148,119
1,148,179
2,149,120
2,149,179
1,149,121
1,149,209
1,149,90
1,149,150
2,150,151
2,150,180
1,150,152
1,150,210
1,150,121
1,150,181
2,151,152
2,151,181
1,151,153
1,151,211
1,151,122
1,151,182
2,152,153
2,152,182
1,152,154
1,152,212
1,152,123
1,152,183
2,153,154
2,153,183
1,153,155
1,153,213
1,153,124
1,153,184
2,154,155
2,154,184
1,154,156
1,154,214
1,154,125
1,154,185
2,155,156
2,155,185
1,155,157
1,155,215
1,155,126
1,155,186
2,156,157
2,156,186
1,156,158
1,156,216
1,156,127
1,156,187
2,157,158
2,157,187
1,157,159
1,157,217
1,157,128
1,157,188
2,158,159
2,158,188
1,158,160
1,158,218
1,158,129
1,158,189
2,159,160
2,159,189
1,159,161
1,159,219
1,159,130
1,159,190
2,160,161
2,160,190
1,160,162
1,160,220
1,160,131
1,160,191
2,161,162
2,161,191
1,161,163
1,161,221
1,161,132
1,161,192
2,162,163
2,162,192
1,162,164
1,162,222
1,162,133
1,162,193
2,163,164
2,163,193
1,163,165
1,163,223
1,163,134
1,163,194
2,164,165
2,164,194
1,164,166
1,164,224
1,164,135
1,164,195
2,165,166
2,165,195
1,165,167
1,165,225
1,165,136
1,165,196
2,166,167
2,166,196
1,166,168
1,166,226
1,166,137
1,166,197
2,167,168
2,167,197
1,167,169
1,167,227
1,167,138
1,167,198
2,168,169
2,168,198
1,168,170
1,168,228
1,168,139
1,168,199
2,169,170
2,169,199
1,169,171
1,169,229
1,169,140
1,169,200
2,170,171
2,170,200
1,170,172
1,170,230
1,170,141
1,170,201
2,171,172
2,171,201
1,171,173
1,171,231
1,171,142
1,171,202
2,172,173
2,172,202
1,172,174
1,172,232
1,172,143
1,172,203
2,173,174
2,173,203
1,173,175
1,173,233
1,173,144
1,173,204
2,174,175
2,174,204
1,174,176
1,174,234
1,174,145
1,174,205
2,175,176
2,175,205
1,175,177
1,175,235
1,175,146
1,175,206
2,176,177
2,176,206
1,176,178
1,176,236
1,176,147
1,176,207
2,177,178
2,177,207
1,177,179
1,177,237
1,177,148
1,177,208
2,178,179
2,178,208
1,178,150
1,178,238
1,178,149
1,178,209
2,179,150
2,179,209
1,179,151
1,179,239
1,179,120
1,179,180
2,180,181
2,180,210
1,180,182
1,180,240
1,180,151
1,180,211
2,181,182
2,181,211
1,181,183
1,181,241
1,181,152
1,181,212
2,182,183
2,182,212
1,182,184
1,182,242
1,182,153
1,182,213
2,183,184
2,183,213
1,183,185
1,183,243
1,183,154
1,183,214
2,184,185
2,184,214
1,184,186
1,184,244
1,184,155
1,184,215
2,185,186
2,185,215
1,185,187
1,185,245
1,185,156
1,185,216
2,186,187
2,186,216
1,186,188
1,186,246
1,186,157
1,186,217
2,187,188
2,187,217
1,187,189
1,187,247
1,187,158
1,187,218
2,188,189
2,188,218
1,188,190
1,188,248
1,188,159
1,188,219
2,189,190
2,189,219
1,189,191
1,189,249
1,189,160
1,189,220
2,190,191
2,190,220
1,190,192
1,190,250
1,190,161
1,190,221
2,191,192
2,191,221
1,191,193
1,191,251
1,191,162
1,191,222
2,192,193
2,192,222
1,192,194
1,192,252
1,192,163
1,192,223
2,193,194
2,193,223
1,193,195
1,193,253
1,193,164
1,193,224
2,194,195
2,194,224
1,194,196
1,194,254
1,194,165
1,194,225
2,195,196
2,195,225
1,195,197
1,195,255
1,195,166
1,195,226
2,196,197
2,196,226
1,196,198
1,196,256
1,196,167
1,196,227
2,197,198
2,197,227
1,197,199
1,197,257
1,197,168
1,197,228
2,198,199
2,198,228
1,198,200
1,198,258
1,198,169
1,198,229
2,199,200
2,199,229
1,199,201
1,199,259
1,199,170
1,199,230
2,200,201
2,200,230
1,200,202
1,200,260
1,200,171
1,200,231
2,201,202
2,201,231
1,201,203
1,201,261
1,201,172
1,201,232
2,202,203
2,202,232
1,202,204
1,202,262
1,202,173
1,202,233
2,203,204
2,203,233
1,203,205
1,203,263
1,203,174
1,203,234
2,204,205
2,204,234
1,204,206
1,204,264
1,204,175
1,204,235
2,205,206
2,205,235
1,205,207
1,205,265
1,205,176
1,205,236
2,206,207
2,206,236
1,206,208
1,206,266
1,206,177
1,206,237
2,207,208
2,207,237
1,207,209
1,207,267
1,207,178
1,207,238
2,208,209
2,208,238
1,208,180
1,208,268
1,208,179
1,208,239
2,209,180
2,209,239
1,209,181
1,209,269
1,209,150
1,209,210
2,210,211
2,210,240
1,210,212
1,210,270
1,210,181
1,210,241
2,211,212
2,211,241
1,211,213
1,211,271
1,211,182
1,211,242
2,212,213
2,212,242
1,212,214
1,212,272
1,212,183
1,212,243
2,213,214
2,213,243
1,213,215
1,213,273
1,213,184
1,213,244
2,214,215
2,214,244
1,214,216
1,214,274
1,214,185
1,214,245
2,215,216
2,215,245
1,215,217
1,215,275
1,215,186
1,215,246
2,216,217
2,216,246
1,216,218
1,216,276
1,216,187
1,216,247
2,217,218
2,217,247
1,217,219
1,217,277
1,217,188
1,217,248
2,218,219
2,218,248
1,218,220
1,218,278
1,218,189
1,218,249
2,219,220
2,219,249
1,219,221
1,219,279
1,219,190
1,219,250
2,220,221
2,220,250
1,220,222
1,220,280
1,220,191
1,220,251
2,221,222
2,221,251
1,221,223
1,221,281
1,221,192
1,221,252
2,222,223
2,222,252
1,222,224
1,222,282
1,222,193
1,222,253
2,223,224
2,223,253
1,223,225
1,223,283
1,223,194
1,223,254
2,224,225
2,224,254
1,224,226
1,224,284
1,224,195
1,224,255
2,225,226
2,225,255
1,225,227
1,225,285
1,225,196
1,225,256
2,226,227
2,226,256
1,226,228
1,226,286
1,226,197
1,226,257
2,227,228
2,227,257
1,227,229
1,227,287
1,227,198
1,227,258
2,228,229
2,228,258
1,228,230
1,228,288
1,228,199
1,228,259
2,229,230
2,229,259
1,229,231
1,229,289
1,229,200
1,229,260
2,230,231
2,230,260
1,230,232
1,230,290
1,230,201
1,230,261
2,231,232
2,231,261
1,231,233
1,231,291
1,231,202
1,231,262
2,232,233
2,232,262
1,232,234
1,232,292
1,232,203
1,232,263
2,233,234
2,233,263
1,233,235
1,233,293
1,233,204
1,233,264
2,234,235
2,234,264
1,234,236
1,234,294
1,234,205
1,234,265
2,235,236
2,235,265
1,235,237
1,235,295
1,235,206
1,235,266
2,236,237
2,236,266
1,236,238
1,236,296
1,236,207
1,236,267
2,237,238
2,237,267
1,237,239
1,237,297
1,237,208
1,237,268
2,238,239
2,238,268
1,238,210
1,238,298
1,238,209
1,238,269
2,239,210
2,239,269
1,239,211
1,239,299
1,239,180
1,239,240
2,240,241
2,240,270
1,240,242
1,240,300
1,240,211
1,240,271
2,241,242
2,241,271
1,241,243
1,241,301
1,241,212
1,241,272
2,242,243
2,242,272
1,242,244
1,242,302
1,242,213
1,242,273
2,243,244
2,243,273
1,243,245
1,243,303
1,243,214
1,243,274
2,244,245
2,244,274
1,244,246
1,244,304
1,244,215
1,244,275
2,245,246
2,245,275
1,245,247
1,245,305
1,245,216
1,245,276
2,246,247
2,246,276
1,246,248
1,246,306
1,246,217
1,246,277
2,247,248
2,247,277
1,247,249
1,247,307
1,247,218
1,247,278
2,248,249
2,248,278
1,248,250
1,248,308
1,248,219
1,248,279
2,249,250
2,249,279
1,249,251
1,249,309
1,249,220
1,249,280
2,250,251
2,250,280
1,250,252
1,250,310
1,250,221
1,250,281
2,251,252
2,251,281
1,251,253
1,251,311
1,251,222
1,251,282
2,252,253
2,252,282
1,252,254
1,252,312
1,252,223
1,252,283
2,253,254
2,253,283
1,253,255
1,253,313
1,253,224
1,253,284
2,254,255
2,254,284
1,254,256
1,254,314
1,254,225
1,254,285
2,255,256
2,255,285
1,255,257
1,255,315
1,255,226
1,255,286
2,256,257
2,256,286
1,256,258
1,256,316
1,256,227
1,256,287
2,257,258
2,257,287
1,257,259
1,257,317
1,257,228
1,257,288
2,258,259
2,258,288
1,258,260
1,258,318
1,258,229
1,258,289
2,259,260
2,259,289
1,259,261
1,259,319
1,259,230
1,259,290
2,260,261
2,260,290
1,260,262
1,260,320
1,260,231
1,260,291
2,261,262
2,261,291
1,261,263
1,261,321
1,261,232
1,261,292
2,262,263
2,262,292
1,262,264
1,262,322
1,262,233
1,262,293
2,263,264
2,263,293
1,263,265
1,263,323
1,263,234
1,263,294
2,264,265
2,264,294
1,264,266
1,264,324
1,264,235
1,264,295
2,265,266
2,265,295
1,265,267
1,265,325
1,265,236
1,265,296
2,266,267
2,266,296
1,266,268
1,266,326
1,266,237
1,266,297
2,267,268
2,267,297
1,267,269
1,267,327
1,267,238
1,267,298
2,268,269
2,268,298
1,268,240
1,268,328
1,268,239
1,268,299
2,269,240
2,269,299
1,269,241
1,269,329
1,269,210
1,269,270
2,270,271
2,270,300
1,270,272
1,270,330
1,270,241
1,270,301
2,271,272
2,271,301
1,271,273
1,271,331
1,271,242
1,271,302
2,272,273
2,272,302
1,272,274
1,272,332
1,272,243
1,272,303
2,273,274
2,273,303
1,273,275
1,273,333
1,273,244
1,273,304
2,274,275
2,274,304
1,274,276
1,274,334
1,274,245
1,274,305
2,275,276
2,275,305
1,275,277
1,275,335
1,275,246
1,275,306
2,276,277
2,276,306
1,276,278
1,276,336
1,276,247
1,276,307
2,277,278
2,277,307
1,277,279
1,277,337
1,277,248
1,277,308
2,278,279
2,278,308
1,278,280
1,278,338
1,278,249
1,278,309
2,279,280
2,279,309
1,279,281
1,279,339
1,279,250
1,279,310
2,280,281
2,280,310
1,280,282
1,280,340
1,280,251
1,280,311
2,281,282
2,281,311
1,281,283
1,281,341
1,281,252
1,281,312
2,282,283
2,282,312
1,282,284
1,282,342
1,282,253
1,282,313
2,283,284
2,283,313
1,283,285
1,283,343
1,283,254
1,283,314
2,284,285
2,284,314
1,284,286
1,284,344
1,284,255
1,284,315
2,285,286
2,285,315
1,285,287
1,285,345
1,285,256
1,285,316
2,286,287
2,286,316
1,286,288
1,286,346
1,286,257
1,286,317
2,287,288
2,287,317
1,287,289
1,287,347
1,287,258
1,287,318
2,288,289
2,288,318
1,288,290
1,288,348
1,288,259
1,288,319
2,289,290
2,289,319
1,289,291
1,289,349
1,289,260
1,289,320
2,290,291
2,290,320
1,290,292
1,290,350
1,290,261
1,290,321
2,291,292
2,291,321
1,291,293
1,291,351
1,291,262
1,291,322
2,292,293
2,292,322
1,292,294
1,292,352
1,292,263
1,292,323
2,293,294
2,293,323
1,293,295
1,293,353
1,293,264
1,293,324
2,294,295
2,294,324
1,294,296
1,294,354
1,294,265
1,294,325
2,295,296
2,295,325
1,295,297
1,295,355
1,295,266
1,295,326
2,296,297
2,296,326
1,296,298
1,296,356
1,296,267
1,296,327
2,297,298
2,297,327
1,297,299
1,297,357
1,297,268
1,297,328
2,298,299
2,298,328
1,298,270
1,298,358
1,298,269
1,298,329
2,299,270
2,299,329
1,299,271
1,299,359
1,299,240
1,299,300
2,300,301
2,300,330
1,300,302
1,300,360
1,300,271
1,300,331
2,301,302
2,301,331
1,301,303
1,301,361
1,301,272
1,301,332
2,302,303
2,302,332
1,302,304
1,302,362
1,302,273
1,302,333
2,303,304
2,303,333
1,303,305
1,303,363
1,303,274
1,303,334
2,304,305
2,304,334
1,304,306
1,304,364
1,304,275
1,304,335
2,305,306
2,305,335
1,305,307
1,305,365
1,305,276
1,305,336
2,306,307
2,306,336
1,306,308
1,306,366
1,306,277
1,306,337
2,307,308
2,307,337
1,307,309
1,307,367
1,307,278
1,307,338
2,308,309
2,308,338
1,308,310
1,308,368
1,308,279
1,308,339
2,309,310
2,309,339
1,309,311
1,309,369
1,309,280
1,309,340
2,310,311
2,310,340
1,310,312
1,310,370
1,310,281
1,310,341
2,311,312
2,311,341
1,311,313
1,311,371
1,311,282
1,311,342
2,312,313
2,312,342
1,312,314
1,312,372
1,312,283
1,312,343
2,313,314
2,313,343
1,313,315
1,313,373
1,313,284
1,313,344
2,314,315
2,314,344
1,314,316
1,314,374
1,314,285
1,314,345
2,315,316
2,315,345
1,315,317
1,315,375
1,315,286
1,315,346
2,316,317
2,316,346
1,316,318
1,316,376
1,316,287
1,316,347
2,317,318
2,317,347
1,317,319
1,317,377
1,317,288
1,317,348
2,318,319
2,318,348
1,318,320
1,318,378
1,318,289
1,318,349
2,319,320
2,319,349
1,319,321
1,319,379
1,319,290
1,319,350
2,320,321
2,320,350
1,320,322
1,320,380
1,320,291
1,320,351
2,321,322
2,321,351
1,321,323
1,321,381
1,321,292
1,321,352
2,322,323
2,322,352
1,322,324
1,322,382
1,322,293
1,322,353
2,323,324
2,323,353
1,323,325
1,323,383
1,323,294
1,323,354
2,324,325
2,324,354
1,324,326
1,324,384
1,324,295
1,324,355
2,325,326
2,325,355
1,325,327
1,325,385
1,325,296
1,325,356
2,326,327
2,326,356
1,326,328
1,326,386
1,326,297
1,326,357
2,327,328
2,327,357
1,327,329
1,327,387
1,327,298
1,327,358
2,328,329
2,328,358
1,328,300
1,328,388
1,328,299
1,328,359
2,329,300
2,329,359
1,329,301
1,329,389
1,329,270
1,329,330
2,330,331
2,330,360
1,330,332
1,330,390
1,330,301
1,330,361
2,331,332
2,331,361
1,331,333
1,331,391
1,331,302
1,331,362
2,332,333
2,332,362
1,332,334
1,332,392
1,332,303
1,332,363
2,333,334
2,333,363
1,333,335
1,333,393
1,333,304
1,333,364
2,334,335
2,334,364
1,334,336
1,334,394
1,334,305
1,334,365
2,335,336
2,335,365
1,335,337
1,335,395
1,335,306
1,335,366
2,336,337
2,336,366
1,336,338
1,336,396
1,336,307
1,336,367
2,337,338
2,337,367
1,337,339
1,337,397
1,337,308
1,337,368
2,338,339
2,338,368
1,338,340
1,338,398
1,338,309
1,338,369
2,339,340
2,339,369
1,339,341
1,339,399
1,339,310
1,339,370
2,340,341
2,340,370
1,340,342
1,340,400
1,340,311
1,340,371
2,341,342
2,341,371
1,341,343
1,341,401
1,341,312
1,341,372
2,342,343
2,342,372
1,342,344
1,342,402
1,342,313
1,342,373
2,343,344
2,343,373
1,343,345
1,343,403
1,343,314
1,343,374
2,344,345
2,344,374
1,344,346
1,344,404
1,344,315
1,344,375
2,345,346
2,345,375
1,345,347
1,345,405
1,345,316
1,345,376
2,346,347
2,346,376
1,346,348
1,346,406
1,346,317
1,346,377
2,347,348
2,347,377
1,347,349
1,347,407
1,347,318
1,347,378
2,348,349
2,348,378
1,348,350
1,348,408
1,348,319
1,348,379
2,349,350
2,349,379
1,349,351
1,349,409
1,349,320
1,349,380
2,350,351
2,350,380
1,350,352
1,350,410
1,350,321
1,350,381
2,351,352
2,351,381
1,351,353
1,351,411
1,351,322
1,351,382
2,352,353
2,352,382
1,352,354
1,352,412
1,352,323
1,352,383
2,353,354
2,353,383
1,353,355
1,353,413
1,353,324
1,353,384
2,354,355
2,354,384
1,354,356
1,354,414
1,354,325
1,354,385
2,355,356
2,355,385
1,355,357
1,355,415
1,355,326
1,355,386
2,356,357
2,356,386
1,356,358
1,356,416
1,356,327
1,356,387
2,357,358
2,357,387
1,357,359
1,357,417
1,357,328
1,357,388
2,358,359
2,358,388
1,358,330
1,358,418
1,358,329
1,358,389
2,359,330
2,359,389
1,359,331
1,359,419
1,359,300
1,359,360
2,360,361
2,360,390
1,360,362
1,360,420
1,360,331
1,360,391
2,361,362
2,361,391
1,361,363
1,361,421
1,361,332
1,361,392
2,362,363
2,362,392
1,362,364
1,362,422
1,362,333
1,362,393
2,363,364
2,363,393
1,363,365
1,363,423
1,363,334
1,363,394
2,364,365
2,364,394
1,364,366
1,364,424
1,364,335
1,364,395
2,365,366
2,365,395
1,365,367
1,365,425
1,365,336
1,365,396
2,366,367
2,366,396
1,366,368
1,366,426
1,366,337
1,366,397
2,367,368
2,367,397
1,367,369
1,367,427
1,367,338
1,367,398
2,368,369
2,368,398
1,368,370
1,368,428
1,368,339
1,368,399
2,369,370
2,369,399
1,369,371
1,369,429
1,369,340
1,369,400
2,370,371
2,370,400
1,370,372
1,370,430
1,370,341
1,370,401
2,371,372
2,371,401
1,371,373
1,371,431
1,371,342
1,371,402
2,372,373
2,372,402
1,372,374
1,372,432
1,372,343
1,372,403
2,373,374
2,373,403
1,373,375
1,373,433
1,373,344
1,373,404
2,374,375
2,374,404
1,374,376
1,374,434
1,374,345
1,374,405
2,375,376
2,375,405
1,375,377
1,375,435
1,375,346
1,375,406
2,376,377
2,376,406
1,376,378
1,376,436
1,376,347
1,376,407
2,377,378
2,377,407
1,377,379
1,377,437
1,377,348
1,377,408
2,378,379
2,378,408
1,378,380
1,378,438
1,378,349
1,378,409
2,379,380
2,379,409
1,379,381
1,379,439
1,379,350
1,379,410
2,380,381
2,380,410
1,380,382
1,380,440
1,380,351
1,380,411
2,381,382
2,381,411
1,381,383
1,381,441
1,381,352
1,381,412
2,382,383
2,382,412
1,382,384
1,382,442
1,382,353
1,382,413
2,383,384
2,383,413
1,383,385
1,383,443
1,383,354
1,383,414
2,384,385
2,384,414
1,384,386
1,384,444
1,384,355
1,384,415
2,385,386
2,385,415
1,385,387
1,385,445
1,385,356
1,385,416
2,386,387
2,386,416
1,386,388
1,386,446
1,386,357
1,386,417
2,387,388
2,387,417
1,387,389
1,387,447
1,387,358
1,387,418
2,388,389
2,388,418
1,388,360
1,388,448
1,388,359
1,388,419
2,389,360
2,389,419
1,389,361
1,389,449
1,389,330
1,389,390
2,390,391
2,390,420
1,390,392
1,390,450
1,390,361
1,390,421
2,391,392
2,391,421
1,391,393
1,391,451
1,391,362
1,391,422
2,392,393
2,392,422
1,392,394
1,392,452
1,392,363
1,392,423
2,393,394
2,393,423
1,393,395
1,393,453
1,393,364
1,393,424
2,394,395
2,394,424
1,394,396
1,394,454
1,394,365
1,394,425
2,395,396
2,395,425
1,395,397
1,395,455
1,395,366
1,395,426
2,396,397
2,396,426
1,396,398
1,396,456
1,396,367
1,396,427
2,397,398
2,397,427
1,397,399
1,397,457
1,397,368
1,397,428
2,398,399
2,398,428
1,398,400
1,398,458
1,398,369
1,398,429
2,399,400
2,399,429
1,399,401
1,399,459
1,399,370
1,399,430
2,400,401
2,400,430
1,400,402
1,400,460
1,400,371
1,400,431
2,401,402
2,401,431
1,401,403
1,401,461
1,401,372
1,401,432
2,402,403
2,402,432
1,402,404
1,402,462
1,402,373
1,402,433
2,403,404
2,403,433
1,403,405
1,403,463
1,403,374
1,403,434
2,404,405
2,404,434
1,404,406
1,404,464
1,404,375
1,404,435
2,405,406
2,405,435
1,405,407
1,405,465
1,405,376
1,405,436
2,406,407
2,406,436
1,406,408
1,406,466
1,406,377
1,406,437
2,407,408
2,407,437
1,407,409
1,407,467
1,407,378
1,407,438
2,408,409
2,408,438
1,408,410
1,408,468
1,408,379
1,408,439
2,409,410
2,409,439
1,409,411
1,409,469
1,409,380
1,409,440
2,410,411
2,410,440
1,410,412
1,410,470
1,410,381
1,410,441
2,411,412
2,411,441
1,411,413
1,411,471
1,411,382
1,411,442
2,412,413
2,412,442
1,412,414
1,412,472
1,412,383
1,412,443
2,413,414
2,413,443
1,413,415
1,413,473
1,413,384
1,413,444
2,414,415
2,414,444
1,414,416
1,414,474
1,414,385
1,414,445
2,415,416
2,415,445
1,415,417
1,415,475
1,415,386
1,415,446
2,416,417
2,416,446
1,416,418
1,416,476
1,416,387
1,416,447
2,417,418
2,417,447
1,417,419
1,417,477
1,417,388
1,417,448
2,418,419
2,418,448
1,418,390
1,418,478
1,418,389
1,418,449
2,419,390
2,419,449
1,419,391
1,419,479
1,419,360
1,419,420
2,420,421
2,420,450
1,420,422
1,420,480
1,420,391
1,420,451
2,421,422
2,421,451
1,421,423
1,421,481
1,421,392
1,421,452
2,422,423
2,422,452
1,422,424
1,422,482
1,422,393
1,422,453
2,423,424
2,423,453
1,423,425
1,423,483
1,423,394
1,423,454
2,424,425
2,424,454
1,424,426
1,424,484
1,424,395
1,424,455
2,425,426
2,425,455
1,425,427
1,425,485
1,425,396
1,425,456
2,426,427
2,426,456
1,426,428
1,426,486
1,426,397
1,426,457
2,427,428
2,427,457
1,427,429
1,427,487
1,427,398
1,427,458
2,428,429
2,428,458
1,428,430
1,428,488
1,428,399
1,428,459
2,429,430
2,429,459
1,429,431
1,429,489
1,429,400
1,429,460
2,430,431
2,430,460
1,430,432
1,430,490
1,430,401
1,430,461
2,431,432
2,431,461
1,431,433
1,431,491
1,431,402
1,431,462
2,432,433
2,432,462
1,432,434
1,432,492
1,432,403
1,432,463
2,433,434
2,433,463
1,433,435
1,433,493
1,433,404
1,433,464
2,434,435
2,434,464
1,434,436
1,434,494
1,434,405
1,434,465
2,435,436
2,435,465
1,435,437
1,435,495
1,435,406
1,435,466
2,436,437
2,436,466
1,436,438
1,436,496
1,436,407
1,436,467
2,437,438
2,437,467
1,437,439
1,437,497
1,437,408
1,437,468
2,438,439
2,438,468
1,438,440
1,438,498
1,438,409
1,438,469
2,439,440
2,439,469
1,439,441
1,439,499
1,439,410
1,439,470
2,440,441
2,440,470
1,440,442
1,440,500
1,440,411
1,440,471
2,441,442
2,441,471
1,441,443
1,441,501
1,441,412
1,441,472
2,442,443
2,442,472
1,442,444
1,442,502
1,442,413
1,442,473
2,443,444
2,443,473
1,443,445
1,443,503
1,443,414
1,443,474
2,444,445
2,444,474
1,444,446
1,444,504
1,444,415
1,444,475
2,445,446
2,445,475
1,445,447
1,445,505
1,445,416
1,445,476
2,446,447
2,446,476
1,446,448
1,446,506
1,446,417
1,446,477
2,447,448
2,447,477
1,447,449
1,447,507
1,447,418
1,447,478
2,448,449
2,448,478
1,448,420
1,448,508
1,448,419
1,448,479
2,449,420
2,449,479
1,449,421
1,449,509
1,449,390
1,449,450
2,450,451
2,450,480
1,450,452
1,450,510
1,450,421
1,450,481
2,451,452
2,451,481
1,451,453
1,451,511
1,451,422
1,451,482
2,452,453
2,452,482
1,452,454
1,452,512
1,452,423
1,452,483
2,453,454
2,453,483
1,453,455
1,453,513
1,453,424
1,453,484
2,454,455
2,454,484
1,454,456
1,454,514
1,454,425
1,454,485
2,455,456
2,455,485
1,455,457
1,455,515
1,455,426
1,455,486
2,456,457
2,456,486
1,456,458
1,456,516
1,456,427
1,456,487
2,457,458
2,457,487
1,457,459
1,457,517
1,457,428
1,457,488
2,458,459
2,458,488
1,458,460
1,458,518
1,458,429
1,458,489
2,459,460
2,459,489
1,459,461
1,459,519
1,459,430
1,459,490
2,460,461
2,460,490
1,460,462
1,460,520
1,460,431
1,460,491
2,461,462
2,461,491
1,461,463
1,461,521
1,461,432
1,461,492
2,462,463
2,462,492
1,462,464
1,462,522
1,462,433
1,462,493
2,463,464
2,463,493
1,463,465
1,463,523
1,463,434
1,463,494
2,464,465
2,464,494
1,464,466
1,464,524
1,464,435
1,464,495
2,465,466
2,465,495
1,465,467
1,465,525
1,465,436
1,465,496
2,466,467
2,466,496
1,466,468
1,466,526
1,466,437
1,466,497
2,467,468
2,467,497
1,467,469
1,467,527
1,467,438
1,467,498
2,468,469
2,468,498
1,468,470
1,468,528
1,468,439
1,468,499
2,469,470
2,469,499
1,469,471
1,469,529
1,469,440
1,469,500
2,470,471
2,470,500
1,470,472
1,470,530
1,470,441
1,470,501
2,471,472
2,471,501
1,471,473
1,471,531
1,471,442
1,471,502
2,472,473
2,472,502
1,472,474
1,472,532
1,472,443
1,472,503
2,473,474
2,473,503
1,473,475
1,473,533
1,473,444
1,473,504
2,474,475
2,474,504
1,474,476
1,474,534
1,474,445
1,474,505
2,475,476
2,475,505
1,475,477
1,475,535
1,475,446
1,475,506
2,476,477
2,476,506
1,476,478
1,476,536
1,476,447
1,476,507
2,477,478
2,477,507
1,477,479
1,477,537
1,477,448
1,477,508
2,478,479
2,478,508
1,478,450
1,478,538
1,478,449
1,478,509
2,479,450
2,479,509
1,479,451
1,479,539
1,479,420
1,479,480
2,480,481
2,480,510
1,480,482
1,480,540
1,480,451
1,480,511
2,481,482
2,481,511
1,481,483
1,481,541
1,481,452
1,481,512
2,482,483
2,482,512
1,482,484
1,482,542
1,482,453
1,482,513
2,483,484
2,483,513
1,483,485
1,483,543
1,483,454
1,483,514
2,484,485
2,484,514
1,484,486
1,484,544
1,484,455
1,484,515
2,485,486
2,485,515
1,485,487
1,485,545
1,485,456
1,485,516
2,486,487
2,486,516
1,486,488
1,486,546
1,486,457
1,486,517
2,487,488
2,487,517
1,487,489
1,487,547
1,487,458
1,487,518
2,488,489
2,488,518
1,488,490
1,488,548
1,488,459
1,488,519
2,489,490
2,489,519
1,489,491
1,489,549
1,489,460
1,489,520
2,490,491
2,490,520
1,490,492
1,490,550
1,490,461
1,490,521
2,491,492
2,491,521
1,491,493
1,491,551
1,491,462
1,491,522
2,492,493
2,492,522
1,492,494
1,492,552
1,492,463
1,492,523
2,493,494
2,493,523
1,493,495
1,493,553
1,493,464
1,493,524
2,494,495
2,494,524
1,494,496
1,494,554
1,494,465
1,494,525
2,495,496
2,495,525
1,495,497
1,495,555
1,495,466
1,495,526
2,496,497
2,496,526
1,496,498
1,496,556
1,496,467
1,496,527
2,497,498
2,497,527
1,497,499
1,497,557
1,497,468
1,497,528
2,498,499
2,498,528
1,498,500
1,498,558
1,498,469
1,498,529
2,499,500
2,499,529
1,499,501
1,499,559
1,499,470
1,499,530
2,500,501
2,500,530
1,500,502
1,500,560
1,500,471
1,500,531
2,501,502
2,501,531
1,501,503
1,501,561
1,501,472
1,501,532
2,502,503
2,502,532
1,502,504
1,502,562
1,502,473
1,502,533
2,503,504
2,503,533
1,503,505
1,503,563
1,503,474
1,503,534
2,504,505
2,504,534
1,504,506
1,504,564
1,504,475
1,504,535
2,505,506
2,505,535
1,505,507
1,505,565
1,505,476
1,505,536
2,506,507
2,506,536
1,506,508
1,506,566
1,506,477
1,506,537
2,507,508
2,507,537
1,507,509
1,507,567
1,507,478
1,507,538
2,508,509
2,508,538
1,508,480
1,508,568
1,508,479
1,508,539
2,509,480
2,509,539
1,509,481
1,509,569
1,509,450
1,509,510
2,510,511
2,510,540
1,510,512
1,510,570
1,510,481
1,510,541
2,511,512
2,511,541
1,511,513
1,511,571
1,511,482
1,511,542
2,512,513
2,512,542
1,512,514
1,512,572
1,512,483
1,512,543
2,513,514
2,513,543
1,513,515
1,513,573
1,513,484
1,513,544
2,514,515
2,514,544
1,514,516
1,514,574
1,514,485
1,514,545
2,515,516
2,515,545
1,515,517
1,515,575
1,515,486
1,515,546
2,516,517
2,516,546
1,516,518
1,516,576
1,516,487
1,516,547
2,517,518
2,517,547
1,517,519
1,517,577
1,517,488
1,517,548
2,518,519
2,518,548
1,518,520
1,518,578
1,518,489
1,518,549
2,519,520
2,519,549
1,519,521
1,519,579
1,519,490
1,519,550
2,520,521
2,520,550
1,520,522
1,520,580
1,520,491
1,520,551
2,521,522
2,521,551
1,521,523
1,521,581
1,521,492
1,521,552
2,522,523
2,522,552
1,522,524
1,522,582
1,522,493
1,522,553
2,523,524
2,523,553
1,523,525
1,523,583
1,523,494
1,523,554
2,524,525
2,524,554
1,524,526
1,524,584
1,524,495
1,524,555
2,525,526
2,525,555
1,525,527
1,525,585
1,525,496
1,525,556
2,526,527
2,526,556
1,526,528
1,526,586
1,526,497
1,526,557
2,527,528
2,527,557
1,527,529
1,527,587
1,527,498
1,527,558
2,528,529
2,528,558
1,528,530
1,528,588
1,528,499
1,528,559
2,529,530
2,529,559
1,529,531
1,529,589
1,529,500
1,529,560
2,530,531
2,530,560
1,530,532
1,530,590
1,530,501
1,530,561
2,531,532
2,531,561
1,531,533
1,531,591
1,531,502
1,531,562
2,532,533
2,532,562
1,532,534
1,532,592
1,532,503
1,532,563
2,533,534
2,533,563
1,533,535
1,533,593
1,533,504
1,533,564
2,534,535
2,534,564
1,534,536
1,534,594
1,534,505
1,534,565
2,535,536
2,535,565
1,535,537
1,535,595
1,535,506
1,535,566
2,536,537
2,536,566
1,536,538
1,536,596
1,536,507
1,536,567
2,537,538
2,537,567
1,537,539
1,537,597
1,537,508
1,537,568
2,538,539
2,538,568
1,538,510
1,538,598
1,538,509
1,538,569
2,539,510
2,539,569
1,539,511
1,539,599
1,539,480
1,539,540
2,540,541
2,540,570
1,540,542
1,540,600
1,540,511
1,540,571
2,541,542
2,541,571
1,541,543
1,541,601
1,541,512
1,541,572
2,542,543
2,542,572
1,542,544
1,542,602
1,542,513
1,542,573
2,543,544
2,543,573
1,543,545
1,543,603
1,543,514
1,543,574
2,544,545
2,544,574
1,544,546
1,544,604
1,544,515
1,544,575
2,545,546
2,545,575
1,545,547
1,545,605
1,545,516
1,545,576
2,546,547
2,546,576
1,546,548
1,546,606
1,546,517
1,546,577
2,547,548
2,547,577
1,547,549
1,547,607
1,547,518
1,547,578
2,548,549
2,548,578
1,548,550
1,548,608
1,548,519
1,548,579
2,549,550
2,549,579
1,549,551
1,549,609
1,549,520
1,549,580
2,550,551
2,550,580
1,550,552
1,550,610
1,550,521
1,550,581
2,551,552
2,551,581
1,551,553
1,551,611
1,551,522
1,551,582
2,552,553
2,552,582
1,552,554
1,552,612
1,552,523
1,552,583
2,553,554
2,553,583
1,553,555
1,553,613
1,553,524
1,553,584
2,554,555
2,554,584
1,554,556
1,554,614
1,554,525
1,554,585
2,555,556
2,555,585
1,555,557
1,555,615
1,555,526
1,555,586
2,556,557
2,556,586
1,556,558
1,556,616
1,556,527
1,556,587
2,557,558
2,557,587
1,557,559
1,557,617
1,557,528
1,557,588
2,558,559
2,558,588
1,558,560
1,558,618
1,558,529
1,558,589
2,559,560
2,559,589
1,559,561
1,559,619
1,559,530
1,559,590
2,560,561
2,560,590
1,560,562
1,560,620
1,560,531
1,560,591
2,561,562
2,561,591
1,561,563
1,561,621
1,561,532
1,561,592
2,562,563
2,562,592
1,562,564
1,562,622
1,562,533
1,562,593
2,563,564
2,563,593
1,563,565
1,563,623
1,563,534
1,563,594
2,564,565
2,564,594
1,564,566
1,564,624
1,564,535
1,564,595
2,565,566
2,565,595
1,565,567
1,565,625
1,565,536
1,565,596
2,566,567
2,566,596
1,566,568
1,566,626
1,566,537
1,566,597
2,567,568
2,567,597
1,567,569
1,567,627
1,567,538
1,567,598
2,568,569
2,568,598
1,568,540
1,568,628
1,568,539
1,568,599
2,569,540
2,569,599
1,569,541
1,569,629
1,569,510
1,569,570
2,570,571
2,570,600
1,570,572
1,570,630
1,570,541
1,570,601
2,571,572
2,571,601
1,571,573
1,571,631
1,571,542
1,571,602
2,572,573
2,572,602
1,572,574
1,572,632
1,572,543
1,572,603
2,573,574
2,573,603
1,573,575
1,573,633
1,573,544
1,573,604
2,574,575
2,574,604
1,574,576
1,574,634
1,574,545
1,574,605
2,575,576
2,575,605
1,575,577
1,575,635
1,575,546
1,575,606
2,576,577
2,576,606
1,576,578
1,576,636
1,576,547
1,576,607
2,577,578
2,577,607
1,577,579
1,577,637
1,577,548
1,577,608
2,578,579
2,578,608
1,578,580
1,578,638
1,578,549
1,578,609
2,579,580
2,579,609
1,579,581
1,579,639
1,579,550
1,579,610
2,580,581
2,580,610
1,580,582
1,580,640
1,580,551
1,580,611
2,581,582
2,581,611
1,581,583
1,581,641
1,581,552
1,581,612
2,582,583
2,582,612
1,582,584
1,582,642
1,582,553
1,582,613
2,583,584
2,583,613
1,583,585
1,583,643
1,583,554
1,583,614
2,584,585
2,584,614
1,584,586
1,584,644
1,584,555
1,584,615
2,585,586
2,585,615
1,585,587
1,585,645
1,585,556
1,585,616
2,586,587
2,586,616
1,586,588
1,586,646
1,586,557
1,586,617
2,587,588
2,587,617
1,587,589
1,587,647
1,587,558
1,587,618
2,588,589
2,588,618
1,588,590
1,588,648
1,588,559
1,588,619
2,589,590
2,589,619
1,589,591
1,589,649
1,589,560
1,589,620
2,590,591
2,590,620
1,590,592
1,590,650
1,590,561
1,590,621
2,591,592
2,591,621
1,591,593
1,591,651
1,591,562
1,591,622
2,592,593
2,592,622
1,592,594
1,592,652
1,592,563
1,592,623
2,593,594
2,593,623
1,593,595
1,593,653
1,593,564
1,593,624
2,594,595
2,594,624
1,594,596
1,594,654
1,594,565
1,594,625
2,595,596
2,595,625
1,595,597
1,595,655
1,595,566
1,595,626
2,596,597
2,596,626
1,596,598
1,596,656
1,596,567
1,596,627
2,597,598
2,597,627
1,597,599
1,597,657
1,597,568
1,597,628
2,598,599
2,598,628
1,598,570
1,598,658
1,598,569
1,598,629
2,599,570
2,599,629
1,599,571
1,599,659
1,599,540
1,599,600
2,600,601
2,600,630
1,600,602
1,600,660
1,600,571
1,600,631
2,601,602
2,601,631
1,601,603
1,601,661
1,601,572
1,601,632
2,602,603
2,602,632
1,602,604
1,602,662
1,602,573
1,602,633
2,603,604
2,603,633
1,603,605
1,603,663
1,603,574
1,603,634
2,604,605
2,604,634
1,604,606
1,604,664
1,604,575
1,604,635
2,605,606
2,605,635
1,605,607
1,605,665
1,605,576
1,605,636
2,606,607
2,606,636
1,606,608
1,606,666
1,606,577
1,606,637
2,607,608
2,607,637
1,607,609
1,607,667
1,607,578
1,607,638
2,608,609
2,608,638
1,608,610
1,608,668
1,608,579
1,608,639
2,609,610
2,609,639
1,609,611
1,609,669
1,609,580
1,609,640
2,610,611
2,610,640
1,610,612
1,610,670
1,610,581
1,610,641
2,611,612
2,611,641
1,611,613
1,611,671
1,611,582
1,611,642
2,612,613
2,612,642
1,612,614
1,612,672
1,612,583
1,612,643
2,613,614
2,613,643
1,613,615
1,613,673
1,613,584
1,613,644
2,614,615
2,614,644
1,614,616
1,614,674
1,614,585
1,614,645
2,615,616
2,615,645
1,615,617
1,615,675
1,615,586
1,615,646
2,616,617
2,616,646
1,616,618
1,616,676
1,616,587
1,616,647
2,617,618
2,617,647
1,617,619
1,617,677
1,617,588
1,617,648
2,618,619
2,618,648
1,618,620
1,618,678
1,618,589
1,618,649
2,619,620
2,619,649
1,619,621
1,619,679
1,619,590
1,619,650
2,620,621
2,620,650
1,620,622
1,620,680
1,620,591
1,620,651
2,621,622
2,621,651
1,621,623
1,621,681
1,621,592
1,621,652
2,622,623
2,622,652
1,622,624
1,622,682
1,622,593
1,622,653
2,623,624
2,623,653
1,623,625
1,623,683
1,623,594
1,623,654
2,624,625
2,624,654
1,624,626
1,624,684
1,624,595
1,624,655
2,625,626
2,625,655
1,625,627
1,625,685
1,625,596
1,625,656
2,626,627
2,626,656
1,626,628
1,626,686
1,626,597
1,626,657
2,627,628
2,627,657
1,627,629
1,627,687
1,627,598
1,627,658
2,628,629
2,628,658
1,628,600
1,628,688
1,628,599
1,628,659
2,629,600
2,629,659
1,629,601
1,629,689
1,629,570
1,629,630
2,630,631
2,630,660
1,630,632
1,630,690
1,630,601
1,630,661
2,631,632
2,631,661
1,631,633
1,631,691
1,631,602
1,631,662
2,632,633
2,632,662
1,632,634
1,632,692
1,632,603
1,632,663
2,633,634
2,633,663
1,633,635
1,633,693
1,633,604
1,633,664
2,634,635
2,634,664
1,634,636
1,634,694
1,634,605
1,634,665
2,635,636
2,635,665
1,635,637
1,635,695
1,635,606
1,635,666
2,636,637
2,636,666
1,636,638
1,636,696
1,636,607
1,636,667
2,637,638
2,637,667
1,637,639
1,637,697
1,637,608
1,637,668
2,638,639
2,638,668
1,638,640
1,638,698
1,638,609
1,638,669
2,639,640
2,639,669
1,639,641
1,639,699
1,639,610
1,639,670
2,640,641
2,640,670
1,640,642
1,640,700
1,640,611
1,640,671
2,641,642
2,641,671
1,641,643
1,641,701
1,641,612
1,641,672
2,642,643
2,642,672
1,642,644
1,642,702
1,642,613
1,642,673
2,643,644
2,643,673
1,643,645
1,643,703
1,643,614
1,643,674
2,644,645
2,644,674
1,644,646
1,644,704
1,644,615
1,644,675
2,645,646
2,645,675
1,645,647
1,645,705
1,645,616
1,645,676
2,646,647
2,646,676
1,646,648
1,646,706
1,646,617
1,646,677
2,647,648
2,647,677
1,647,649
1,647,707
1,647,618
1,647,678
2,648,649
2,648,678
1,648,650
1,648,708
1,648,619
1,648,679
2,649,650
2,649,679
1,649,651
1,649,709
1,649,620
1,649,680
2,650,651
2,650,680
1,650,652
1,650,710
1,650,621
1,650,681
2,651,652
2,651,681
1,651,653
1,651,711
1,651,622
1,651,682
2,652,653
2,652,682
1,652,654
1,652,712
1,652,623
1,652,683
2,653,654
2,653,683
1,653,655
1,653,713
1,653,624
1,653,684
2,654,655
2,654,684
1,654,656
1,654,714
1,654,625
1,654,685
2,655,656
2,655,685
1,655,657
1,655,715
1,655,626
1,655,686
2,656,657
2,656,686
1,656,658
1,656,716
1,656,627
1,656,687
2,657,658
2,657,687
1,657,659
1,657,717
1,657,628
1,657,688
2,658,659
2,658,688
1,658,630
1,658,718
1,658,629
1,658,689
2,659,630
2,659,689
1,659,631
1,659,719
1,659,600
1,659,660
2,660,661
2,660,690
1,660,662
1,660,720
1,660,631
1,660,691
2,661,662
2,661,691
1,661,663
1,661,721
1,661,632
1,661,692
2,662,663
2,662,692
1,662,664
1,662,722
1,662,633
1,662,693
2,663,664
2,663,693
1,663,665
1,663,723
1,663,634
1,663,694
2,664,665
2,664,694
1,664,666
1,664,724
1,664,635
1,664,695
2,665,666
2,665,695
1,665,667
1,665,725
1,665,636
1,665,696
2,666,667
2,666,696
1,666,668
1,666,726
1,666,637
1,666,697
2,667,668
2,667,697
1,667,669
1,667,727
1,667,638
1,667,698
2,668,669
2,668,698
1,668,670
1,668,728
1,668,639
1,668,699
2,669,670
2,669,699
1,669,671
1,669,729
1,669,640
1,669,700
2,670,671
2,670,700
1,670,672
1,670,730
1,670,641
1,670,701
2,671,672
2,671,701
1,671,673
1,671,731
1,671,642
1,671,702
2,672,673
2,672,702
1,672,674
1,672,732
1,672,643
1,672,703
2,673,674
2,673,703
1,673,675
1,673,733
1,673,644
1,673,704
2,674,675
2,674,704
1,674,676
1,674,734
1,674,645
1,674,705
2,675,676
2,675,705
1,675,677
1,675,735
1,675,646
1,675,706
2,676,677
2,676,706
1,676,678
1,676,736
1,676,647
1,676,707
2,677,678
2,677,707
1,677,679
1,677,737
1,677,648
1,677,708
2,678,679
2,678,708
1,678,680
1,678,738
1,678,649
1,678,709
2,679,680
2,679,709
1,679,681
1,679,739
1,679,650
1,679,710
2,680,681
2,680,710
1,680,682
1,680,740
1,680,651
1,680,711
2,681,682
2,681,711
1,681,683
1,681,741
1,681,652
1,681,712
2,682,683
2,682,712
1,682,684
1,682,742
1,682,653
1,682,713
2,683,684
2,683,713
1,683,685
1,683,743
1,683,654
1,683,714
2,684,685
2,684,714
1,684,686
1,684,744
1,684,655
1,684,715
2,685,686
2,685,715
1,685,687
1,685,745
1,685,656
1,685,716
2,686,687
2,686,716
1,686,688
1,686,746
1,686,657
1,686,717
2,687,688
2,687,717
1,687,689
1,687,747
1,687,658
1,687,718
2,688,689
2,688,718
1,688,660
1,688,748
1,688,659
1,688,719
2,689,660
2,689,719
1,689,661
1,689,749
1,689,630
1,689,690
2,690,691
2,690,720
1,690,692
1,690,750
1,690,661
1,690,721
2,691,692
2,691,721
1,691,693
1,691,751
1,691,662
1,691,722
2,692,693
2,692,722
1,692,694
1,692,752
1,692,663
1,692,723
2,693,694
2,693,723
1,693,695
1,693,753
1,693,664
1,693,724
2,694,695
2,694,724
1,694,696
1,694,754
1,694,665
1,694,725
2,695,696
2,695,725
1,695,697
1,695,755
1,695,666
1,695,726
2,696,697
2,696,726
1,696,698
1,696,756
1,696,667
1,696,727
2,697,698
2,697,727
1,697,699
1,697,757
1,697,668
1,697,728
2,698,699
2,698,728
1,698,700
1,698,758
1,698,669
1,698,729
2,699,700
2,699,729
1,699,701
1,699,759
1,699,670
1,699,730
2,700,701
2,700,730
1,700,702
1,700,760
1,700,671
1,700,731
2,701,702
2,701,731
1,701,703
1,701,761
1,701,672
1,701,732
2,702,703
2,702,732
1,702,704
1,702,762
1,702,673
1,702,733
2,703,704
2,703,733
1,703,705
1,703,763
1,703,674
1,703,734
2,704,705
2,704,734
1,704,706
1,704,764
1,704,675
1,704,735
2,705,706
2,705,735
1,705,707
1,705,765
1,705,676
1,705,736
2,706,707
2,706,736
1,706,708
1,706,766
1,706,677
1,706,737
2,707,708
2,707,737
1,707,709
1,707,767
1,707,678
1,707,738
2,708,709
2,708,738
1,708,710
1,708,768
1,708,679
1,708,739
2,709,710
2,709,739
1,709,711
1,709,769
1,709,680
1,709,740
2,710,711
2,710,740
1,710,712
1,710,770
1,710,681
1,710,741
2,711,712
2,711,741
1,711,713
1,711,771
1,711,682
1,711,742
2,712,713
2,712,742
1,712,714
1,712,772
1,712,683
1,712,743
2,713,714
2,713,743
1,713,715
1,713,773
1,713,684
1,713,744
2,714,715
2,714,744
1,714,716
1,714,774
1,714,685
1,714,745
2,715,716
2,715,745
1,715,717
1,715,775
1,715,686
1,715,746
2,716,717
2,716,746
1,716,718
1,716,776
1,716,687
1,716,747
2,717,718
2,717,747
1,717,719
1,717,777
1,717,688
1,717,748
2,718,719
2,718,748
1,718,690
1,718,778
1,718,689
1,718,749
2,719,690
2,719,749
1,719,691
1,719,779
1,719,660
1,719,720
2,720,721
2,720,750
1,720,722
1,720,780
1,720,691
1,720,751
2,721,722
2,721,751
1,721,723
1,721,781
1,721,692
1,721,752
2,722,723
2,722,752
1,722,724
1,722,782
1,722,693
1,722,753
2,723,724
2,723,753
1,723,725
1,723,783
1,723,694
1,723,754
2,724,725
2,724,754
1,724,726
1,724,784
1,724,695
1,724,755
2,725,726
2,725,755
1,725,727
1,725,785
1,725,696
1,725,756
2,726,727
2,726,756
1,726,728
1,726,786
1,726,697
1,726,757
2,727,728
2,727,757
1,727,729
1,727,787
1,727,698
1,727,758
2,728,729
2,728,758
1,728,730
1,728,788
1,728,699
1,728,759
2,729,730
2,729,759
1,729,731
1,729,789
1,729,700
1,729,760
2,730,731
2,730,760
1,730,732
1,730,790
1,730,701
1,730,761
2,731,732
2,731,761
1,731,733
1,731,791
1,731,702
1,731,762
2,732,733
2,732,762
1,732,734
1,732,792
1,732,703
1,732,763
2,733,734
2,733,763
1,733,735
1,733,793
1,733,704
1,733,764
2,734,735
2,734,764
1,734,736
1,734,794
1,734,705
1,734,765
2,735,736
2,735,765
1,735,737
1,735,795
1,735,706
1,735,766
2,736,737
2,736,766
1,736,738
1,736,796
1,736,707
1,736,767
2,737,738
2,737,767
1,737,739
1,737,797
1,737,708
1,737,768
2,738,739
2,738,768
1,738,740
1,738,798
1,738,709
1,738,769
2,739,740
2,739,769
1,739,741
1,739,799
1,739,710
1,739,770
2,740,741
2,740,770
1,740,742
1,740,800
1,740,711
1,740,771
2,741,742
2,741,771
1,741,743
1,741,801
1,741,712
1,741,772
2,742,743
2,742,772
1,742,744
1,742,802
1,742,713
1,742,773
2,743,744
2,743,773
1,743,745
1,743,803
1,743,714
1,743,774
2,744,745
2,744,774
1,744,746
1,744,804
1,744,715
1,744,775
2,745,746
2,745,775
1,745,747
1,745,805
1,745,716
1,745,776
2,746,747
2,746,776
1,746,748
1,746,806
1,746,717
1,746,777
2,747,748
2,747,777
1,747,749
1,747,807
1,747,718
1,747,778
2,748,749
2,748,778
1,748,720
1,748,808
1,748,719
1,748,779
2,749,720
2,749,779
1,749,721
1,749,809
1,749,690
1,749,750
2,750,751
2,750,780
1,750,752
1,750,810
1,750,721
1,750,781
2,751,752
2,751,781
1,751,753
1,751,811
1,751,722
1,751,782
2,752,753
2,752,782
1,752,754
1,752,812
1,752,723
1,752,783
2,753,754
2,753,783
1,753,755
1,753,813
1,753,724
1,753,784
2,754,755
2,754,784
1,754,756
1,754,814
1,754,725
1,754,785
2,755,756
2,755,785
1,755,757
1,755,815
1,755,726
1,755,786
2,756,757
2,756,786
1,756,758
1,756,816
1,756,727
1,756,787
2,757,758
2,757,787
1,757,759
1,757,817
1,757,728
1,757,788
2,758,759
2,758,788
1,758,760
1,758,818
1,758,729
1,758,789
2,759,760
2,759,789
1,759,761
1,759,819
1,759,730
1,759,790
2,760,761
2,760,790
1,760,762
1,760,820
1,760,731
1,760,791
2,761,762
2,761,791
1,761,763
1,761,821
1,761,732
1,761,792
2,762,763
2,762,792
1,762,764
1,762,822
1,762,733
1,762,793
2,763,764
2,763,793
1,763,765
1,763,823
1,763,734
1,763,794
2,764,765
2,764,794
1,764,766
1,764,824
1,764,735
1,764,795
2,765,766
2,765,795
1,765,767
1,765,825
1,765,736
1,765,796
2,766,767
2,766,796
1,766,768
1,766,826
1,766,737
1,766,797
2,767,768
2,767,797
1,767,769
1,767,827
1,767,738
1,767,798
2,768,769
2,768,798
1,768,770
1,768,828
1,768,739
1,768,799
2,769,770
2,769,799
1,769,771
1,769,829
1,769,740
1,769,800
2,770,771
2,770,800
1,770,772
1,770,830
1,770,741
1,770,801
2,771,772
2,771,801
1,771,773
1,771,831
1,771,742
1,771,802
2,772,773
2,772,802
1,772,774
1,772,832
1,772,743
1,772,803
2,773,774
2,773,803
1,773,775
1,773,833
1,773,744
1,773,804
2,774,775
2,774,804
1,774,776
1,774,834
1,774,745
1,774,805
2,775,776
2,775,805
1,775,777
1,775,835
1,775,746
1,775,806
2,776,777
2,776,806
1,776,778
1,776,836
1,776,747
1,776,807
2,777,778
2,777,807
1,777,779
1,777,837
1,777,748
1,777,808
2,778,779
2,778,808
1,778,750
1,778,838
1,778,749
1,778,809
2,779,750
2,779,809
1,779,751
1,779,839
1,779,720
1,779,780
2,780,781
2,780,810
1,780,782
1,780,840
1,780,751
1,780,811
2,781,782
2,781,811
1,781,783
1,781,841
1,781,752
1,781,812
2,782,783
2,782,812
1,782,784
1,782,842
1,782,753
1,782,813
2,783,784
2,783,813
1,783,785
1,783,843
1,783,754
1,783,814
2,784,785
2,784,814
1,784,786
1,784,844
1,784,755
1,784,815
2,785,786
2,785,815
1,785,787
1,785,845
1,785,756
1,785,816
2,786,787
2,786,816
1,786,788
1,786,846
1,786,757
1,786,817
2,787,788
2,787,817
1,787,789
1,787,847
1,787,758
1,787,818
2,788,789
2,788,818
1,788,790
1,788,848
1,788,759
1,788,819
2,789,790
2,789,819
1,789,791
1,789,849
1,789,760
1,789,820
2,790,791
2,790,820
1,790,792
1,790,850
1,790,761
1,790,821
2,791,792
2,791,821
1,791,793
1,791,851
1,791,762
1,791,822
2,792,793
2,792,822
1,792,794
1,792,852
1,792,763
1,792,823
2,793,794
2,793,823
1,793,795
1,793,853
1,793,764
1,793,824
2,794,795
2,794,824
1,794,796
1,794,854
1,794,765
1,794,825
2,795,796
2,795,825
1,795,797
1,795,855
1,795,766
1,795,826
2,796,797
2,796,826
1,796,798
1,796,856
1,796,767
1,796,827
2,797,798
2,797,827
1,797,799
1,797,857
1,797,768
1,797,828
2,798,799
2,798,828
1,798,800
1,798,858
1,798,769
1,798,829
2,799,800
2,799,829
1,799,801
1,799,859
1,799,770
1,799,830
2,800,801
2,800,830
1,800,802
1,800,860
1,800,771
1,800,831
2,801,802
2,801,831
1,801,803
1,801,861
1,801,772
1,801,832
2,802,803
2,802,832
1,802,804
1,802,862
1,802,773
1,802,833
2,803,804
2,803,833
1,803,805
1,803,863
1,803,774
1,803,834
2,804,805
2,804,834
1,804,806
1,804,864
1,804,775
1,804,835
2,805,806
2,805,835
1,805,807
1,805,865
1,805,776
1,805,836
2,806,807
2,806,836
1,806,808
1,806,866
1,806,777
1,806,837
2,807,808
2,807,837
1,807,809
1,807,867
1,807,778
1,807,838
2,808,809
2,808,838
1,808,780
1,808,868
1,808,779
1,808,839
2,809,780
2,809,839
1,809,781
1,809,869
1,809,750
1,809,810
2,810,811
2,810,840
1,810,812
1,810,870
1,810,781
1,810,841
2,811,812
2,811,841
1,811,813
1,811,871
1,811,782
1,811,842
2,812,813
2,812,842
1,812,814
1,812,872
1,812,783
1,812,843
2,813,814
2,813,843
1,813,815
1,813,873
1,813,784
1,813,844
2,814,815
2,814,844
1,814,816
1,814,874
1,814,785
1,814,845
2,815,816
2,815,845
1,815,817
1,815,875
1,815,786
1,815,846
2,816,817
2,816,846
1,816,818
1,816,876
1,816,787
1,816,847
2,817,818
2,817,847
1,817,819
1,817,877
1,817,788
1,817,848
2,818,819
2,818,848
1,818,820
1,818,878
1,818,789
1,818,849
2,819,820
2,819,849
1,819,821
1,819,879
1,819,790
1,819,850
2,820,821
2,820,850
1,820,822
1,820,880
1,820,791
1,820,851
2,821,822
2,821,851
1,821,823
1,821,881
1,821,792
1,821,852
2,822,823
2,822,852
1,822,824
1,822,882
1,822,793
1,822,853
2,823,824
2,823,853
1,823,825
1,823,883
1,823,794
1,823,854
2,824,825
2,824,854
1,824,826
1,824,884
1,824,795
1,824,855
2,825,826
2,825,855
1,825,827
1,825,885
1,825,796
1,825,856
2,826,827
2,826,856
1,826,828
1,826,886
1,826,797
1,826,857
2,827,828
2,827,857
1,827,829
1,827,887
1,827,798
1,827,858
2,828,829
2,828,858
1,828,830
1,828,888
1,828,799
1,828,859
2,829,830
2,829,859
1,829,831
1,829,889
1,829,800
1,829,860
2,830,831
2,830,860
1,830,832
1,830,890
1,830,801
1,830,861
2,831,832
2,831,861
1,831,833
1,831,891
1,831,802
1,831,862
2,832,833
2,832,862
1,832,834
1,832,892
1,832,803
1,832,863
2,833,834
2,833,863
1,833,835
1,833,893
1,833,804
1,833,864
2,834,835
2,834,864
1,834,836
1,834,894
1,834,805
1,834,865
2,835,836
2,835,865
1,835,837
1,835,895
1,835,806
1,835,866
2,836,837
2,836,866
1,836,838
1,836,896
1,836,807
1,836,867
2,837,838
2,837,867
1,837,839
1,837,897
1,837,808
1,837,868
2,838,839
2,838,868
1,838,810
1,838,898
1,838,809
1,838,869
2,839,810
2,839,869
1,839,811
1,839,899
1,839,780
1,839,840
2,840,841
2,840,870
1,840,842
1,840,0
1,840,811
1,840,871
2,841,842
2,841,871
1,841,843
1,841,1
1,841,812
1,841,872
2,842,843
2,842,872
1,842,844
1,842,2
1,842,813
1,842,873
2,843,844
2,843,873
1,843,845
1,843,3
1,843,814
1,843,874
2,844,845
2,844,874
1,844,846
1,844,4
1,844,815
1,844,875
2,845,846
2,845,875
1,845,847
1,845,5
1,845,816
1,845,876
2,846,847
2,846,876
1,846,848
1,846,6
1,846,817
1,846,877
2,847,848
2,847,877
1,847,849
1,847,7
1,847,818
1,847,878
2,848,849
2,848,878
1,848,850
1,848,8
1,848,819
1,848,879
2,849,850
2,849,879
1,849,851
1,849,9
1,849,820
1,849,880
2,850,851
2,850,880
1,850,852
1,850,10
1,850,821
1,850,881
2,851,852
2,851,881
1,851,853
1,851,11
1,851,822
1,851,882
2,852,853
2,852,882
1,852,854
1,852,12
1,852,823
1,852,883
2,853,854
2,853,883
1,853,855
1,853,13
1,853,824
1,853,884
2,854,855
2,854,884
1,854,856
1,854,14
1,854,825
1,854,885
2,855,856
2,855,885
1,855,857
1,855,15
1,855,826
1,855,886
2,856,857
2,856,886
1,856,858
1,856,16
1,856,827
1,856,887
2,857,858
2,857,887
1,857,859
1,857,17
1,857,828
1,857,888
2,858,859
2,858,888
1,858,860
1,858,18
1,858,829
1,858,889
2,859,860
2,859,889
1,859,861
1,859,19
1,859,830
1,859,890
2,860,861
2,860,890
1,860,862
1,860,20
1,860,831
1,860,891
2,861,862
2,861,891
1,861,863
1,861,21
1,861,832
1,861,892
2,862,863
2,862,892
1,862,864
1,862,22
1,862,833
1,862,893
2,863,864
2,863,893
1,863,865
1,863,23
1,863,834
1,863,894
2,864,865
2,864,894
1,864,866
1,864,24
1,864,835
1,864,895
2,865,866
2,865,895
1,865,867
1,865,25
1,865,836
1,865,896
2,866,867
2,866,896
1,866,868
1,866,26
1,866,837
1,866,897
2,867,868
2,867,897
1,867,869
1,867,27
1,867,838
1,867,898
2,868,869
2,868,898
1,868,840
1,868,28
1,868,839
1,868,899
2,869,840
2,869,899
1,869,841
1,869,29
1,869,810
1,869,870
2,870,871
2,870,0
1,870,872
1,870,30
1,870,841
1,870,1
2,871,872
2,871,1
1,871,873
1,871,31
1,871,842
1,871,2
2,872,873
2,872,2
1,872,874
1,872,32
1,872,843
1,872,3
2,873,874
2,873,3
1,873,875
1,873,33
1,873,844
1,873,4
2,874,875
2,874,4
1,874,876
1,874,34
1,874,845
1,874,5
2,875,876
2,875,5
1,875,877
1,875,35
1,875,846
1,875,6
2,876,877
2,876,6
1,876,878
1,876,36
1,876,847
1,876,7
2,877,878
2,877,7
1,877,879
1,877,37
1,877,848
1,877,8
2,878,879
2,878,8
1,878,880
1,878,38
1,878,849
1,878,9
2,879,880
2,879,9
1,879,881
1,879,39
1,879,850
1,879,10
2,880,881
2,880,10
1,880,882
1,880,40
1,880,851
1,880,11
2,881,882
2,881,11
1,881,883
1,881,41
1,881,852
1,881,12
2,882,883
2,882,12
1,882,884
1,882,42
1,882,853
1,882,13
2,883,884
2,883,13
1,883,885
1,883,43
1,883,854
1,883,14
2,884,885
2,884,14
1,884,886
1,884,44
1,884,855
1,884,15
2,885,886
2,885,15
1,885,887
1,885,45
1,885,856
1,885,16
2,886,887
2,886,16
1,886,888
1,886,46
1,886,857
1,886,17
2,887,888
2,887,17
1,887,889
1,887,47
1,887,858
1,887,18
2,888,889
2,888,18
1,888,890
1,888,48
1,888,859
1,888,19
2,889,890
2,889,19
1,889,891
1,889,49
1,889,860
1,889,20
2,890,891
2,890,20
1,890,892
1,890,50
1,890,861
1,890,21
2,891,892
2,891,21
1,891,893
1,891,51
1,891,862
1,891,22
2,892,893
2,892,22
1,892,894
1,892,52
1,892,863
1,892,23
2,893,894
2,893,23
1,893,895
1,893,53
1,893,864
1,893,24
2,894,895
2,894,24
1,894,896
1,894,54
1,894,865
1,894,25
2,895,896
2,895,25
1,895,897
1,895,55
1,895,866
1,895,26
2,896,897
2,896,26
1,896,898
1,896,56
1,896,867
1,896,27
2,897,898
2,897,27
1,897,899
1,897,57
1,897,868
1,897,28
2,898,899
2,898,28
1,898,870
1,898,58
1,898,869
1,898,29
2,899,870
2,899,29
1,899,871
1,899,59
1,899,840
1,899,0
