1,1.01,1.02,1.03,1.04,1.05,1.06,1.07,1.08,1.09,1.1,1.11,1.12,1.13,1.14,1.15,1.16,1.17,1.18,1.19,1.2,1.21,1.22,1.23,1.24,1.25,1.26,1.27,1.28,1.29,1.3,1.31,1.32,1.33,1.34,1.35,1.36,1.37,1.38,1.39,1.4,1.41,1.42,1.43,1.44,1.45,1.46,1.47,1.48,1.49,1.5,1.51,1.52,1.53,1.54,1.55,1.56,1.57,1.58,1.59,1.6,1.61,1.62,1.63,1.64,1.65,1.66,1.67,1.68,1.69,1.7,1.71,1.72,1.73,1.74,1.75,1.76,1.77,1.78,1.79,1.8,1.81,1.82,1.83,1.84,1.85,1.86,1.87,1.88,1.89,1.9,1.91,1.92,1.93,1.94,1.95,1.96,1.97,1.98,1.99,2,2.01,2.02,2.03,2.04,2.05,2.06,2.07,2.08,2.09,2.1,2.11,2.12,2.13,2.14,2.15,2.16,2.17,2.18,2.19,2.2,2.21,2.22,2.23,2.24,2.25,2.26,2.27,2.28,2.29,2.3,2.31,2.32,2.33,2.34,2.35,2.36,2.37,2.38,2.39,2.4,2.41,2.42,2.43,2.44,2.45,2.46,2.47,2.48,2.49,2.5,2.51,2.52,2.53,2.54,2.55,2.56,2.57,2.58,2.59,2.6,2.61,2.62,2.63,2.64,2.65,2.66,2.67,2.68,2.69,2.7,2.71,2.72,2.73,2.74,2.75,2.76,2.77,2.78,2.79,2.8,2.81,2.82,2.83,2.84,2.85,2.86,2.87,2.88,2.89,2.9,2.91,2.92,2.93,2.94,2.95,2.96,2.97,2.98,2.99,3,3.01,3.02,3.03,3.04,3.05,3.06,3.07,3.08,3.09,3.1,3.11,3.12,3.13,3.14,3.15,3.16,3.17,3.18,3.19,3.2,3.21,3.22,3.23,3.24,3.25,3.26,3.27,3.28,3.29,3.3,3.31,3.32,3.33,3.34,3.35,3.36,3.37,3.38,3.39,3.4,3.41,3.42,3.43,3.44,3.45,3.46,3.47,3.48,3.49,3.5,3.51,3.52,3.53,3.54,3.55,3.56,3.57,3.58,3.59,3.6,3.61,3.62,3.63,3.64,3.65,3.66,3.67,3.68,3.69,3.7,3.71,3.72,3.73,3.74,3.75,3.76,3.77,3.78,3.79,3.8,3.81,3.82,3.83,3.84,3.85,3.86,3.87,3.88,3.89,3.9,3.91,3.92,3.93,3.94,3.95,3.96,3.97,3.98,3.99,4,4.01,4.02,4.03,4.04,4.05,4.06,4.07,4.08,4.09,4.1,4.11,4.12,4.13,4.14,4.15,4.16,4.17,4.18,4.19,4.2,4.21,4.22,4.23,4.24,4.25,4.26,4.27,4.28,4.29,4.3,4.31,4.32,4.33,4.34,4.35,4.36,4.37,4.38,4.39,4.4,4.41,4.42,4.43,4.44,4.45,4.46,4.47,4.48,4.49,4.5,4.51,4.52,4.53,4.54,4.55,4.56,4.57,4.58,4.59,4.6,4.61,4.62,4.63,4.64,4.65,4.66,4.67,4.68,4.69,4.7,4.71,4.72,4.73,4.74,4.75,4.76,4.77,4.78,4.79,4.8,4.81,4.82,4.83,4.84,4.85,4.86,4.87,4.88,4.89,4.9,4.91,4.92,4.93,4.94,4.95,4.96,4.97,4.98,4.99,5,5.01,5.02,5.03,5.04,5.05,5.06,5.07,5.08,5.09,5.1,5.11,5.12,5.13,5.14,5.15,5.16,5.17,5.18,5.19,5.2,5.21,5.22,5.23,5.24,5.25,5.26,5.27,5.28,5.29,5.3,5.31,5.32,5.33,5.34,5.35,5.36,5.37,5.38,5.39,5.4,5.41,5.42,5.43,5.44,5.45,5.46,5.47,5.48,5.49,5.5,5.51,5.52,5.53,5.54,5.55,5.56,5.57,5.58,5.59,5.6,5.61,5.62,5.63,5.64,5.65,5.66,5.67,5.68,5.69,5.7,5.71,5.72,5.73,5.74,5.75,5.76,5.77,5.78,5.79,5.8,5.81,5.82,5.83,5.84,5.85,5.86,5.87,5.88,5.89,5.9,5.91,5.92,5.93,5.94,5.95,5.96,5.97,5.98,5.99,6
1,0.055935,0.999995,1,1,1,1,1,1,0.50864,0.999995,0.261265,1,0.999995,0.08693,1,1,0.256265,0.99973,0.999995,0.999995,0.92015,0.85597,0.18569,0.81204,1,0.095565,0.999985,1,0.83257,0.54856,0.9746,0.502275,0.61006,0.99999,0.99999,0.999965,0.99999,0.206215,0.999975,0.016975,0.773585,0.999985,0.26454,0.30998,0.999965,0.79746,0.99997,0.99998,0.999975,0.89885,0.99995,0.99994,0.37369,0.999915,0.99994,0.99993,0.999915,0.18731,0.89846,0.999915,0.67193,0.99994,0.999875,0.19616,0.99992,0.99983,0.999855,0.99982,0.999835,0.99985,0.999765,0.999755,0.99985,0.87846,0.99978,0.911855,0.99979,0.999715,0.999725,0.999745,0.6628,0.999715,0.99968,0.99969,0.999685,0.999675,0.99956,0.999645,0.999485,0.999555,0.999465,0.99953,0.999575,0.848415,0.999455,0.999395,0.101615,0.999415,0.999335,0.999285,0.999355,0.358655,0.999215,0.97994,0.99899,0.999145,0.99892,0.998945,0.998985,0.99887,0.99869,0.998815,0.998625,0.99876,0.998775,0.99865,0.998695,0.9985,0.998425,0.99864,0.998375,0.99836,0.998325,0.99837,0.997975,0.998015,0.99814,0.998045,0.99804,0.99771,0.99782,0.997865,0.99686,0.997655,0.9974,0.997135,0.99724,0.99716,0.99692,0.99721,0.996785,0.996445,0.996725,0.997045,0.996635,0.99652,0.996255,0.996425,0.99613,0.99579,0.995945,0.99583,0.99567,0.995305,0.99563,0.995235,0.995305,0.995265,0.994845,0.9948,0.99474,0.994345,0.994365,0.99384,0.994145,0.99399,0.993855,0.99361,0.993675,0.992915,0.99233,0.99315,0.993235,0.992335,0.99255,0.991985,0.991615,0.99156,0.991235,0.99144,0.99111,0.990885,0.99107,0.990235,0.99014,0.990365,0.989705,0.989505,0.99007,0.989355,0.988645,0.98843,0.98823,0.988705,0.988,0.98808,0.988115,0.986985,0.987395,0.985925,0.9856,0.985025,0.98466,0.98513,0.98522,0.98497,0.984605,0.983555,0.98326,0.982565,0.983405,0.98285,0.982445,0.981815,0.98178,0.981735,0.98061,0.981115,0.979785,0.979035,0.979105,0.979255,0.97883,0.977365,0.979115,0.97584,0.976685,0.97655,0.975485,0.97391,0.975845,0.97378,0.97449,0.97369,0.973315,0.97261,0.97193,0.970915,0.970715,0.969145,0.96985,0.96748,0.96812,0.966295,0.96571,0.96717,0.965945,0.965685,0.96495,0.96271,0.965145,0.96129,0.962695,0.961965,0.95937,0.96023,0.95777,0.95834,0.958495,0.95969,0.95449,0.95483,0.95429,0.952815,0.95047,0.953005,0.95239,0.94908,0.94939,0.947065,0.946175,0.946695,0.94478,0.944225,0.94209,0.94326,0.94161,0.942245,0.94058,0.940265,0.940575,0.93729,0.936455,0.9316,0.93197,0.93192,0.92855,0.92692,0.929095,0.92656,0.9252,0.917755,0.92176,0.924185,0.91976,0.92083,0.91282,0.91646,0.91622,0.912865,0.909825,0.902115,0.906175,0.904425,0.90816,0.905965,0.90313,0.90314,0.887405,0.89017,0.87607,0.8941,0.888945,0.883195,0.88119,0.88707,0.872965,0.885935,0.885735,0.861695,0.87227,0.85449,0.8526,0.807435,0.858955,0.85897,0.859275,0.851825,0.85643,0.855635,0.84797,0.83992,0.826575,0.781945,0.820385,0.824925,0.823105,0.820245,0.81888,0.8128,0.791265,0.766255,0.719505,0.73233,0.775885,0.791205,0.72559,0.68226,0.77341,0.10835,0.471545,0.74713,0.708475,0.482385,0.11762,0.52081,0.382075,0.428575,0.682245,0.398335,0.705935,0.47821,0.684295,0.26721,0.46796,0.366915,0.56764,0.291805,0.310115,0.53638,0.07138,0.11482,0.04492,0.053095,0.33302,0.146115,0.42117,0.281275,0.280295,0.120025,0.2309,0.163215,0.342665,0.19813,0.3211,0.071945,0.00822,0.193245,0.29779,0.09154,0.00161,0.06729,0.00957,0.01297,0.129255,0.012935,0.084745,0.154465,0.057705,0.032575,0.206725,0.02462,0.03453,0.0372,0.061845,0.0359,0.012935,0.070495,0.10496,0.103715,0.0484,0.075065,0.08443,0.06679,0.20552,0.119975,0.02022,0.09072,0.074365,0.115625,0.002775,0.04889,0.00553,0.01607,0.084005,0.005655,0.01104,0.060335,0.00099,0.111925,0.028725,0.097745,0.005535,0.049125,0.06683,0.014285,0.0101,0.00689,0.0126,0.00384,0.059195,0.080395,0.06523,0.04903,0.04061,0.03779,0.012195,0.02668,0.0301,0.011165,0.01032,0.03238,0.028205,0.005155,0.00558,0.04172,0.038075,0.024485,0.010365,0.02359,0.0501,0.04088,0.002975,0.022465,0.010115,0.00744,0.016505,0.008435,0.046015,0.048585,0.01466,0.001635,0.04739,0.04368,0.009455,0.021215,0.032845,0.0028,0.015745,0.006115,0.00652,0.01261,0.047725,0.00233,0.002225,0.00385,0.031525,0.009655,0.00742,0.015035,0.01659,0.002805,0.00236,0.01976,0.025275,0.00398,0.002345,0.023795,0.00887,0.006255
1,1,1,1,0.08077,1,0.99999,0.33489,0.382145,1,0.984975,0.999995,1,0.261405,1,0.144485,0.191695,1,0.55604,0.999995,0.999995,0.99999,0.00752,0.26605,1,0.98675,0.99999,0.99998,0.99998,0.99999,1,1,1,1,0.99998,0.99999,0.276095,0.999995,0.999955,0.99998,0.392775,0.999975,0.161535,0.99997,0.999955,0.99997,0.999965,0.999955,0.999955,0.999945,0.380215,0.99992,0.99994,0.99993,0.999965,0.999975,0.999895,0.99993,0.99994,0.99992,0.999925,0.209175,0.999895,0.99992,0.028435,0.99986,0.99987,0.99984,0.99987,0.99989,0.99981,0.999845,0.999855,0.99979,0.9998,0.999775,0.999775,0.959815,0.999695,0.3789,0.999735,0.99962,0.10206,0.999755,0.999705,0.99963,0.99961,0.999495,0.999575,0.99962,0.999625,0.999535,0.61491,0.999505,0.99938,0.999445,0.99938,0.999395,0.765535,0.999315,0.99937,0.999305,0.999105,0.99916,0.999125,0.99913,0.999095,0.998995,0.99893,0.99883,0.92044,0.35872,0.726385,0.99874,0.998775,0.998695,0.871235,0.99858,0.99834,0.99838,0.99858,0.998335,0.998375,0.998265,0.99819,0.998065,0.99812,0.998135,0.99797,0.99804,0.997705,0.997895,0.99745,0.99746,0.997625,0.9976,0.997285,0.997115,0.991235,0.99685,0.99691,0.77254,0.996595,0.99692,0.99643,0.996555,0.99653,0.996455,0.99606,0.94156,0.99603,0.996345,0.9959,0.99595,0.995485,0.99553,0.99511,0.99528,0.995325,0.994665,0.99477,0.994835,0.99425,0.99439,0.994305,0.994035,0.994225,0.993415,0.99385,0.99378,0.99313,0.9928,0.99296,0.992635,0.992575,0.992525,0.99219,0.99162,0.99199,0.992165,0.991585,0.99106,0.99125,0.99089,0.99075,0.990615,0.99117,0.98975,0.9894,0.98997,0.9893,0.988615,0.98835,0.9884,0.98814,0.98756,0.987375,0.98751,0.98724,0.986395,0.98686,0.98707,0.98593,0.98643,0.985315,0.98482,0.984145,0.983985,0.98491,0.98339,0.98302,0.982345,0.98307,0.98187,0.98256,0.98069,0.981755,0.98036,0.980315,0.97973,0.979905,0.979735,0.978595,0.97788,0.977825,0.97819,0.97753,0.97676,0.976605,0.975265,0.97504,0.97538,0.97439,0.97429,0.972465,0.973415,0.97094,0.971995,0.97044,0.970255,0.97011,0.97104,0.9687,0.967915,0.96696,0.968345,0.964995,0.966525,0.9664,0.96497,0.963955,0.96447,0.962445,0.96256,0.96029,0.96051,0.96092,0.95964,0.95706,0.95901,0.957315,0.95634,0.953175,0.956705,0.955745,0.954215,0.952845,0.95089,0.95017,0.946735,0.94839,0.95133,0.94417,0.94557,0.94403,0.94717,0.94401,0.938865,0.941125,0.943045,0.935165,0.93669,0.934235,0.932655,0.93137,0.932715,0.93338,0.92442,0.9322,0.928385,0.927065,0.922185,0.925735,0.922345,0.92006,0.921755,0.919515,0.916475,0.91662,0.90858,0.913595,0.90565,0.90584,0.91123,0.90582,0.89335,0.91035,0.887195,0.89158,0.89805,0.897885,0.888815,0.88904,0.880575,0.883945,0.88851,0.88932,0.8847,0.873125,0.88146,0.87159,0.87787,0.861825,0.85837,0.853945,0.873345,0.85922,0.86301,0.848345,0.8509,0.804485,0.850175,0.84407,0.80919,0.817565,0.78803,0.801095,0.82569,0.80998,0.816625,0.800985,0.76222,0.80461,0.800925,0.7723,0.74238,0.78372,0.32944,0.65578,0.023145,0.685675,0.75698,0.75103,0.25784,0.71226,0.76249,0.663635,0.68128,0.70263,0.53472,0.31712,0.261655,0.69516,0.430285,0.482555,0.158315,0.069675,0.006685,0.35095,0.18292,0.233645,0.0622,0.00144,0.199495,0.491355,0.412385,0.51597,0.173575,0.202275,0.308385,0.06059,0.39307,0.30314,0.050285,0.238965,0.32967,0.132965,0.06063,0.131305,0.000125,0.14692,0.10837,0.117875,0.098085,0.22641,0.01075,0.10104,0.01539,0.1627,0.10427,0.0597,0.09831,0.06102,0.007265,0.122575,0.02434,0.069615,0.13366,0.048905,0.14185,0.069685,0.088695,0.066095,0.022035,0.153645,0.076985,0.081935,0.032995,0.01717,0.0043,0.021715,0.08497,0.026,0.04382,0.05119,0.104525,0.08009,0.00135,0.022065,0.0201,0.01787,0.003775,0.03812,0.044055,0.002725,0.04329,0.01095,0.000355,0.10459,0.01715,0.004,0.08126,0.0097,0.004135,0.08475,0.025995,0.0295,0.045,0.00038,0.00153,0.00207,0.01393,0.025645,0.0082,0.031925,0.012605,0.006625,0.037545,0.046125,0.032995,0.004715,0.00487,0.016135,0.0316,0.02185,0.025145,0.021215,0.01433,0.02566,0.02913,0.008005,0.0044,0.005,0.029605,0.02108,0.01318,0.00316,0.01202,0.0124,0.00183,0.00409,0.018715,0.00144,0.03472,0.01107,0.005235,0.00483,0.02012,0.008435,0.0185,0.03388,0.031015,0.014525,0.017495,0.00287,0.013625,5e-05,0.00879,0.00633,0.01255,0.02803
0.224875,0.409395,0.09055,0.104525,1,0.999995,1,0.06637,0.999995,0.265855,1,1,0.999995,0.334525,0.999995,1,0.999995,0.359705,1,0.473135,0.999995,0.18578,0.999995,0.999995,0.283235,0.367,0.080785,0.70767,0.999995,0.99999,0.999995,0.999995,0.99999,0.999995,0.998145,0.246315,0.99999,0.148905,0.99997,0.0412,0.999975,0.99998,0.36449,0.99996,0.041885,0.99997,0.090905,0.999955,0.999955,0.999945,0.999955,0.07525,0.99995,0.99994,0.999945,0.999905,0.12049,0.999945,0.99993,0.99994,0.051525,0.99988,0.999875,0.999905,0.99986,0.99985,0.73794,0.9998,0.99983,0.999815,0.352595,0.999765,0.999835,0.999815,0.7094,0.99976,0.80032,0.99979,0.999785,0.99978,0.99967,0.335105,0.99969,0.9997,0.050045,0.99972,0.978575,0.01515,0.99958,0.99965,0.9994,0.999625,0.999445,0.45331,0.999445,0.99949,0.999425,0.999325,0.999315,0.99921,0.99925,0.99921,0.99915,0.99911,0.999165,0.999075,0.999075,0.99902,0.676095,0.998765,0.998975,0.998935,0.99886,0.9988,0.998605,0.998725,0.998675,0.99874,0.99864,0.99849,0.99866,0.998135,0.99816,0.998275,0.998135,0.998305,0.997915,0.998015,0.99782,0.997735,0.99763,0.997795,0.99786,0.997635,0.997415,0.99732,0.9973,0.99725,0.99733,0.997505,0.996895,0.99698,0.996885,0.996755,0.996565,0.996415,0.996565,0.996585,0.99625,0.99645,0.995715,0.99622,0.99592,0.99576,0.996,0.995675,0.994825,0.995105,0.99515,0.99484,0.9947,0.994605,0.99433,0.99462,0.993965,0.99387,0.994155,0.99397,0.993675,0.99354,0.993255,0.992965,0.99313,0.99272,0.99204,0.9929,0.99154,0.991905,0.992155,0.99124,0.99154,0.991355,0.991275,0.99049,0.990405,0.99046,0.990365,0.989575,0.989195,0.9895,0.989235,0.98867,0.988565,0.98071,0.98842,0.98773,0.987935,0.987475,0.98726,0.98648,0.986875,0.986285,0.98547,0.984985,0.985265,0.984555,0.98456,0.98529,0.984025,0.983745,0.98247,0.982865,0.98214,0.98296,0.98191,0.981395,0.981125,0.98145,0.98039,0.97912,0.98015,0.97893,0.979025,0.978275,0.97852,0.9765,0.977845,0.97717,0.97675,0.97563,0.97458,0.975455,0.97189,0.973365,0.97299,0.97188,0.971815,0.97242,0.969895,0.971395,0.96914,0.97035,0.96859,0.96894,0.966345,0.966665,0.96555,0.96636,0.965935,0.96534,0.964055,0.962705,0.960615,0.961405,0.960345,0.959525,0.960295,0.95983,0.960055,0.956815,0.956085,0.95682,0.95618,0.95301,0.947245,0.95099,0.94998,0.94746,0.94147,0.951395,0.94783,0.94793,0.94834,0.92671,0.94349,0.941255,0.9423,0.93977,0.93935,0.94115,0.9406,0.9368,0.93156,0.934035,0.929195,0.93173,0.92878,0.92725,0.930575,0.92965,0.925355,0.924035,0.925585,0.924595,0.926215,0.91228,0.92056,0.91289,0.912365,0.915175,0.91067,0.916785,0.913855,0.902035,0.9004,0.90263,0.897025,0.898585,0.898475,0.89263,0.89289,0.889335,0.88592,0.893775,0.88324,0.87917,0.86499,0.88867,0.86837,0.85016,0.86904,0.870155,0.85767,0.86366,0.85211,0.815565,0.841555,0.838105,0.85996,0.83427,0.841865,0.82247,0.844185,0.83913,0.840095,0.808515,0.83111,0.81483,0.841285,0.797165,0.77661,0.2569,0.78567,0.79956,0.756275,0.60898,0.78728,0.71637,0.65865,0.41215,0.76181,0.707125,0.059355,0.723235,0.53229,0.66262,0.667765,0.69952,0.523025,0.7206,0.67562,0.536775,0.68671,0.11351,0.22553,0.02396,0.072035,0.65809,0.223595,0.47694,0.280905,0.045435,0.03981,0.405305,0.288945,0.348895,0.058665,0.215495,0.624405,0.48152,0.17151,0.25183,0.12036,0.26675,0.20243,0.215665,0.05962,0.00081,0.24923,0.331365,0.091635,0.098115,0.009645,0.01751,0.107905,0.12755,0.01924,0.181805,0.24609,0.137085,0.104,0.15406,0.09393,0.100885,0.07745,0.014585,0.119215,0.128465,0.089,0.06837,0.04644,0.003,0.043,0.05063,0.180525,0.005955,0.021155,0.045265,0.04897,0.03699,0.008395,0.003025,0.02888,0.05352,0.138975,0.02947,0.006245,0.082825,0.01259,0.00035,0.03671,0.02093,0.009855,0.067605,0.051335,0.079185,0.007055,0.008085,0.190735,0.03482,0.00028,0.009735,0.00186,0.015265,0.02168,0.01219,0.0177,0.002505,0.01928,0.021115,0.0442,0.01358,0.001215,0.050465,0.00176,0.02944,0.022135,0.068085,0.01157,0.025255,0.0197,0.00468,0.030725,0.02633,0.011195,0.017355,0.01085,0.02527,0.02414,0.014515,0.01719,0.018835,0.05084,0.02514,0.02058,0.027025,0.0002,0.01935,0.0066,0.01786,0.01967,0.011035,0.01748,0.03617,0.008855,0.004775,0.027385,0.02858,0.01571,0.01417,0.010905,0.009115,0.00718,0.008255,0.007195,0.00903,0.02258,0.00677,0.04267,0.00327,0.02507
0.210555,0.049545,1,0.999995,1,1,1,1,1,0.99999,0.999995,1,0.02138,0.00014,1,0.999995,1,0.97587,0.43797,0.06203,0.26995,0.049455,1,0.999995,1,0.049715,1,0.999995,1,1,0.321465,0.99999,0.264865,0.99999,0.999975,0.999995,0.11296,0.99997,0.142745,0.999995,0.44118,0.99996,0.999965,0.99998,0.99998,0.99996,0.999975,0.999975,0.847455,0.99998,0.999975,0.99236,0.999945,0.977305,0.123735,0.459545,0.99993,0.9999,0.99989,0.999895,0.080265,0.99992,0.7912,0.999895,0.99992,0.999865,0.999855,0.99985,0.019265,0.999835,0.999815,0.999795,0.99985,0.99981,0.99978,0.999795,0.99979,0.999755,0.99981,0.99975,0.999725,0.999705,0.99973,0.999655,0.99958,0.999655,0.999645,0.999575,0.999615,0.99958,0.80288,0.99953,0.999495,0.68601,0.99942,0.999435,0.68961,0.99941,0.99928,0.99918,0.99929,0.56813,0.999185,0.99909,0.99916,0.99915,0.998955,0.367605,0.999055,0.999035,0.444945,0.998825,0.998925,0.99866,0.91094,0.998625,0.99874,0.99864,0.848,0.998585,0.99864,0.99832,0.998175,0.99843,0.998295,0.998135,0.9981,0.997975,0.99799,0.997815,0.9978,0.998015,0.99761,0.997535,0.997375,0.997435,0.997165,0.99733,0.878035,0.997085,0.99732,0.99694,0.99676,0.99673,0.9967,0.9966,0.99644,0.996625,0.996095,0.99634,0.996025,0.996,0.99577,0.99567,0.995725,0.995645,0.99518,0.995385,0.99486,0.99495,0.994695,0.99475,0.99468,0.994075,0.993645,0.993865,0.99402,0.994025,0.9937,0.99323,0.99299,0.99335,0.993125,0.992515,0.992325,0.940475,0.99247,0.99189,0.992245,0.991815,0.990915,0.99094,0.99082,0.990815,0.990095,0.98977,0.9899,0.99016,0.98949,0.989055,0.98905,0.98963,0.98885,0.988805,0.987875,0.98812,0.987505,0.987015,0.987315,0.987595,0.98669,0.98673,0.985685,0.985045,0.98502,0.985175,0.98508,0.985125,0.98397,0.9832,0.98343,0.98321,0.982635,0.9827,0.981915,0.98134,0.981215,0.98083,0.98115,0.980325,0.97966,0.979575,0.97892,0.978605,0.97908,0.976885,0.977705,0.977065,0.976505,0.97613,0.97594,0.975395,0.97443,0.974295,0.97249,0.97145,0.97341,0.97233,0.97168,0.97018,0.96837,0.97023,0.96902,0.968715,0.96808,0.968815,0.96658,0.967775,0.96308,0.96474,0.96367,0.963925,0.96264,0.96186,0.96236,0.95876,0.959255,0.95696,0.960355,0.957985,0.9551,0.95599,0.95538,0.9535,0.95368,0.952745,0.954075,0.950365,0.95235,0.949545,0.95041,0.94831,0.947335,0.94272,0.94641,0.943485,0.94451,0.942365,0.941225,0.939365,0.938655,0.940005,0.938025,0.929835,0.932675,0.92815,0.928165,0.932795,0.92962,0.925955,0.922735,0.92352,0.91967,0.922245,0.915875,0.9217,0.92179,0.915575,0.911795,0.91233,0.914105,0.9093,0.90982,0.898,0.90322,0.89715,0.904465,0.898055,0.89019,0.89218,0.889755,0.892895,0.885405,0.874175,0.876345,0.881335,0.879445,0.88063,0.880825,0.87241,0.84176,0.87363,0.85046,0.8622,0.855585,0.84594,0.84228,0.851925,0.85845,0.85298,0.84221,0.824245,0.82141,0.82663,0.82707,0.829085,0.818535,0.82301,0.785615,0.835155,0.77244,0.80964,0.792185,0.74599,0.189115,0.800715,0.784585,0.560725,0.64991,0.63061,0.702385,0.0099,0.64132,0.67535,0.689585,0.71997,0.72187,0.341235,0.379685,0.4877,0.69993,0.65059,0.651165,0.67373,0.681925,0.593745,0.512825,0.554665,0.39854,0.343245,0.34056,0.537325,0.279755,0.2261,0.13485,0.275075,0.03445,0.496545,0.326315,0.169675,0.500795,0.354675,0.19237,0.16094,0.136895,0.10473,0.010405,0.16407,0.224155,0.010575,0.14756,0.19089,0.050605,0.029455,0.09733,0.021455,0.01264,0.1161,0.08902,0.167995,0.09238,0.115975,0.15512,0.189235,0.12625,0.075335,0.18676,0.003995,0.103175,0.011715,0.02015,0.086995,0.03016,0.06233,0.10339,0.1227,0.10256,0.047595,0.00585,0.145535,0.01794,0.05143,0.11922,0.011155,0.082435,0.034815,0.0401,0.017125,0.04201,0.07605,0.0599,0.05655,0.035165,0.05705,0.02946,0.035565,0.04616,0.08459,0.00083,0.01921,0.051815,0.08926,0.07631,0.01307,0.04593,0.055735,0.050615,0.04551,0.04616,0.01267,0.006205,0.068425,0.012355,0.022485,0.031355,0.040005,0.00445,0.007035,0.036535,0.03573,0.052,0.03905,0.02039,0.003835,0.01521,0.004885,0.021995,0.01096,0.029875,0.00657,0.007305,0.022525,0.010765,0.005335,0.003425,0.02445,0.00879,0.011745,0.005045,0.017705,0.00169,0.00115,0.00612,0.000265,0.007585,0.018595,0.010865,0.01628,0.010035,0.0079,0.006605,0.035605,0.010025,0.000125,0.02552,0.00035,0.02808,0.03392,0.009535,0.00966,0.01556
1,0.77848,1,1,1,0.999995,1,0.034625,1,0.340445,1,1,1,1,0.15978,1,1,0.430835,1,0.999995,1,1,0.999995,0.157905,0.861595,0.240315,1,1,0.99999,0.999995,1,0.999995,0.999975,0.444665,0.999995,0.342225,0.48856,0.99999,0.05352,0.999985,0.999985,0.16432,0.977765,0.99998,0.46542,0.99996,0.99997,0.70827,0.999935,0.999945,0.999935,0.999955,0.99996,0.999955,0.999955,0.999935,0.99992,0.99995,0.999915,0.999895,0.999895,0.887145,0.831565,0.999875,0.99991,0.99985,0.99987,0.99986,0.098075,0.22692,0.99988,0.999795,0.99984,0.389165,0.999815,0.999805,0.999785,0.74164,0.99976,0.999725,0.999735,0.999705,0.999735,0.999685,0.526655,0.99959,0.99956,0.99965,0.99959,0.999595,0.734285,0.999605,0.999535,0.99952,0.999545,0.9995,0.99942,0.999375,0.99926,0.99926,0.9992,0.99925,0.99937,0.999195,0.99913,0.998975,0.99916,0.999045,0.99909,0.999,0.99874,0.99898,0.99891,0.998765,0.99887,0.998745,0.99885,0.99854,0.998575,0.998635,0.9985,0.99849,0.998475,0.99843,0.99819,0.998285,0.997895,0.998005,0.997795,0.99803,0.997755,0.99762,0.997655,0.99777,0.997305,0.997425,0.997495,0.99733,0.997085,0.99719,0.99711,0.997075,0.99697,0.996605,0.996715,0.99649,0.99632,0.996485,0.996,0.99652,0.995815,0.995885,0.99572,0.995595,0.9953,0.995545,0.99536,0.99512,0.99498,0.994795,0.994685,0.99467,0.994355,0.994445,0.993975,0.99376,0.994265,0.9937,0.99326,0.993825,0.993045,0.993245,0.99343,0.99301,0.992575,0.992485,0.992,0.99208,0.99188,0.99118,0.990875,0.991885,0.991055,0.990695,0.990425,0.98986,0.99031,0.98894,0.990045,0.989385,0.988915,0.989255,0.98794,0.98862,0.98842,0.98869,0.987315,0.98767,0.98693,0.98693,0.98758,0.986515,0.986375,0.98574,0.985265,0.98566,0.985505,0.98458,0.9844,0.9844,0.98378,0.98326,0.98314,0.982495,0.98177,0.981015,0.98088,0.980425,0.98136,0.98014,0.979225,0.978815,0.979455,0.979715,0.977455,0.977155,0.976775,0.97598,0.97522,0.975375,0.976085,0.974255,0.974095,0.97366,0.97328,0.97278,0.97227,0.972755,0.972165,0.96919,0.96937,0.96981,0.96745,0.96719,0.96749,0.96665,0.96765,0.964785,0.96716,0.964715,0.96407,0.962425,0.962465,0.95896,0.960715,0.95946,0.958595,0.96144,0.957475,0.955435,0.958145,0.95782,0.955835,0.952035,0.95444,0.951075,0.95194,0.951855,0.94912,0.949505,0.94882,0.94925,0.94902,0.947105,0.946635,0.94231,0.94291,0.941715,0.93963,0.94037,0.92799,0.93555,0.93662,0.935175,0.932655,0.93062,0.932175,0.931725,0.92919,0.92896,0.92038,0.9269,0.915875,0.929135,0.906635,0.9137,0.92022,0.913225,0.913655,0.91004,0.910775,0.909255,0.906055,0.908595,0.91238,0.9078,0.89759,0.89691,0.898115,0.895645,0.89464,0.888615,0.894945,0.876215,0.889235,0.875195,0.87985,0.879925,0.86958,0.87485,0.87195,0.846495,0.86339,0.859965,0.85329,0.857535,0.860105,0.845155,0.85847,0.85612,0.84059,0.831245,0.826135,0.84834,0.83638,0.827205,0.82465,0.82954,0.79954,0.3307,0.80356,0.794055,0.62019,0.4512,0.29108,0.77626,0.78395,0.54939,0.772705,0.77292,0.78752,0.674205,0.419735,0.7454,0.3605,0.713175,0.68386,0.336665,0.697,0.6399,0.287725,0.303515,0.5055,0.672715,0.646405,0.336025,0.25389,0.09787,0.11198,0.235665,0.427705,0.36562,0.341715,0.22691,0.35091,0.08829,0.384925,0.26084,0.34606,0.082525,0.13126,0.304385,0.152395,0.165975,0.187985,0.26815,0.12138,0.22625,0.08432,0.034455,0.128145,0.057355,0.045735,0.099025,0.17907,0.248215,0.129915,0.00186,0.005,0.18746,0.068215,0.0044,0.068335,0.01311,0.00665,0.084685,0.047945,0.014365,0.13874,0.04234,0.017365,0.057885,0.037975,0.020085,0.002945,0.00789,0.154895,0.075115,0.030085,0.13277,5e-06,0.04773,0.07516,0.002325,0.039675,0.09354,0.041635,0.05365,0.1064,0.08508,0.00015,0.01251,0.070555,0.03703,0.0623,0.08364,0.01604,0.042815,0.079665,0.062575,0.00135,0.03591,0.00078,0.046,0.00637,0.01205,0.001865,0.014615,0.015555,0.00863,0.06502,0.0415,0.01023,0.006775,0.028625,0.00385,0.00082,0.020945,0.010275,0.014475,0.00468,0.026525,0.00301,0.021115,0.03384,0.04994,0.02691,0.01001,0.032965,0.03601,0.0068,0.00272,0.00291,0.02369,0.00493,0.019885,0.01419,0.040665,0.033255,0.003225,0.00787,0.01856,0.01574,0.01949,0.022775,0.010255,0.01283,0.00116,0.027095,0.028885,0.008945,0.021685,0.022855,0.00789,0.00877,0.005945,0.046575,0.03025,0.007525,0.001545,0.001475
0.548415,1,1,1,0.14692,1,1,1,0.999995,1,1,1,1,1,1,0.337065,0.999995,1,0.681365,0.452485,1,1,0.999995,0.999995,0.999995,0.999995,1,0.999985,0.99998,0.883845,0.99999,0.11013,0.99999,0.99999,0.999985,0.444045,1,0.999995,0.98556,0.999985,0.32574,0.99998,0.99998,0.561315,0.99997,0.279895,0.8697,0.99998,0.99996,0.63281,0.99995,0.99995,0.999945,0.99993,0.999925,0.99994,0.99993,0.999915,0.99992,0.999895,0.99991,0.801225,0.999875,0.999895,0.99987,0.99981,0.99988,0.99985,0.999835,0.999905,0.999805,0.99977,0.99987,0.74971,0.999785,0.9998,0.1884,0.976895,0.999755,0.999795,0.999685,0.999745,0.9997,0.999615,0.999645,0.99966,0.999545,0.99964,0.99958,0.87719,0.999445,0.99946,0.99947,0.92832,0.710215,0.99939,0.999475,0.999285,0.999375,0.99941,0.999345,0.99915,0.99923,0.999185,0.999255,0.99923,0.99919,0.99908,0.998965,0.99893,0.99876,0.998935,0.998875,0.998905,0.99875,0.998765,0.99863,0.998465,0.99832,0.99838,0.99826,0.99861,0.998355,0.998255,0.998105,0.998085,0.99816,0.99805,0.998025,0.99769,0.997695,0.997845,0.997645,0.997785,0.997545,0.997485,0.99746,0.99719,0.9972,0.99731,0.997005,0.99696,0.99669,0.99681,0.996655,0.996465,0.99637,0.996695,0.996225,0.99628,0.9961,0.995975,0.995535,0.9957,0.9956,0.99538,0.99534,0.995295,0.99515,0.995005,0.99497,0.99472,0.994745,0.99404,0.99417,0.994355,0.994295,0.99381,0.993265,0.993425,0.99284,0.993285,0.99254,0.992825,0.99248,0.992185,0.99205,0.99261,0.991385,0.99176,0.991315,0.991315,0.99109,0.990765,0.99053,0.99022,0.99046,0.989195,0.989865,0.989685,0.989155,0.989015,0.988925,0.98806,0.98811,0.988025,0.98733,0.98725,0.987355,0.4677,0.986505,0.985615,0.985845,0.986065,0.98534,0.98523,0.98487,0.984465,0.98428,0.98394,0.982875,0.983385,0.98322,0.982665,0.98259,0.981465,0.982205,0.980085,0.979775,0.980055,0.979035,0.979075,0.9787,0.978655,0.97781,0.977355,0.976325,0.977035,0.976145,0.97623,0.97559,0.975415,0.97502,0.97196,0.972945,0.97135,0.9739,0.9728,0.972445,0.97015,0.970965,0.970175,0.96839,0.966585,0.968125,0.96769,0.967225,0.96708,0.965515,0.96521,0.96443,0.96398,0.962435,0.96113,0.96257,0.96164,0.96083,0.95908,0.957895,0.957565,0.95402,0.958035,0.9541,0.95655,0.953985,0.95329,0.95083,0.951865,0.94746,0.94622,0.94899,0.949635,0.945975,0.94736,0.943815,0.938305,0.942455,0.940425,0.942695,0.938335,0.94135,0.93658,0.936495,0.936515,0.933325,0.92992,0.931345,0.928065,0.92455,0.92896,0.92514,0.92524,0.927115,0.92868,0.921775,0.9214,0.91109,0.915825,0.919845,0.918895,0.91594,0.913645,0.91149,0.90803,0.907175,0.89973,0.89954,0.89066,0.901405,0.89886,0.88931,0.89031,0.8953,0.884865,0.88825,0.88986,0.874645,0.89032,0.884755,0.873205,0.875335,0.874475,0.873735,0.86335,0.860845,0.85089,0.850005,0.855745,0.856145,0.843165,0.841375,0.848115,0.845935,0.83983,0.826525,0.79271,0.82237,0.820925,0.71772,0.8247,0.7319,0.09346,0.788805,0.781185,0.759065,0.737345,0.794095,0.747455,0.637315,0.696825,0.767565,0.726605,0.48151,0.73269,0.601345,0.73458,0.40127,0.395635,0.349335,0.69472,0.6874,0.66803,0.14599,0.24755,0.08891,0.4192,0.007,0.344195,0.35931,0.213795,0.135925,0.595815,0.523415,0.39346,0.440585,0.00136,0.22225,0.211805,0.41104,0.311225,0.13353,0.088095,0.12074,0.09705,0.01627,0.08098,0.217235,0.03781,0.108495,0.16639,0.06415,0.079595,0.01921,0.188945,0.043325,0.018865,0.023845,0.158445,0.097805,0.00922,0.09778,0.026665,0.200515,0.16985,0.000535,0.04997,0.102215,0.041175,0.13399,0.12504,0.041005,0.063255,0.027295,0.122005,0.00995,0.114245,0.011585,0.029015,0.038835,0.01508,0.07266,0.044245,0.01186,0.09383,0.02493,0.008065,0.086795,0.06627,0.029905,0.0701,0.0334,0.00497,0.01256,0.04215,0.00706,0.028055,0.0111,0.00755,0.015785,0.031695,0.031445,0.021825,0.066005,0.000345,0.04892,0.06276,0.007305,0.020485,0.01731,0.058515,0.041205,0.08137,0.009185,0.00177,0.05439,0.00669,0.000895,0.056225,0.03526,0.032145,0.05094,0.03255,0.01294,0.032475,0.01996,0.012735,0.04597,0.03121,0.008775,0.036975,0.006115,0.01773,0.01456,0.026875,0.011325,0.01321,0.03778,0.02324,0.022035,0.013105,0.013895,0.020875,0.018675,0.0073,0.017465,0.036215,0.00097,0.001505,0.038695,0.018765,0.008435,0.02969,0.018355,0.009345,0.011725,0.007345,0.001215,0.009235,0.032345,0.01582,0.01204
1,1,1,0.25482,0.09809,0.11489,1,0.999995,1,1,0.99999,0.08215,1,1,0.999995,1,1,0.470225,1,1,0.04762,0.99999,0.999995,1,0.999995,0.03832,1,0.999995,0.999995,0.99999,1,0.123585,0.667115,0.723125,0.99999,0.999985,0.999985,0.06752,0.99997,1,0.999975,0.999955,0.99999,0.974325,0.089695,0.999975,0.999975,0.999945,0.99998,0.14528,0.99994,0.999945,0.07253,0.99994,0.99996,0.732165,0.99992,0.99991,0.999925,0.99989,0.999875,0.99988,0.99985,0.999935,0.379035,0.999835,0.99987,0.99987,0.99976,0.999845,0.999875,0.999855,0.957245,0.9998,0.999735,0.9998,0.99981,0.798035,0.99972,0.99973,0.99974,0.99974,0.999685,0.999635,0.99969,0.999645,0.999585,0.99958,0.999545,0.99955,0.999465,0.99961,0.9995,0.99947,0.999195,0.999415,0.3206,0.99941,0.99944,0.999355,0.999245,0.99914,0.999255,0.434305,0.999115,0.99909,0.99909,0.9991,0.999025,0.999035,0.99892,0.99874,0.99871,0.998715,0.99866,0.99868,0.99865,0.998635,0.99852,0.99845,0.998495,0.9984,0.99823,0.998315,0.998245,0.998145,0.998085,0.998045,0.998005,0.99794,0.99753,0.99779,0.997575,0.997615,0.99769,0.997575,0.997295,0.997225,0.997305,0.996925,0.99704,0.996775,0.997005,0.996675,0.996555,0.9965,0.99672,0.99653,0.996095,0.996205,0.995995,0.99594,0.995825,0.995795,0.99593,0.99548,0.99502,0.994895,0.99471,0.994885,0.99446,0.994145,0.99436,0.99414,0.994095,0.99391,0.99375,0.9937,0.99376,0.993315,0.993215,0.993385,0.993265,0.99309,0.992425,0.99251,0.991955,0.992315,0.991835,0.99108,0.991335,0.99064,0.990935,0.991245,0.990005,0.990945,0.989915,0.989945,0.98961,0.98898,0.989535,0.98899,0.98929,0.98802,0.987735,0.98739,0.988155,0.987175,0.98735,0.987295,0.986335,0.98643,0.985395,0.985495,0.98593,0.984285,0.985665,0.98403,0.98427,0.983975,0.9831,0.983965,0.982885,0.9827,0.981235,0.98135,0.98139,0.980815,0.979765,0.98026,0.97917,0.979365,0.979445,0.979005,0.97785,0.978575,0.97708,0.97616,0.9762,0.97564,0.974125,0.974385,0.97421,0.974135,0.97322,0.973015,0.972875,0.97271,0.97117,0.97071,0.96941,0.96907,0.96896,0.967145,0.9674,0.967685,0.965875,0.965885,0.963885,0.96349,0.964625,0.963315,0.96301,0.962895,0.961535,0.960715,0.96066,0.958985,0.96044,0.95833,0.95743,0.958185,0.954655,0.95372,0.9518,0.9506,0.950975,0.948605,0.950655,0.95003,0.948325,0.946725,0.94802,0.945375,0.944225,0.94401,0.94222,0.94287,0.938875,0.93751,0.93811,0.937415,0.935145,0.933795,0.932785,0.92765,0.93324,0.93116,0.93027,0.93028,0.929275,0.925795,0.92265,0.927655,0.92065,0.914645,0.917115,0.914215,0.92033,0.91367,0.90838,0.914155,0.9163,0.894025,0.90128,0.908085,0.899055,0.90119,0.895035,0.89166,0.891765,0.88818,0.889055,0.883035,0.892765,0.88253,0.88576,0.884415,0.870135,0.87674,0.87461,0.866205,0.87036,0.84322,0.851725,0.864025,0.853685,0.851545,0.848615,0.841355,0.826785,0.82494,0.8333,0.79492,0.82058,0.78624,0.794255,0.809415,0.81088,0.81018,0.122205,0.785075,0.802085,0.79452,0.807415,0.77817,0.75852,0.74289,0.79848,0.780615,0.44734,0.727605,0.227475,0.68708,0.686465,0.610005,0.70129,0.58084,0.195515,0.461635,0.69229,0.53832,0.08622,0.203715,0.269915,0.087205,0.60586,0.58232,0.55163,0.241685,0.631215,0.28234,0.57879,0.23585,0.43732,0.42161,0.38446,0.0299,0.01692,0.25872,0.366255,0.20997,0.06794,0.173455,0.28193,0.05064,0.24108,0.14491,0.18143,0.05095,0.1704,0.162865,0.008815,0.08938,0.04432,0.121335,0.00019,0.077305,0.002885,0.123055,0.125465,0.18162,0.01596,0.05753,0.04918,0.04216,0.00567,0.037685,0.007375,0.025025,0.00111,0.0194,0.00305,0.025445,0.06274,0.10206,0.049915,0.035545,0.02822,0.04801,0.106805,0.02941,0.10597,0.0094,0.112155,0.074905,0.048455,0.03174,0.05893,0.040495,0.038525,0.00042,0.03282,0.013505,0.04507,0.013745,0.07315,0.04659,0.01159,0.04811,0.08453,0.02964,0.071595,0.009495,0.00562,0.031175,0.016885,0.00454,0.036945,0.01606,0.008165,0.038575,0.012755,0.046305,0.0198,0.018555,0.017075,0.02322,0.02204,0.0301,0.011505,0.021915,0.035655,0.00501,0.01541,0.01585,0.016205,0.01591,0.07034,0.018235,0.028705,0.003845,0.01391,0.01968,0.01938,0.04127,0.00314,0.038665,0.03781,0.01142,0.018385,0.01734,0.03674,0.008205,0.017305,0.01065,0.032335,0.01982,0.00367,0.02008,0.034075,0.00836,0.03662,0.006995,0.0219,0.032435,0.00801,0.005365,0.02555,0.00102,0.01224
0.349875,1,1,1,1,1,0.99999,1,1,1,0.04457,0.1211,1,0.999995,0.999995,0.05964,0.867185,1,0.85612,0.052385,1,0.23463,0.999995,0.999985,0.12927,0.10543,0.84951,0.32884,0.448375,0.999995,0.999995,0.999995,0.99998,0.999995,0.99998,0.999975,0.15641,0.99999,0.999995,0.99998,0.99997,0.999985,0.252,0.99998,0.95869,0.99997,0.30971,0.99995,0.999955,0.99997,0.999935,0.999925,0.99994,0.99993,0.99994,0.99992,0.127995,0.999915,0.912555,0.99991,0.99989,0.99984,0.99994,0.593595,0.99988,0.27607,0.99985,0.999855,0.999835,0.66824,0.957555,0.999805,0.999835,0.999785,0.999755,0.9998,0.99974,0.999775,0.99973,0.99976,0.999665,0.999665,0.99968,0.9996,0.999625,0.999705,0.999595,0.999645,0.99961,0.999605,0.9995,0.99948,0.999465,0.92422,0.428665,0.999445,0.999285,0.99941,0.999375,0.99929,0.99929,0.99929,0.99919,0.99917,0.999215,0.999095,0.999015,0.99907,0.998975,0.63481,0.998895,0.99899,0.998915,0.99867,0.998855,0.998625,0.99856,0.998595,0.99851,0.998555,0.99837,0.998435,0.998395,0.998245,0.99812,0.99804,0.998375,0.997815,0.9978,0.99795,0.99781,0.9978,0.997725,0.99775,0.99742,0.99723,0.997495,0.997425,0.997155,0.997215,0.99695,0.99688,0.94264,0.996895,0.99666,0.99649,0.996555,0.98243,0.996495,0.996125,0.99634,0.99602,0.99582,0.98928,0.99563,0.99565,0.995305,0.99507,0.99511,0.99465,0.994785,0.994805,0.994255,0.994495,0.994355,0.99387,0.993785,0.993645,0.99385,0.99356,0.9932,0.993245,0.99264,0.99271,0.992675,0.992465,0.99188,0.991935,0.99192,0.99166,0.99154,0.99072,0.99104,0.990085,0.990515,0.990345,0.99004,0.990365,0.98941,0.988755,0.98956,0.9889,0.98859,0.987575,0.988745,0.987785,0.987865,0.98673,0.986645,0.986595,0.987045,0.98641,0.985605,0.98557,0.984875,0.985395,0.98371,0.984665,0.984025,0.98459,0.98331,0.98204,0.982645,0.981605,0.9817,0.98246,0.981575,0.98154,0.980505,0.980545,0.979855,0.979315,0.979615,0.97861,0.97822,0.97759,0.97694,0.975335,0.975225,0.975005,0.974615,0.974475,0.973675,0.97276,0.973965,0.97394,0.971635,0.97237,0.97137,0.970865,0.96872,0.96879,0.9694,0.967965,0.968515,0.966595,0.967275,0.96578,0.963475,0.964075,0.965615,0.963425,0.96304,0.96284,0.96174,0.960135,0.95973,0.960185,0.956155,0.95897,0.95755,0.956365,0.95401,0.953995,0.954475,0.949445,0.9499,0.949765,0.95107,0.94988,0.946425,0.950425,0.948105,0.94639,0.945265,0.943065,0.94253,0.94135,0.94024,0.9411,0.936855,0.938025,0.938145,0.934785,0.932955,0.932665,0.9298,0.928965,0.933675,0.928305,0.9274,0.92578,0.926715,0.92362,0.923715,0.922435,0.919815,0.91449,0.916775,0.917905,0.911755,0.91331,0.896135,0.89862,0.9018,0.90313,0.90143,0.909715,0.90236,0.900655,0.81801,0.88448,0.88276,0.893595,0.890765,0.891015,0.877315,0.876365,0.877115,0.861475,0.876465,0.86993,0.865425,0.86437,0.845525,0.86698,0.84691,0.8551,0.845,0.85181,0.844755,0.84548,0.82008,0.82395,0.824505,0.815655,0.777385,0.80881,0.807085,0.80731,0.73335,0.815635,0.809695,0.78311,0.7592,0.7834,0.764515,0.79401,0.77125,0.78093,0.728705,0.66088,0.68535,0.728055,0.719165,0.69605,0.70237,0.720835,0.17566,0.00346,0.20578,0.29859,0.482655,0.39518,0.66527,0.223085,0.6654,0.539345,0.58757,0.23787,0.58125,0.443225,0.463055,0.241725,0.12609,0.43657,0.1318,0.3158,0.29809,0.387025,0.29875,0.01332,0.257295,0.230245,0.13614,0.04799,0.14505,0.124995,0.18321,0.158625,0.34434,0.10302,0.026365,0.12584,0.091825,0.04839,0.19139,0.095675,0.189185,0.060045,0.08403,0.017555,0.2806,0.04063,0.123585,0.15287,0.01518,0.068585,0.01181,0.11336,0.01699,0.060415,0.0356,0.049125,0.068015,0.031475,0.026965,0.179805,0.013595,0.16794,0.015895,0.03766,0.05795,0.045515,0.01265,0.023865,0.053235,0.13429,0.012385,0.004725,0.037075,0.018645,0.013965,0.01612,0.048265,0.035385,0.02584,0.03741,0.020675,0.07495,0.03663,0.02433,0.005755,0.02812,0.022595,0.00567,0.03371,0.00296,0.032485,0.04456,0.037985,0.028165,0.012275,0.017395,0.022375,0.015845,0.00956,0.059595,0.03158,0.07953,0.016285,0.033175,0.03841,0.01551,0.034385,0.005645,0.03325,0.02832,0.037015,0.020365,0.008725,0.005375,0.019365,0.023405,0.037225,0.001195,0.0122,0.013335,0.008955,0.005135,0.0479,0.02499,0.0147,0.00256,0.00855,0.004025,0.01835,0.027595,0.024195,0.038485,0.00125,0.020445,0.04873,0.00327,0.003725,0.03127,0.014855,0.013465,0.008895,0.02468,0.02
0.148495,0.085605,0.160965,0.023395,0.29209,1,1,0.12409,1,1,0.19355,1,1,0.39324,0.237375,0.143925,1,0.999995,1,1,0.999995,1,0.608265,0.10116,0.566945,1,0.999995,0.99999,0.99999,0.833595,1,0.99999,0.999985,0.999985,0.99997,0.99999,0.99711,0.99999,0.99999,0.999995,0.999985,0.59079,0.99996,0.99997,0.99996,0.999955,0.999955,0.999925,0.999945,0.99993,0.99992,0.99996,0.99996,0.99992,0.99995,0.99992,0.99993,0.99994,0.999895,0.241945,0.9999,0.202245,0.8801,0.20439,0.99989,0.999875,0.99988,0.999895,0.99982,0.999825,0.999825,0.99982,0.99985,0.99979,0.99979,0.99977,0.999795,0.99975,0.99971,0.999705,0.99965,0.999745,0.999715,0.980175,0.999655,0.99961,0.999635,0.99957,0.999605,0.999555,0.99953,0.9995,0.56586,0.999505,0.9995,0.99936,0.9993,0.99934,0.9994,0.99932,0.99918,0.999235,0.999205,0.999165,0.999125,0.99902,0.99898,0.99898,0.99906,0.99889,0.99875,0.99896,0.998965,0.34932,0.99882,0.99866,0.998655,0.99869,0.751465,0.74684,0.981335,0.998345,0.99837,0.99829,0.9983,0.998005,0.997935,0.99791,0.998065,0.9978,0.997955,0.99768,0.44686,0.997295,0.99744,0.99756,0.997305,0.997305,0.997165,0.41223,0.99707,0.99689,0.9968,0.996685,0.996785,0.996665,0.996445,0.99638,0.99538,0.996305,0.5817,0.995725,0.99591,0.99552,0.995565,0.9954,0.99509,0.995085,0.995245,0.9948,0.99489,0.994725,0.994475,0.994295,0.99416,0.99392,0.993855,0.993095,0.993375,0.99313,0.992905,0.99326,0.99287,0.992745,0.99264,0.99234,0.992155,0.99205,0.99155,0.99172,0.991735,0.991535,0.990775,0.990515,0.990575,0.990365,0.989705,0.989755,0.989965,0.99009,0.989115,0.989015,0.98822,0.98808,0.988535,0.988335,0.987875,0.98774,0.986685,0.986985,0.98675,0.98636,0.986925,0.985495,0.985,0.985055,0.985135,0.984545,0.98433,0.98432,0.983065,0.98265,0.9825,0.982585,0.982195,0.98066,0.981645,0.980355,0.98109,0.980465,0.97927,0.97947,0.978655,0.97756,0.978165,0.978675,0.97741,0.97638,0.976285,0.974645,0.97613,0.97398,0.97429,0.973575,0.972065,0.972415,0.971455,0.97171,0.971305,0.97095,0.96962,0.971475,0.96977,0.967855,0.96964,0.96748,0.96692,0.96612,0.96605,0.96394,0.963245,0.9634,0.962505,0.96014,0.96252,0.96033,0.960275,0.957975,0.95791,0.957505,0.9562,0.95586,0.95489,0.95636,0.952085,0.95431,0.954945,0.9523,0.948325,0.94608,0.9485,0.94715,0.947105,0.94943,0.9444,0.94468,0.938305,0.94174,0.932675,0.938055,0.940865,0.93485,0.93563,0.9332,0.929525,0.932775,0.933845,0.924155,0.93186,0.925295,0.929455,0.92747,0.925355,0.924705,0.919675,0.92001,0.92001,0.915585,0.920425,0.91306,0.91323,0.908375,0.90936,0.90803,0.905225,0.909515,0.90348,0.893675,0.896075,0.887815,0.898575,0.892045,0.891505,0.88049,0.88366,0.885855,0.885435,0.880085,0.882795,0.87649,0.873315,0.87153,0.869575,0.869275,0.854715,0.86046,0.85221,0.867695,0.84375,0.828355,0.842155,0.82584,0.837825,0.83945,0.8048,0.80695,0.808285,0.788115,0.76438,0.816945,0.332485,0.204935,0.776645,0.092645,0.68339,0.768225,0.786495,0.449915,0.7119,0.704575,0.7757,0.47498,0.243535,0.57372,0.4204,0.713895,0.753485,0.61612,0.72985,0.71724,0.41435,0.17084,0.536055,0.49328,0.24499,0.5686,0.046105,0.563925,0.37993,0.126595,0.239525,0.221695,0.06298,0.243425,0.107275,0.473235,0.22379,0.362325,0.16984,0.09538,0.48797,0.235265,0.07047,0.052015,0.0527,0.16272,0.07682,0.14881,0.23748,0.14563,0.208385,0.02349,0.220795,0.21617,0.10575,0.124465,0.105425,0.080755,0.262945,0.145585,0.01431,0.175735,0.019235,0.07438,0.00088,0.063275,0.11162,0.0306,0.03458,0.09323,0.04383,0.008575,0.04644,0.02948,0.048415,0.02973,0.03794,0.013505,0.070435,0.008795,0.01038,0.02277,0.14962,0.11555,0.009605,0.036185,0.054045,0.005795,0.07538,0.0371,0.00748,0.08723,0.000195,0.057675,0.071535,0.01774,0.0119,0.01869,0.01122,0.006215,0.006475,0.00977,0.022855,0.005705,0.014465,0.030325,0.001345,0.00884,0.008305,0.019945,0.03375,0.027425,0.01618,0.001615,0.019935,0.010445,0.009935,0.00414,0.017515,0.06821,0.001945,0.06584,0.04539,0.01186,0.01276,0.0067,0.007925,0.000555,0.041215,0.008485,0.030695,0.009955,0.011795,0.008115,0.0351,0.00089,0.022705,0.05118,0.005935,0.04393,0.03017,0.01447,0.049055,0.01241,0.023345,0.004295,0.00683,0.030065,0.016995,0.024675,0.0088,0.031185,0.00347,0.03677,0.021775,0.006855,0.030015,0.010115,0.00078,0.012395,0.007135
1,0.259555,0.999995,1,1,1,0.04337,0.11994,1,1,1,1,1,0.999995,1,1,1,1,0.20307,0.999995,1,1,0.99645,0.999985,1,1,0.17548,0.99999,1,0.999995,0.999995,0.156965,0.99998,0.99999,0.99999,1,0.138305,0.996815,0.66978,0.99999,0.999975,0.999965,0.999965,0.99996,0.999985,0.999965,0.029305,0.999955,0.99994,0.999945,0.999945,0.000485,0.009685,0.958105,0.99997,0.999945,0.99994,0.06502,0.999895,0.999905,0.999865,0.715125,0.999865,0.933895,0.99987,0.99987,0.99987,0.71997,0.8373,0.99984,0.99979,0.99976,0.999785,0.99978,0.999815,0.999765,0.999795,0.99976,0.99971,0.999795,0.999675,0.784905,0.99966,0.99963,0.999665,0.99959,0.99962,0.727755,0.99962,0.999505,0.999485,0.5048,0.999505,0.99945,0.999395,0.99931,0.99937,0.99937,0.9993,0.99935,0.999225,0.99925,0.999165,0.999175,0.999075,0.99913,0.999105,0.998915,0.76148,0.998915,0.99896,0.998885,0.99875,0.99896,0.99866,0.99457,0.998585,0.99866,0.99859,0.99854,0.998535,0.998405,0.998415,0.998105,0.998385,0.99819,0.998145,0.998015,0.997845,0.99794,0.997955,0.997865,0.997825,0.99763,0.997605,0.997525,0.795625,0.99738,0.996975,0.996985,0.996865,0.996875,0.99654,0.996485,0.996725,0.99661,0.996385,0.996695,0.99645,0.996105,0.99608,0.995965,0.82209,0.995395,0.99558,0.924505,0.995375,0.995015,0.99508,0.995185,0.995245,0.994365,0.994585,0.99435,0.994555,0.993755,0.99376,0.993735,0.99333,0.99364,0.99378,0.99278,0.99292,0.992635,0.99277,0.992175,0.99256,0.99208,0.991885,0.99139,0.99124,0.991475,0.95618,0.990355,0.99023,0.99001,0.9897,0.98977,0.990115,0.989105,0.989305,0.989045,0.989345,0.988335,0.9884,0.90981,0.98717,0.987035,0.987275,0.986055,0.98668,0.986075,0.98563,0.985565,0.98504,0.984475,0.9855,0.98377,0.98373,0.983185,0.98284,0.98339,0.98337,0.98176,0.981505,0.98179,0.980835,0.980395,0.980365,0.980415,0.97967,0.97874,0.977695,0.978435,0.978355,0.97759,0.977725,0.977545,0.976675,0.97527,0.974765,0.97599,0.97422,0.9727,0.975,0.972795,0.97233,0.971305,0.97195,0.97169,0.968335,0.97166,0.96841,0.96851,0.96697,0.969125,0.966615,0.966005,0.96302,0.966095,0.963655,0.961145,0.96317,0.962755,0.96133,0.9611,0.958995,0.959075,0.957905,0.95775,0.95539,0.955395,0.957735,0.954345,0.954345,0.95189,0.953145,0.95033,0.950075,0.949,0.94748,0.946445,0.94984,0.94797,0.94454,0.94663,0.94325,0.941655,0.942595,0.94355,0.938385,0.934305,0.93608,0.93609,0.93468,0.929455,0.93633,0.93393,0.93157,0.923625,0.92717,0.92377,0.92116,0.923605,0.92199,0.915125,0.91109,0.911805,0.91516,0.91067,0.90805,0.913495,0.91104,0.9066,0.90727,0.897145,0.897025,0.89157,0.88871,0.89377,0.890235,0.89279,0.874515,0.888505,0.877235,0.869105,0.881935,0.870335,0.883885,0.874815,0.868515,0.870745,0.876065,0.84423,0.871265,0.85697,0.84951,0.8565,0.85797,0.826955,0.831895,0.82028,0.83045,0.83442,0.825805,0.79268,0.79975,0.812855,0.82711,0.819815,0.79438,0.80829,0.67932,0.730695,0.66142,0.77105,0.78042,0.73035,0.250265,0.734595,0.142285,0.674175,0.20145,0.553745,0.42741,0.76033,0.697645,0.549805,0.64577,0.66767,0.31597,0.616625,0.53206,0.421885,0.171555,0.69697,0.03548,0.362535,0.11496,0.352295,0.100085,0.515695,0.02348,0.068675,0.04737,0.117855,0.50591,0.3114,0.27278,0.398605,0.11379,0.212595,0.078895,0.02334,0.089255,0.33674,0.101385,0.025465,0.142125,0.11241,0.09334,0.074125,0.110995,0.035795,0.121275,0.107575,0.178485,0.16613,0.06783,0.099235,0.20399,0.047245,0.004755,0.164925,0.047025,0.034885,0.03465,0.099335,0.021925,0.05221,0.000705,0.118925,0.062415,0.03908,0.040375,0.163065,0.211125,0.075685,0.000305,0.062685,0.055715,0.06231,0.02333,0.004735,0.06666,0.073385,0.01165,0.027805,0.00427,0.00352,0.122455,0.034995,0.04536,0.014685,0.05038,0.02053,0.00981,0.01341,0.01627,0.027495,0.068155,0.014225,0.02991,0.055415,0.088655,0.002805,0.060925,0.02946,0.01973,0.01188,0.086435,0.008495,0.009015,0.053715,0.00369,0.035725,0.00206,0.003285,0.02636,0.040335,0.021825,0.03231,0.020215,0.0203,0.01993,0.02562,0.010075,0.020765,0.01216,0.01041,0.03761,0.01238,0.0528,0.00509,0.02804,0.01232,0.02269,0.015435,0.023235,0.00809,0.01832,0.020115,0.004855,0.000495,0.014685,0.001095,0.050445,0.04888,0.01127,0.03794,0.06392,0.02476,0.036975,0.0039,0.001775,0.0046,0.003535,0.022935,0.03208,0.006535,0.016825
1,1,0.348845,1,0.999995,1,1,1,1,1,0.06151,0.618995,0.07847,0.07063,0.999995,0.233975,1,1,0.999995,0.99999,1,1,0.33577,0.868965,0.22483,1,1,0.999995,0.99999,0.99999,0.14965,0.99999,1,1,0.999995,0.99999,0.999995,0.776035,0.999985,0.99998,0.999985,0.99997,0.23807,0.99998,0.99998,0.99997,0.999955,0.91578,0.999985,0.999955,0.99996,0.12906,0.99993,0.9133,0.99995,0.999985,0.999935,0.999895,0.418875,0.999905,0.99991,0.999875,0.99986,0.99986,0.99982,0.99987,0.99989,0.99985,0.9344,0.999805,0.96627,0.99983,0.999855,0.090575,0.567545,0.99977,0.99977,0.99981,0.999785,0.99972,0.999695,0.99967,0.999715,0.513525,0.999615,0.999595,0.999475,0.999525,0.999635,0.999585,0.99971,0.999635,0.999455,0.99935,0.999485,0.999325,0.999375,0.999325,0.999345,0.999415,0.826085,0.99929,0.999215,0.999315,0.999115,0.99903,0.99914,0.999035,0.99909,0.090665,0.99889,0.99888,0.99886,0.998715,0.998795,0.99862,0.99869,0.9985,0.998445,0.998595,0.998445,0.99837,0.99828,0.99836,0.99408,0.998175,0.998075,0.99808,0.99807,0.997915,0.99773,0.997585,0.997765,0.99771,0.997585,0.997505,0.690975,0.94098,0.996955,0.997205,0.99703,0.99698,0.996545,0.996575,0.99667,0.99653,0.996555,0.99652,0.996355,0.99594,0.995885,0.99606,0.995845,0.995435,0.995485,0.995495,0.99521,0.99548,0.99509,0.99487,0.99483,0.99457,0.994515,0.99455,0.99422,0.99431,0.993785,0.99359,0.99323,0.99361,0.993065,0.99356,0.99266,0.992255,0.992245,0.9924,0.99207,0.99173,0.99209,0.992045,0.991555,0.991025,0.991495,0.99097,0.99041,0.99053,0.989665,0.98991,0.989595,0.990855,0.989195,0.989185,0.988605,0.988525,0.988685,0.98801,0.98715,0.98693,0.98714,0.98744,0.987005,0.98623,0.986495,0.985995,0.985345,0.98468,0.98543,0.983885,0.98438,0.98304,0.98272,0.983255,0.982855,0.983065,0.98175,0.981995,0.980415,0.980825,0.97975,0.97982,0.979495,0.979895,0.97892,0.97875,0.97683,0.97764,0.97653,0.97664,0.97562,0.977045,0.976145,0.97445,0.97377,0.974345,0.97394,0.972525,0.97167,0.97173,0.972585,0.971485,0.970585,0.9688,0.968295,0.969245,0.96751,0.96776,0.966635,0.965895,0.96507,0.96384,0.96558,0.96246,0.963405,0.96129,0.961695,0.961175,0.958685,0.95971,0.958705,0.95823,0.95623,0.95552,0.9571,0.953825,0.95331,0.952675,0.95233,0.94728,0.94926,0.94852,0.94787,0.94787,0.94843,0.94399,0.945635,0.945445,0.938595,0.94331,0.93791,0.94036,0.937825,0.938175,0.93857,0.935995,0.935665,0.933665,0.929475,0.931355,0.922965,0.928695,0.92592,0.92337,0.92349,0.91578,0.926035,0.919405,0.92304,0.918535,0.918095,0.91957,0.912015,0.89966,0.906405,0.91415,0.91071,0.906035,0.90013,0.90206,0.88877,0.90396,0.89581,0.871165,0.895275,0.88713,0.88735,0.889785,0.870015,0.876805,0.88318,0.871495,0.871775,0.87719,0.86629,0.873645,0.86629,0.85984,0.85455,0.12177,0.85756,0.81826,0.81841,0.857075,0.81391,0.82988,0.820705,0.819685,0.76156,0.76132,0.82516,0.78984,0.75761,0.77415,0.791415,0.80108,0.795525,0.789095,0.79649,0.789785,0.71165,0.758405,0.71862,0.758655,0.72127,0.727455,0.03857,0.734375,0.01794,0.32687,0.686375,0.722535,0.495435,0.348805,0.35135,0.61628,0.60529,0.625115,0.463715,0.61354,0.32503,0.311465,0.51055,0.47299,0.04602,0.01237,0.10796,0.272345,0.33167,0.19158,0.121785,0.1439,0.37764,0.267255,0.16006,0.162815,0.13597,0.09381,0.216625,0.16345,0.104135,0.09599,0.17944,0.163445,0.007025,0.051275,0.11089,0.053695,0.15025,0.019475,0.390145,0.195805,0.090875,0.16945,0.05092,0.17351,0.06332,0.06237,0.03217,0.10378,0.04304,0.012115,0.017295,0.0455,0.042545,0.16693,0.059305,0.0404,0.02397,0.18352,0.02206,0.08901,0.085345,0.125225,0.016595,0.01416,0.045225,0.021775,0.02529,0.02284,0.04623,0.01077,0.030855,0.092385,0.00841,0.09934,0.02118,0.01344,0.02039,0.01883,0.050085,0.00299,0.025485,0.05491,0.064765,0.02666,0.08298,0.022755,0.01292,0.01888,0.00491,0.07121,0.01423,0.02621,0.032155,0.03163,0.04003,0.05928,0.084685,0.011495,0.05343,0.03326,0.019295,0.036115,0.032905,0.02289,0.030475,0.00779,0.004225,0.01255,0.00121,0.02069,0.036375,0.00431,0.04047,0.003535,0.02252,0.014065,0.02408,0.00521,0.016315,0.02616,0.01768,0.0138,0.000555,0.00752,0.012125,0.005105,0.00277,0.009525,0.017135,0.008015,0.05903,0.03127,0.02644,0.004765,0.024145,0.00315,0.017995,0.00252,0.014085,0.00464,0.028995
1,1,0.070185,0.180315,1,1,1,1,0.999995,1,1,1,1,1,0.380025,1,1,0.999995,1,0.999995,1,1,0.31105,0.999995,0.999995,1,0.999995,0.999985,0.35762,1,1,0.028525,0.309205,1,0.093685,0.999995,0.99996,0.999985,0.999985,0.081455,0.999975,0.999995,0.095365,0.99996,0.99997,0.999965,0.999975,0.999975,0.99996,0.999955,0.27868,0.999965,0.99994,0.999945,0.999945,0.99989,0.999925,0.999925,0.99994,0.999905,0.99992,0.999915,0.87393,0.25981,0.99991,0.999865,0.999845,0.57829,0.99985,0.594655,0.99974,0.99977,0.1707,0.99975,0.99981,0.999665,0.99978,0.999755,0.99973,0.999645,0.99974,0.999705,0.99969,0.983895,0.99965,0.99965,0.99961,0.99962,0.999575,0.999505,0.999475,0.99943,0.962915,0.999465,0.99945,0.999445,0.97983,0.9994,0.999325,0.99929,0.99915,0.999165,0.999205,0.99924,0.99915,0.999125,0.99906,0.99911,0.998995,0.998865,0.998925,0.998965,0.99883,0.998835,0.99871,0.99879,0.998645,0.998525,0.984615,0.998505,0.998515,0.998375,0.998245,0.998215,0.99822,0.998,0.99806,0.99788,0.997915,0.99782,0.997835,0.997725,0.99754,0.99773,0.997615,0.997515,0.99737,0.99724,0.997475,0.996975,0.997005,0.99715,0.996805,0.99684,0.996365,0.99639,0.99627,0.99606,0.996175,0.99647,0.99585,0.99583,0.99615,0.99549,0.99521,0.995315,0.99569,0.99508,0.995135,0.99515,0.994505,0.99461,0.994455,0.99455,0.99431,0.99398,0.99401,0.95347,0.993625,0.993195,0.99295,0.993045,0.993,0.993085,0.99207,0.992055,0.99237,0.99163,0.99215,0.99162,0.99146,0.991065,0.99115,0.99066,0.99054,0.990215,0.99086,0.989645,0.989975,0.98914,0.988945,0.98908,0.9883,0.98814,0.988015,0.98764,0.988335,0.98775,0.987145,0.986385,0.9868,0.98599,0.986175,0.98533,0.98525,0.98481,0.98437,0.984025,0.984505,0.98459,0.983655,0.982165,0.981955,0.982555,0.981825,0.982205,0.98123,0.981105,0.980785,0.98049,0.98039,0.97921,0.978405,0.97905,0.9774,0.97792,0.977615,0.976085,0.976045,0.975515,0.97556,0.9742,0.97449,0.972265,0.97356,0.972045,0.971345,0.970655,0.971455,0.971105,0.971115,0.969805,0.96946,0.968115,0.96765,0.96685,0.967055,0.965555,0.96469,0.964485,0.96297,0.964625,0.96268,0.960625,0.96274,0.96191,0.958575,0.959225,0.955985,0.95996,0.955745,0.955395,0.9534,0.95602,0.95416,0.953095,0.951325,0.9518,0.949445,0.94885,0.94905,0.94652,0.945145,0.94801,0.944535,0.945595,0.943605,0.940595,0.94421,0.9378,0.939645,0.939535,0.937165,0.937005,0.938085,0.9339,0.93029,0.928685,0.92897,0.92613,0.9237,0.92609,0.929225,0.922355,0.92089,0.923955,0.911305,0.916335,0.9184,0.91328,0.911305,0.91208,0.90305,0.876935,0.910125,0.90347,0.90564,0.84789,0.9033,0.89305,0.89476,0.90038,0.8907,0.86431,0.89074,0.880935,0.8672,0.8596,0.875255,0.87258,0.87454,0.868185,0.866555,0.868485,0.863985,0.85524,0.85202,0.821955,0.85711,0.83348,0.84964,0.78766,0.82874,0.46428,0.251805,0.837245,0.819805,0.82621,0.818265,0.783715,0.78049,0.773885,0.812805,0.478485,0.571205,0.81161,0.75624,0.793345,0.127515,0.3325,0.74245,0.702695,0.704,0.76399,0.7177,0.69169,0.655045,0.728655,0.550195,0.26369,0.722205,0.60109,0.70012,0.6031,0.13288,0.24318,0.372945,0.645065,0.01953,0.11876,0.214885,0.505205,0.32,0.309925,0.33888,0.009635,0.059095,0.39546,0.057145,0.344515,0.098525,0.06807,0.268275,0.437665,0.249575,0.09401,0.10739,0.16224,0.275145,0.027,0.09388,0.04604,0.091805,0.088535,0.115115,0.08818,0.082245,0.202035,0.14144,0.00699,0.07822,0.195345,0.04901,0.14108,0.06481,0.114505,0.13821,0.129195,0.00604,0.1147,0.150545,0.00567,0.0148,0.10678,0.01432,0.089495,0.059315,0.03411,0.04795,0.141635,0.02085,0.050215,0.02722,0.009235,0.065235,0.06296,0.023605,0.028905,0.02752,0.02448,0.0674,0.07905,0.1077,0.08787,0.019435,0.093245,0.01088,0.016215,0.072705,0.035355,0.0622,0.003015,0.00145,0.03709,0.09556,0.018215,0.041445,0.02712,0.02791,0.03486,0.0003,0.00838,0.04599,0.01417,0.00537,0.060875,0.01173,0.001705,0.00511,0.00236,0.03527,0.002425,0.00708,0.02922,0.031755,0.04159,0.000125,0.05768,0.01101,0.00999,0.031565,0.024665,0.02197,0.032465,0.011015,0.02149,0.064955,0.019515,0.00929,0.006995,0.001455,0.016215,0.01298,0.01008,0.009535,0.024155,0.02099,0.00387,2e-05,0.011185,0.003735,0.006715,0.012095,0.002955,0.00022,0.00101,0.020275,0.02948,0.00698,0.00765,0.01825
0.14501,0.079035,0.07596,1,0.17026,1,0.389355,1,1,1,0.999995,1,1,0.01189,1,1,0.999995,0.999995,1,1,1,0.999995,0.999995,0.112795,0.99999,1,1,0.999985,1,0.434775,0.11341,0.839195,0.99999,0.999985,0.99999,1,0.99999,0.97367,0.99999,0.19218,0.999965,0.999965,0.99998,0.999965,0.999975,0.999975,0.999945,0.999975,0.99996,0.28906,0.99996,0.99992,0.999945,0.99995,0.999905,0.99993,0.999955,0.01804,0.344585,0.999915,0.99988,0.99992,0.894985,0.999885,0.99984,0.999875,0.99987,0.999845,0.999865,0.999855,0.99989,0.07405,0.988255,0.99982,0.99973,0.99979,0.999705,0.999815,0.999725,0.99966,0.586385,0.98652,0.371835,0.999685,0.9997,0.999635,0.96058,0.76028,0.999605,0.999585,0.99956,0.99951,0.99949,0.999475,0.99955,0.999305,0.99944,0.99928,0.99917,0.99937,0.62391,0.99927,0.99922,0.99911,0.999145,0.99917,0.0058,0.998975,0.99895,0.99902,0.998835,0.99886,0.99878,0.998845,0.796545,0.998545,0.99879,0.998655,0.998435,0.99867,0.998725,0.998385,0.998415,0.99827,0.99808,0.99826,0.99794,0.997835,0.998,0.80868,0.99811,0.9977,0.997645,0.99752,0.99741,0.997405,0.997455,0.99727,0.99725,0.9972,0.997045,0.996595,0.99674,0.99656,0.996625,0.9965,0.996325,0.95573,0.995945,0.996445,0.99612,0.99593,0.995975,0.99523,0.99554,0.995555,0.995225,0.995065,0.99526,0.9949,0.994605,0.994795,0.994275,0.994595,0.99421,0.993965,0.99401,0.993585,0.99363,0.993495,0.99294,0.993285,0.99309,0.992525,0.992535,0.99232,0.99236,0.99204,0.992165,0.991755,0.99138,0.99118,0.990995,0.990915,0.99045,0.99013,0.990325,0.99033,0.98972,0.98938,0.989055,0.98868,0.98897,0.988285,0.98815,0.98807,0.98788,0.987295,0.98704,0.98653,0.985645,0.98599,0.98515,0.98598,0.985205,0.98427,0.985195,0.98425,0.984025,0.98362,0.982805,0.982935,0.98338,0.98288,0.982625,0.981395,0.981045,0.98201,0.980605,0.980865,0.97966,0.978965,0.978415,0.97757,0.977815,0.97776,0.977815,0.97747,0.975715,0.974275,0.973965,0.97419,0.97423,0.973865,0.972595,0.97238,0.97213,0.970105,0.97096,0.97019,0.96911,0.969955,0.96826,0.96891,0.96847,0.966195,0.965695,0.965235,0.967595,0.964785,0.964855,0.96345,0.961875,0.96254,0.96116,0.96086,0.959965,0.95805,0.95781,0.95729,0.95475,0.958225,0.955295,0.954205,0.95525,0.95138,0.95349,0.949005,0.9507,0.950505,0.9505,0.94795,0.94763,0.945575,0.944235,0.94059,0.943595,0.94106,0.941885,0.939535,0.940015,0.93692,0.9365,0.936385,0.936675,0.929215,0.92953,0.93301,0.93114,0.929255,0.92412,0.92628,0.92311,0.92371,0.91989,0.918725,0.920575,0.91803,0.91593,0.917465,0.91034,0.910915,0.90945,0.908875,0.899245,0.899625,0.903325,0.905295,0.902865,0.90462,0.88621,0.896765,0.89402,0.88895,0.885345,0.889355,0.884245,0.87361,0.875205,0.876805,0.868265,0.87317,0.865865,0.87026,0.857565,0.85371,0.845555,0.84491,0.829415,0.858295,0.84109,0.838815,0.82184,0.83164,0.824175,0.81606,0.81699,0.830715,0.775305,0.774285,0.7986,0.77757,0.563305,0.80322,0.767325,0.7282,0.77524,0.77335,0.75842,0.76535,0.061635,0.74233,0.729605,0.07801,0.65411,0.380275,0.297255,0.710105,0.00242,0.32863,0.655885,0.372255,0.066995,0.6123,0.360625,0.22314,0.173485,0.446165,0.131715,0.304985,0.178425,0.162455,0.41289,0.085275,0.067735,0.120245,0.40082,0.01296,0.37575,0.28722,0.11843,0.20557,0.312655,0.307885,0.177095,0.24154,0.10767,0.17812,0.039845,0.09957,0.192675,0.17087,0.047375,0.219155,0.020295,0.04829,0.057115,0.015815,0.15739,0.189735,0.048935,0.194,0.015395,0.1423,0.120425,0.05363,0.072735,0.131205,0.05265,0.169205,0.00576,0.00818,0.1291,0.04469,0.031815,0.196005,0.01792,0.03941,0.0672,0.04424,0.0127,0.075645,0.08067,0.007235,0.044575,0.02695,0.05003,0.025635,0.03131,0.022985,0.00325,0.029755,0.06155,0.072485,0.04457,0.05936,0.095995,0.003615,0.002145,0.00411,0.09285,0.030455,0.01116,0.006015,0.011,0.054245,0.061535,0.05621,0.0317,0.01734,0.030215,0.036245,0.03226,0.046925,0.012995,0.03533,0.008585,0.010215,0.058915,0.042105,0.0283,0.044815,0.005795,0.002885,0.024765,0.01087,0.039155,0.036725,0.0412,0.019085,0.031305,0.03349,0.02388,0.007735,0.052045,0.04392,0.009645,0.01431,0.004815,0.01679,0.011075,0.008235,0.015075,0.03534,0.04388,0.015325,0.00377,0.005285,0.00823,0.013435,0.02963,0.01182,0.029145,0.00962,0.008925,0.01741,0.021495,0.018,0.016415,0.03602,0.00338
1,0.731265,1,1,1,1,0.4752,0.999995,1,0.999995,1,1,0.030875,1,1,0.234555,0.999995,0.999995,0.98467,1,1,0.999995,1,1,0.99999,0.99999,0.99999,0.129035,0.999985,0.999995,0.999995,0.999995,0.16777,1,0.42823,0.999995,0.999985,0.999995,0.999985,0.999985,0.99998,0.999965,0.99998,0.999985,0.93903,0.999975,0.99996,0.99997,0.99994,0.99993,0.999975,0.999945,0.96442,0.99994,0.45263,0.999935,0.999965,0.99991,0.999905,0.00466,0.91154,0.128645,0.999935,0.999895,0.99986,0.9999,0.99984,0.99984,0.999805,0.99989,0.17523,0.99985,0.999805,0.999755,0.99976,0.99978,0.999805,0.999795,0.999805,0.999715,0.99973,0.999705,0.99963,0.999655,0.99963,0.272475,0.99956,0.999625,0.62377,0.999585,0.999635,0.45359,0.999495,0.999425,0.999495,0.999465,0.22158,0.99931,0.999325,0.998305,0.99922,0.999245,0.9991,0.99915,0.999075,0.999075,0.99901,0.999065,0.99893,0.998925,0.99885,0.99886,0.998785,0.998675,0.998825,0.9988,0.9987,0.998685,0.99862,0.99849,0.99858,0.998495,0.998325,0.99839,0.998105,0.99814,0.998,0.99798,0.997915,0.99787,0.997705,0.99762,0.997765,0.997615,0.99762,0.99747,0.77837,0.99709,0.997345,0.996945,0.99702,0.996955,0.996985,0.996925,0.996645,0.99664,0.996245,0.513725,0.99589,0.996065,0.99581,0.99577,0.99563,0.996015,0.995845,0.99551,0.995435,0.995215,0.995065,0.994725,0.994805,0.994365,0.994625,0.994695,0.993985,0.9937,0.994305,0.993395,0.993495,0.99321,0.99324,0.99303,0.993195,0.99297,0.99269,0.99215,0.99232,0.99229,0.991245,0.99179,0.9912,0.99151,0.99104,0.99071,0.989845,0.99009,0.99049,0.98962,0.9895,0.99009,0.989445,0.9894,0.98863,0.987795,0.98799,0.98777,0.987275,0.987435,0.98747,0.9867,0.986425,0.98596,0.98596,0.985655,0.98491,0.984765,0.98464,0.98435,0.9837,0.98338,0.98344,0.981505,0.983465,0.98222,0.98208,0.981785,0.98154,0.980835,0.981345,0.97982,0.97996,0.97946,0.97962,0.978815,0.977475,0.977515,0.97714,0.975925,0.976345,0.975425,0.97572,0.97471,0.97546,0.974125,0.973125,0.97176,0.97173,0.97271,0.97059,0.969715,0.971305,0.969895,0.96919,0.969205,0.96725,0.96758,0.96612,0.966105,0.96618,0.964185,0.965105,0.96312,0.96327,0.961685,0.96119,0.96123,0.959235,0.95971,0.95809,0.956995,0.955315,0.95573,0.955445,0.95328,0.953685,0.953985,0.9526,0.95035,0.95026,0.95087,0.95006,0.949485,0.946135,0.9442,0.943735,0.942375,0.943755,0.94155,0.939365,0.939605,0.94091,0.93499,0.93863,0.93463,0.935535,0.93076,0.931035,0.930655,0.931355,0.93083,0.923685,0.922315,0.912945,0.923355,0.920825,0.920005,0.916655,0.916215,0.91483,0.915035,0.90422,0.901555,0.908175,0.91041,0.90852,0.896095,0.89424,0.89805,0.89056,0.901195,0.892645,0.89296,0.895175,0.89219,0.88011,0.878965,0.877385,0.8867,0.870425,0.867725,0.864515,0.859595,0.878265,0.857945,0.878535,0.86595,0.835305,0.862535,0.84349,0.83544,0.8366,0.83652,0.828345,0.83538,0.83649,0.807355,0.787985,0.83468,0.825505,0.633695,0.79542,0.804815,0.73321,0.732175,0.772475,0.777665,0.744175,0.76396,0.812875,0.711975,0.562685,0.74206,0.02176,0.72025,0.73739,0.696305,0.679395,0.69996,0.673205,0.4548,0.30278,0.205655,0.250605,0.618305,0.036965,0.228545,0.100555,0.06229,0.596835,0.28441,0.60357,0.13665,0.364585,0.17076,0.27144,0.33939,0.146185,0.254035,0.427945,0.271035,0.13354,0.262955,0.097345,0.06446,0.0319,0.14171,0.264165,0.39583,0.237235,0.15276,0.22076,0.04597,0.02939,0.205865,0.016895,0.07567,0.07094,0.21298,0.119375,0.08389,0.16363,0.134575,0.00056,0.06869,0.02004,0.006625,0.010775,0.05298,0.054525,0.14194,0.01593,0.095835,0.02988,0.02822,0.106385,0.013285,0.016775,0.141495,0.093725,0.090885,0.0432,0.08549,0.12323,0.012375,0.031245,0.04036,0.0071,0.024755,0.02341,0.04387,0.0946,0.046305,0.042565,0.01252,0.009125,0.086715,0.003325,0.027345,0.030235,0.038775,0.021045,0.02539,0.031135,0.044235,0.05716,0.03385,0.058705,0.045215,0.052855,0.016155,0.03347,0.006415,0.01195,0.00226,0.012585,0.024235,0.02755,0.005265,0.043935,0.08761,0.045405,0.006565,0.05645,0.008605,0.013795,0.002265,0.002305,0.02553,0.02706,0.008885,0.01665,0.01519,0.00162,0.011155,0.01379,0.010345,0.020445,0.017875,0.0177,0.0405,0.030875,0.008595,0.04355,0.019,0.022085,0.031015,0.00808,0.03549,0.01172,0.013805,0.020905,0.01636,0.004885,0.02667,0.00169,0.000515,0.010985,0.032465,0.01013,0.014595,0.007585
1,1,1,1,0.623375,0.999995,1,1,0.166345,1,0.02463,0.039925,1,1,0.999995,0.999985,1,0.178355,1,0.999995,0.172765,0.999995,0.999995,1,0.99999,0.360835,0.163265,0.99999,0.508355,0.998465,0.999985,0.99997,0.999995,0.33901,1,0.72258,0.99998,0.50779,0.999985,0.99997,0.704585,0.99997,0.130065,0.99999,0.999985,0.99002,0.99995,0.999935,0.999955,0.564865,0.99993,0.18945,0.99996,0.99993,0.773295,0.038695,0.99996,0.913185,0.99993,0.99989,0.999875,0.9999,0.2246,0.999895,0.999935,0.999875,0.99986,0.999795,0.99992,0.99986,0.77351,0.021945,0.999795,0.999775,0.99979,0.99973,0.999765,0.99978,0.9997,0.52342,0.99979,0.99967,0.99962,0.999665,0.999595,0.99961,0.04973,0.99952,0.99959,0.999495,0.999515,0.99946,0.999495,0.999465,0.999435,0.999435,0.99932,0.97026,0.999335,0.99937,0.02628,0.99928,0.99918,0.999065,0.999,0.99918,0.999125,0.999045,0.99893,0.999,0.99886,0.998855,0.99889,0.99878,0.99866,0.998695,0.68551,0.99851,0.998625,0.99843,0.998445,0.99849,0.998455,0.99825,0.99812,0.9981,0.99818,0.997955,0.99781,0.997965,0.99773,0.997595,0.997795,0.99769,0.997385,0.99738,0.703715,0.95335,0.99723,0.997295,0.99702,0.99664,0.99684,0.996705,0.99654,0.996255,0.99651,0.996465,0.996165,0.996095,0.996085,0.995995,0.995605,0.995555,0.99575,0.995785,0.995175,0.99516,0.994915,0.994385,0.99497,0.994415,0.994145,0.994335,0.994535,0.99448,0.99377,0.99388,0.99311,0.99323,0.9925,0.99329,0.993,0.99256,0.992455,0.99226,0.992425,0.991975,0.991655,0.99197,0.99167,0.99129,0.99029,0.990685,0.99038,0.99025,0.989685,0.989725,0.989665,0.98944,0.98924,0.989075,0.98827,0.988055,0.987835,0.9884,0.987695,0.98771,0.9873,0.98677,0.98632,0.98636,0.985035,0.986085,0.984875,0.984505,0.98482,0.98361,0.983505,0.983705,0.983535,0.9835,0.982485,0.98201,0.981655,0.982035,0.979255,0.98022,0.98079,0.978745,0.97995,0.979185,0.978395,0.978225,0.978715,0.977725,0.976865,0.9769,0.975985,0.976115,0.973975,0.973765,0.97444,0.97387,0.97464,0.974875,0.972155,0.97004,0.97224,0.971315,0.969225,0.969715,0.9687,0.968595,0.967725,0.967445,0.967185,0.966685,0.96546,0.96516,0.96245,0.96436,0.96422,0.96041,0.960355,0.961185,0.95763,0.959805,0.96055,0.955795,0.95408,0.95464,0.95478,0.955065,0.95226,0.952205,0.95339,0.94887,0.95339,0.94683,0.94845,0.948815,0.944525,0.94873,0.945135,0.94367,0.94313,0.94178,0.942895,0.94219,0.93995,0.939435,0.93767,0.931825,0.93374,0.93217,0.932795,0.92759,0.924705,0.91902,0.923995,0.920345,0.92713,0.923135,0.91576,0.922235,0.919735,0.918525,0.916255,0.916335,0.9154,0.908235,0.906025,0.906125,0.90887,0.9061,0.90363,0.896005,0.89735,0.896035,0.89734,0.88558,0.887115,0.89414,0.885885,0.87724,0.880045,0.861425,0.88311,0.87875,0.87814,0.86046,0.860235,0.855805,0.86024,0.85377,0.869085,0.849625,0.857415,0.82854,0.855315,0.769115,0.81029,0.820765,0.835925,0.798475,0.834685,0.81715,0.833095,0.78736,0.806045,0.78634,0.70915,0.789425,0.76375,0.749815,0.50838,0.776945,0.18881,0.750185,0.78303,0.13811,0.45492,0.574835,0.735135,0.533035,0.102325,0.702375,0.16781,0.656495,0.719215,0.402355,0.10771,0.20405,0.030105,0.51947,0.701255,0.5567,0.0328,0.421175,0.0635,0.240455,0.439075,0.45488,0.373395,0.097345,0.274305,0.27179,0.18227,0.500755,0.24502,0.17795,0.10856,0.238535,0.286475,0.141835,0.161105,0.35027,0.340765,0.14311,0.095115,0.254845,0.04461,0.15809,0.023425,0.06364,0.161865,0.123505,0.187855,0.221385,0.10725,0.02718,0.00094,0.02176,0.109375,0.15619,0.13867,0.048225,0.050535,0.118,0.15076,0.11736,0.02723,0.04008,0.01125,0.083315,0.17306,0.044225,0.07039,0.030625,0.065515,0.07253,0.075895,0.10117,0.056405,0.01544,0.079925,0.03533,0.06642,0.004865,0.04992,0.034535,0.00618,0.0741,0.012065,0.013335,0.01778,0.018075,0.082585,0.013245,0.07984,0.06039,0.026405,0.07105,0.02526,0.008615,0.02216,0.03682,0.11752,0.024665,0.01966,0.008,0.020375,0.092475,0.024575,0.00621,0.05379,0.01531,0.039395,0.063275,0.029785,0.029775,0.02085,0.0153,0.01317,0.00669,0.007015,0.03091,0.00414,0.0078,0.045195,0.030505,0.000725,0.0105,0.00547,0.02929,0.00897,0.0217,0.033495,0.026485,0.0125,0.00816,0.013015,0.036735,0.03039,0.03652,0.03995,0.029875,0.039095,0.031315,0.007475,0.01942,0.013495,0.034025,0.007045,0.01291,0.022315,0.00537,0.01888,0.021545,0.02137
0.2022,1,1,0.999995,0.33938,0.999995,1,1,1,0.039905,0.098935,0.22224,0.142835,1,0.412625,1,0.999995,0.99999,0.999995,0.14432,1,1,1,0.99999,0.999995,0.999995,0.0401,0.55706,0.1276,0.162025,0.99999,0.999985,0.280125,0.999975,0.99999,0.99998,0.51724,0.017805,0.999985,0.584775,0.999985,0.999965,0.396175,0.99997,0.99998,0.99997,0.904905,0.999985,0.999985,0.99996,0.99993,0.999945,0.99995,0.99993,0.999945,0.99992,0.73323,0.99989,0.322385,0.13666,0.99992,0.999905,0.999885,0.270385,0.99985,0.999875,0.999845,0.99982,0.99981,0.99985,0.097895,0.98818,0.999805,0.99982,0.9998,0.999765,0.99976,0.999755,0.999705,0.999715,0.999735,0.999735,0.14842,0.999725,0.99962,0.999675,0.807525,0.99964,0.999535,0.99956,0.999525,0.734065,0.999505,0.99951,0.9995,0.999425,0.999385,0.203165,0.99933,0.999325,0.999365,0.999375,0.99917,0.999295,0.999125,0.99907,0.99914,0.999015,0.998905,0.99886,0.998945,0.998815,0.9988,0.99876,0.998745,0.99865,0.99867,0.99856,0.998595,0.99853,0.648845,0.99827,0.99827,0.99838,0.998375,0.99651,0.9979,0.998025,0.997865,0.99793,0.99777,0.99758,0.99774,0.99749,0.99737,0.5546,0.99727,0.99723,0.997335,0.997285,0.997155,0.99719,0.996915,0.99701,0.996635,0.996385,0.996505,0.99616,0.99611,0.996185,0.995905,0.996055,0.995955,0.99576,0.99537,0.995625,0.9953,0.99512,0.994865,0.99493,0.994965,0.994865,0.994325,0.994455,0.993935,0.99364,0.993875,0.99358,0.99369,0.99391,0.896525,0.993195,0.993115,0.99324,0.992385,0.9926,0.99252,0.99158,0.99151,0.99201,0.99103,0.99082,0.99059,0.990975,0.99055,0.9902,0.990275,0.98962,0.989095,0.989665,0.9897,0.988845,0.989015,0.98861,0.987405,0.988085,0.98743,0.987355,0.98657,0.98707,0.98633,0.98587,0.985915,0.98597,0.985455,0.98485,0.984395,0.983905,0.984265,0.98392,0.982995,0.9833,0.981815,0.982285,0.9822,0.98162,0.980495,0.98022,0.981325,0.979735,0.98032,0.979355,0.97871,0.97983,0.97845,0.97769,0.977225,0.9771,0.976485,0.97526,0.97567,0.97478,0.974205,0.97437,0.973115,0.97254,0.971635,0.972095,0.971585,0.970485,0.970785,0.97048,0.96858,0.96722,0.96766,0.967395,0.96693,0.965575,0.9646,0.96342,0.9649,0.962805,0.96245,0.96165,0.96084,0.95975,0.95949,0.95891,0.958305,0.95701,0.95628,0.9563,0.95447,0.952435,0.954625,0.95303,0.953255,0.95074,0.95152,0.95075,0.947655,0.944875,0.94819,0.94372,0.94224,0.94325,0.943085,0.94303,0.94047,0.94022,0.940425,0.93668,0.937865,0.93703,0.93416,0.93203,0.930515,0.930045,0.930295,0.92517,0.92269,0.92771,0.914985,0.922285,0.918845,0.917835,0.91236,0.908365,0.910925,0.919695,0.907185,0.914565,0.90313,0.9103,0.889,0.900275,0.89788,0.89597,0.8944,0.889275,0.89411,0.8954,0.889955,0.892635,0.878435,0.88435,0.891005,0.855065,0.87472,0.880805,0.858265,0.87764,0.849115,0.849845,0.839465,0.858,0.846215,0.86188,0.830645,0.857865,0.84522,0.848965,0.8438,0.77703,0.82413,0.796175,0.787595,0.825755,0.821465,0.830025,0.75355,0.719835,0.76085,0.77322,0.773765,0.41029,0.79011,0.74785,0.774955,0.772145,0.70095,0.68437,0.74386,0.670215,0.72168,0.746815,0.632665,0.67982,0.336955,0.42775,0.141565,0.6771,0.225075,0.00211,0.00834,0.397805,0.54617,0.13163,0.67225,0.30171,0.31388,0.17048,0.422235,0.23186,0.022535,0.065505,0.22834,0.075015,0.166475,0.015855,0.04483,0.15709,0.38061,0.275165,0.013665,0.191945,0.15708,0.304195,0.06873,0.02089,0.140845,0.221395,0.053525,0.210275,0.23714,0.103815,0.22536,0.059635,0.098395,0.021995,0.020715,0.02711,0.12926,0.09579,0.05424,0.154655,0.041965,0.148,0.15485,0.03017,0.04515,0.165315,0.00609,0.002845,0.034395,0.03242,0.017065,0.172045,0.04401,0.020835,0.016895,0.0157,0.01941,0.038965,0.00749,0.015105,0.056345,0.022055,0.012705,0.1078,0.035715,0.039445,0.00426,0.134085,0.006845,0.05449,0.078425,0.109145,0.03737,0.033805,0.00933,0.0159,0.032325,0.0174,0.033235,0.016805,0.03741,0.012615,0.073165,0.0831,0.090185,0.000825,0.017845,0.00617,0.04976,0.04102,0.03003,0.074855,0.031635,0.032965,0.000535,0.033945,0.00565,0.02214,0.00478,0.016735,0.026555,0.0166,0.01959,0.01966,0.017265,0.005225,0.03566,0.001065,0.005945,0.042635,0.004,0.02149,0.034365,0.045345,0.016845,0.011045,0.010845,0.006045,0.002255,0.009235,0.041735,0.01476,0.002855,0.003175,0.00676,0.00192,0.001425,0.00896,6e-05,0.01649,0.015325,0.008955,0.008725,0.00805,0.014445
1,1,0.3887,1,1,0.008675,0.06138,0.50801,1,0.143005,1,1,0.999935,0.73721,1,0.97863,1,1,0.6281,1,0.999995,1,0.999995,0.15374,0.43723,0.76221,0.99999,0.20173,0.999995,0.999985,0.999995,0.99999,0.99999,0.999995,0.99997,1,0.999985,0.99999,0.46432,0.99998,0.999985,0.999985,0.999985,0.999935,0.999985,0.99998,0.999975,0.999955,0.999975,0.2896,0.99995,0.99994,0.99996,0.999945,0.99994,0.99995,0.99993,0.999915,0.99992,0.999925,0.99987,0.501035,0.99986,0.99984,0.528495,0.999885,0.99988,0.99987,0.909905,0.999795,0.99982,0.99981,0.999795,0.99976,0.999775,0.99983,0.99981,0.99972,0.99971,0.999685,0.99971,0.99973,0.999715,0.99965,0.99962,0.999645,0.99962,0.908615,0.999505,0.99956,0.99956,0.999485,0.999555,0.81089,0.99937,0.80008,0.999445,0.999335,0.99929,0.999275,0.99915,0.999095,0.99931,0.99917,0.82085,0.999165,0.999065,0.999065,0.998965,0.998935,0.9989,0.998845,0.999005,0.99876,0.9987,0.99887,0.998495,0.99856,0.99858,0.99853,0.99855,0.796835,0.9983,0.998045,0.998155,0.99827,0.998125,0.998085,0.997965,0.52972,0.997795,0.99798,0.99765,0.997545,0.997195,0.99737,0.99738,0.997375,0.997315,0.9971,0.997415,0.996995,0.996865,0.996785,0.99691,0.996265,0.99669,0.996355,0.996535,0.996295,0.99602,0.995815,0.995595,0.99529,0.995745,0.99551,0.995365,0.995215,0.99502,0.99458,0.99438,0.99444,0.99464,0.994765,0.993775,0.99353,0.993245,0.99403,0.994135,0.993305,0.99272,0.99303,0.993125,0.992645,0.992385,0.99266,0.99221,0.99199,0.991545,0.99172,0.99105,0.99093,0.991045,0.990815,0.990295,0.990255,0.990635,0.989985,0.989405,0.98923,0.98897,0.98873,0.989085,0.988855,0.9885,0.988745,0.98776,0.986775,0.987475,0.986875,0.9862,0.98626,0.985665,0.985325,0.98552,0.985015,0.98483,0.98442,0.983975,0.983335,0.982695,0.983685,0.98282,0.98266,0.981095,0.98166,0.9811,0.980625,0.980505,0.979355,0.980175,0.97858,0.978395,0.978895,0.977135,0.977395,0.97717,0.977315,0.97599,0.97469,0.97491,0.97473,0.974355,0.97331,0.973715,0.9726,0.971475,0.972495,0.969925,0.969585,0.970395,0.96874,0.96856,0.965325,0.96804,0.966835,0.965895,0.966055,0.96603,0.96408,0.96396,0.96314,0.96298,0.96266,0.962205,0.961265,0.958895,0.960215,0.957275,0.957575,0.958445,0.95566,0.955925,0.9558,0.955415,0.95114,0.952505,0.953655,0.949275,0.94835,0.95188,0.947755,0.94354,0.947745,0.946535,0.944955,0.94331,0.94034,0.93739,0.94018,0.940955,0.939265,0.93544,0.93247,0.93466,0.930025,0.932035,0.93059,0.92903,0.927925,0.927875,0.92459,0.93003,0.9212,0.92443,0.924225,0.918995,0.90967,0.918215,0.91875,0.916085,0.89589,0.90864,0.91087,0.905915,0.901405,0.895885,0.89422,0.89,0.893155,0.888405,0.89399,0.89277,0.89275,0.885885,0.882925,0.885395,0.87545,0.878155,0.876095,0.87471,0.85277,0.869295,0.87336,0.85394,0.844285,0.85638,0.811375,0.86278,0.85299,0.82713,0.83775,0.81486,0.82985,0.78395,0.800435,0.82177,0.79837,0.79089,0.816245,0.821495,0.505055,0.780605,0.80005,0.701955,0.780505,0.75291,0.714955,0.77097,0.700915,0.07961,0.6201,0.680865,0.74645,0.214355,0.72667,0.58352,0.625115,0.671045,0.73328,0.002435,0.207135,0.502275,0.33918,0.591915,0.65438,0.24601,0.342915,0.495595,0.28377,0.43379,0.020335,0.246025,0.11543,0.124115,0.35704,0.2969,0.195035,0.13377,0.194675,0.336925,0.009665,0.00406,0.06826,0.065025,0.162565,0.16644,0.12225,0.157555,0.072845,0.10312,0.07106,0.229375,0.040765,0.35587,0.08279,0.066005,0.19394,0.154825,0.06697,0.083565,0.139795,0.058915,0.217715,0.019755,0.064405,0.087275,0.1258,0.085145,0.09704,0.09357,0.009985,0.04836,0.08226,0.128795,0.10884,0.08911,0.11155,0.08268,0.03915,0.05354,0.01116,0.027765,0.039685,0.051085,0.043725,0.0336,0.142955,0.031805,0.083125,0.015155,0.004075,0.03705,0.037015,0.06876,0.00832,0.02001,0.005965,0.03464,0.026335,0.07199,0.009065,0.00978,0.002885,0.05231,0.10744,0.035135,0.0109,0.07753,0.001095,0.023035,0.01121,0.050475,0.008645,0.04099,0.01347,0.05231,0.03982,0.0276,0.026345,0.011385,0.04007,0.022025,0.034975,0.008635,0.051835,0.043185,0.04021,0.00902,0.01017,0.028955,0.02035,0.010365,0.015605,0.046735,0.010795,0.037515,0.014455,0.01378,0.0175,0.011535,0.017515,0.00597,0.020515,0.019625,0.005825,0.02844,0.043095,0.01589,0.010455,0.008755,0.003875,0.01826,0.004485,0.03311,0.010695,0.014475,0.00098,0.00575,0.00627,0.008
0.41403,0.177785,0.999995,1,1,1,0.999995,0.99999,1,1,1,0.125815,0.999995,1,1,0.03179,0.045345,0.999995,1,1,1,1,1,0.700915,0.999995,0.999995,0.03389,0.999985,0.999995,0.999995,0.999995,0.999995,0.999995,0.99999,0.999985,0.47167,0.470785,0.999975,0.99998,0.999985,0.41268,0.99996,0.999975,0.999985,0.492465,0.99996,0.99996,0.99997,0.99999,0.999935,0.99995,0.999955,0.122455,0.99996,0.99991,0.33137,0.9999,0.999915,0.999885,0.99993,0.999915,0.99992,0.96861,0.99987,0.999865,0.99988,0.99985,0.99987,0.99982,0.999845,0.999835,0.99988,0.999845,0.999835,0.99974,0.9998,0.999795,0.99974,0.999775,0.23995,0.99982,0.65674,0.999665,0.99971,0.999645,0.999645,0.999585,0.999475,0.999615,0.999535,0.999355,0.977635,0.999495,0.99945,0.999395,0.999355,0.999425,0.99938,0.99925,0.99938,0.99928,0.999265,0.923115,0.99925,0.99914,0.999155,0.999195,0.999055,0.99908,0.99897,0.999015,0.999,0.998845,0.998875,0.998805,0.998675,0.99853,0.99866,0.99854,0.998585,0.99847,0.99843,0.9983,0.99828,0.998185,0.9983,0.885195,0.99811,0.997935,0.99804,0.99776,0.99769,0.997715,0.99764,0.997405,0.997485,0.96174,0.99707,0.99756,0.99707,0.9968,0.99684,0.996955,0.996965,0.996415,0.996795,0.99647,0.99617,0.996295,0.996185,0.996015,0.995825,0.99603,0.99581,0.99548,0.99554,0.99526,0.9953,0.99547,0.994825,0.99455,0.99455,0.994435,0.994315,0.99435,0.99407,0.99412,0.993865,0.993815,0.993265,0.993,0.99297,0.993085,0.99259,0.99239,0.99243,0.99227,0.99208,0.99129,0.99163,0.991255,0.991615,0.990405,0.99057,0.990375,0.990245,0.990245,0.990015,0.988935,0.98941,0.989305,0.988875,0.98867,0.98843,0.98775,0.98815,0.98829,0.98743,0.98766,0.98673,0.985955,0.98561,0.985855,0.98584,0.985915,0.984965,0.984485,0.984705,0.98341,0.984525,0.98296,0.98279,0.982565,0.98298,0.982405,0.98183,0.98175,0.981985,0.9807,0.979735,0.97896,0.979085,0.979125,0.977795,0.978735,0.97723,0.977055,0.976375,0.977035,0.974935,0.97586,0.975135,0.97393,0.973975,0.97359,0.972135,0.969745,0.97113,0.970665,0.971285,0.970255,0.96793,0.96896,0.966185,0.96912,0.967615,0.966865,0.966755,0.966845,0.962875,0.963655,0.96328,0.9639,0.96167,0.961785,0.961535,0.95882,0.958955,0.961195,0.959905,0.958365,0.956785,0.955305,0.954025,0.954855,0.953425,0.950155,0.95042,0.95258,0.951505,0.94606,0.945705,0.945165,0.94494,0.947535,0.94508,0.94476,0.94123,0.940935,0.941465,0.941545,0.937285,0.93855,0.935405,0.935025,0.93435,0.931915,0.93014,0.928765,0.92979,0.924665,0.91892,0.92809,0.923415,0.91313,0.92065,0.919805,0.91353,0.91249,0.91401,0.91534,0.905905,0.903735,0.907425,0.886215,0.90543,0.893115,0.903765,0.892635,0.89745,0.880665,0.8981,0.88704,0.893415,0.88428,0.885575,0.882335,0.882105,0.87623,0.86855,0.860735,0.852945,0.860785,0.86234,0.86505,0.866955,0.848925,0.84961,0.848355,0.83309,0.84145,0.83929,0.847585,0.838725,0.81373,0.83909,0.825035,0.76276,0.81262,0.75852,0.812125,0.78564,0.78088,0.77089,0.77617,0.513005,0.719635,0.76011,0.794315,0.749905,0.172245,0.739505,0.72316,0.755755,0.392035,0.70639,0.664565,0.64996,0.749245,0.691765,0.621165,0.07144,0.67688,0.38625,0.23766,0.58299,0.646655,0.22635,0.47267,0.11369,0.2355,0.616245,0.339665,0.159405,0.59268,0.37856,0.08789,0.13258,0.09822,0.256555,0.216735,0.039255,0.25775,0.28817,0.065675,0.023205,0.325695,0.044685,0.41453,0.23649,0.13759,0.14989,0.151525,0.21624,0.14923,0.11086,0.097075,0.24727,0.29168,0.20907,0.029795,0.117375,0.025145,0.05275,0.10518,0.01086,0.056545,0.086145,0.091405,0.151455,0.102845,0.03626,0.161555,0.146595,0.04874,0.07615,0.126195,0.04611,0.147655,0.05238,0.05005,0.05054,0.012085,0.021985,0.06165,0.051855,0.05237,0.09721,0.013075,0.045215,0.037315,0.01122,0.060665,0.060755,0.001695,0.015295,0.031505,0.03082,0.035225,0.006665,0.019635,0.030025,0.007605,0.00492,0.042725,0.052985,0.06676,0.026345,0.027485,0.02264,0.013385,0.011975,0.010725,0.05075,0.014285,0.010455,0.028845,0.00636,0.02674,0.008115,0.039265,0.01737,0.01919,0.002965,0.016845,0.00016,0.01168,0.005025,0.04102,0.02042,0.01295,0.00815,0.005505,0.016705,0.00585,0.03122,0.082615,0.01886,0.01609,0.032025,0.00947,0.025855,0.01425,0.02504,0.00437,0.00212,0.028115,0.013335,0.027525,0.02578,0.01814,0.01746,0.018925,0.00466,0.007535,0.0032,0.008935,0.041755,0.006575,0.01985,0.048135
1,1,1,0.41873,0.160565,0.999995,0.30277,1,1,0.28386,0.18697,1,1,1,1,1,1,0.472155,0.2165,0.714305,0.748675,0.999995,0.99999,0.999995,0.999995,1,1,0.99999,0.042705,0.632465,0.999995,0.1101,0.999975,0.999995,0.096865,0.91709,0.99997,0.99998,0.99999,0.023305,0.99997,0.999965,0.99998,0.99998,0.99995,0.99996,0.999965,0.999965,0.99994,0.999935,0.99994,0.30083,0.99994,0.99991,0.119685,0.229655,0.99993,0.9999,0.99991,0.34152,0.99989,0.99987,0.999885,0.9999,0.99987,0.99991,0.999845,0.9998,0.999845,0.9998,0.99982,0.999815,0.99984,0.99986,0.84635,0.99978,0.9998,0.162845,0.99972,0.13133,0.9997,0.806605,0.99969,0.750535,0.99969,0.999625,0.999605,0.77788,0.99964,0.9996,0.9995,0.999595,0.999475,0.9994,0.99948,0.999445,0.99936,0.99937,0.99931,0.99935,0.0073,0.999265,0.999305,0.910865,0.999215,0.99904,0.99904,0.99894,0.99905,0.998985,0.998985,0.998915,0.998805,0.99892,0.998885,0.774435,0.998545,0.998595,0.939765,0.99865,0.998475,0.998245,0.998195,0.998265,0.998285,0.99802,0.997915,0.99804,0.998045,0.997875,0.997845,0.99781,0.99778,0.99756,0.99762,0.997395,0.997345,0.94731,0.997135,0.99688,0.61746,0.99688,0.99667,0.99663,0.99678,0.996615,0.996525,0.996365,0.996545,0.99635,0.99618,0.9961,0.996045,0.995455,0.995845,0.99559,0.99535,0.99492,0.995275,0.9419,0.995,0.99482,0.99455,0.994155,0.993995,0.994025,0.99373,0.99412,0.993465,0.9936,0.99372,0.993285,0.992885,0.992855,0.99213,0.992475,0.992205,0.99145,0.992225,0.991605,0.991245,0.9912,0.99113,0.99102,0.99025,0.99034,0.99058,0.98988,0.989575,0.989275,0.98886,0.98866,0.988785,0.98792,0.987755,0.98772,0.988055,0.98707,0.987125,0.98705,0.986255,0.98615,0.985135,0.985765,0.985575,0.984395,0.98437,0.98516,0.984735,0.984265,0.98351,0.9826,0.982385,0.982545,0.98243,0.98128,0.98123,0.98001,0.98132,0.98008,0.980185,0.979485,0.979325,0.97803,0.9774,0.97597,0.97792,0.976095,0.97709,0.977365,0.975745,0.97512,0.975335,0.973505,0.972565,0.972705,0.972515,0.972,0.971665,0.971185,0.969815,0.96995,0.96861,0.96876,0.969365,0.96754,0.96634,0.966635,0.96499,0.965665,0.963095,0.961695,0.962875,0.962065,0.964005,0.96129,0.958705,0.95796,0.960505,0.95883,0.95676,0.95591,0.956255,0.956315,0.953065,0.9486,0.95507,0.95156,0.95003,0.94854,0.94968,0.94554,0.9465,0.946915,0.94712,0.945685,0.94285,0.93572,0.940885,0.939005,0.94158,0.937905,0.936305,0.93288,0.934885,0.935895,0.930725,0.929145,0.927055,0.923335,0.922895,0.92848,0.92903,0.922435,0.91567,0.918235,0.908585,0.91952,0.916755,0.914365,0.9115,0.907565,0.90775,0.904645,0.91091,0.90699,0.90324,0.89301,0.897465,0.874195,0.90132,0.90175,0.893425,0.89442,0.88712,0.88658,0.88241,0.877965,0.88874,0.866935,0.85871,0.87101,0.874465,0.86004,0.85952,0.86778,0.86746,0.850145,0.84769,0.85442,0.83315,0.825235,0.82513,0.781425,0.792075,0.8197,0.829205,0.797975,0.7886,0.81651,0.82141,0.78772,0.80147,0.776885,0.719145,0.763615,0.774605,0.75688,0.0936,0.74692,0.72226,0.548915,0.59203,0.72289,0.433075,0.70072,0.1368,0.738375,0.707095,0.679775,0.72033,0.29841,0.590895,0.327135,0.631175,0.21866,0.665235,0.60718,0.510445,0.32411,0.628115,0.087645,0.220575,0.069765,0.013025,0.418425,0.053295,0.384415,0.120085,0.30049,0.127055,0.07259,0.13755,0.280745,0.248045,0.171845,0.164215,0.044165,0.050185,0.0389,0.133845,0.125315,0.09265,0.00566,0.27401,0.09461,0.0112,0.02773,0.087255,0.149905,0.061455,0.10713,0.08215,0.01618,0.00877,0.050595,0.07147,0.002005,0.08005,0.085255,0.07334,0.00735,0.04764,0.03865,0.00567,0.10143,0.11167,0.03191,0.02682,0.055025,0.014875,0.093285,0.02956,0.018925,0.101345,0.021465,0.0709,0.039215,0.04681,0.02498,0.041,0.017795,0.075195,0.00265,0.0199,0.00535,0.03999,0.01944,0.003965,0.001375,0.042185,0.018975,0.033515,0.01931,0.08248,0.04185,0.0338,0.00036,0.004855,0.023265,0.0213,0.016935,0.008465,0.027775,0.004865,0.00787,0.053505,0.02012,0.030625,0.026135,0.009805,0.05207,0.0122,0.006885,0.00099,0.01995,0.00256,0.02407,0.000665,0.005945,0.03035,0.019785,0.02584,0.001345,0.020725,0.003675,0.001525,0.040015,0.03405,0.03812,0.021265,0.045905,0.02727,0.021,0.001585,0.02576,0.022495,0.008755,0.00059,0.002715,0.02418,0.03853,0.025765,0.034795,0.0158,0.013745,0.02458,0.018845,0.011745,0.048725,0.04356
1,1,1,1,1,1,0.1828,0.17493,0.999995,0.999995,1,1,1,1,1,1,0.230045,1,0.999995,0.645465,1,0.999995,0.999995,1,0.999995,1,1,0.635165,0.965255,0.99999,0.99998,1,0.999995,0.999985,0.999995,0.99999,0.999975,0.01141,0.999965,0.33246,0.999985,0.99998,0.99997,0.99995,0.999975,0.999955,0.27313,0.999995,0.99997,0.999975,0.99993,0.999945,0.999935,0.31604,0.999955,0.109275,0.999955,0.208295,0.99992,0.999905,0.999925,0.999905,0.99989,0.999905,0.99985,0.999855,0.999835,0.99984,0.99992,0.99985,0.98925,0.999815,0.99971,0.99902,0.99978,0.999825,0.99975,0.99975,0.99972,0.99969,0.999735,0.967555,0.999665,0.99958,0.999555,0.004415,0.999655,0.999575,0.999575,0.999495,0.999515,0.999495,0.999465,0.999555,0.99944,0.99947,0.71901,0.999225,0.99931,0.978545,0.99929,0.99929,0.9991,0.99898,0.999215,0.99903,0.735015,0.962455,0.999025,0.99893,0.590965,0.998925,0.998695,0.99883,0.998755,0.99873,0.998455,0.99874,0.998465,0.99857,0.998365,0.998515,0.99839,0.9982,0.99815,0.998195,0.99803,0.5801,0.998115,0.0624,0.998025,0.99758,0.99795,0.997705,0.997345,0.997315,0.99743,0.99725,0.9972,0.997025,0.997105,0.99701,0.99706,0.996665,0.996755,0.996455,0.99642,0.996395,0.996395,0.996005,0.99575,0.995965,0.995605,0.995815,0.9957,0.99531,0.995385,0.995135,0.99498,0.994915,0.994965,0.99468,0.994565,0.99476,0.994275,0.99403,0.993895,0.99372,0.993435,0.9932,0.97228,0.992735,0.992495,0.99252,0.992285,0.99143,0.992005,0.99234,0.991455,0.992195,0.991495,0.991485,0.990345,0.9908,0.990255,0.9905,0.99035,0.989755,0.98943,0.98908,0.99006,0.98875,0.9892,0.989105,0.98765,0.98764,0.98785,0.98778,0.9871,0.987185,0.98634,0.985995,0.98621,0.985025,0.985235,0.985235,0.98491,0.98494,0.985055,0.98346,0.982885,0.982245,0.983215,0.98245,0.982,0.979805,0.981365,0.9811,0.981135,0.98001,0.97993,0.978835,0.979375,0.97721,0.978055,0.97729,0.976865,0.976875,0.97656,0.97515,0.97619,0.97498,0.97482,0.974015,0.972645,0.972795,0.972715,0.97066,0.970505,0.971375,0.971545,0.96978,0.96841,0.96933,0.968265,0.968165,0.96846,0.96574,0.964495,0.965785,0.964415,0.963675,0.962445,0.96188,0.960205,0.9597,0.959595,0.959705,0.95919,0.956375,0.957315,0.95582,0.958915,0.95795,0.95499,0.952915,0.952045,0.953055,0.95101,0.94971,0.9493,0.950765,0.947485,0.941515,0.946755,0.945265,0.943795,0.941515,0.94165,0.937195,0.938515,0.93531,0.936555,0.93418,0.93522,0.931255,0.922585,0.930225,0.93293,0.92729,0.928785,0.92613,0.92508,0.92035,0.918375,0.901945,0.919395,0.915575,0.91416,0.913965,0.91177,0.90889,0.90709,0.908475,0.9043,0.906545,0.903565,0.89812,0.891775,0.893135,0.902505,0.900565,0.887095,0.89044,0.890325,0.88293,0.87015,0.85913,0.87977,0.88144,0.86846,0.879205,0.84817,0.86972,0.788665,0.86934,0.8604,0.837365,0.8605,0.84692,0.84301,0.816045,0.839225,0.84267,0.814975,0.830375,0.826105,0.833065,0.79063,0.82065,0.817025,0.807275,0.80928,0.771325,0.125295,0.70764,0.69873,0.75182,0.723075,0.122325,0.72173,0.648335,0.64073,0.759075,0.736685,0.67933,0.05623,0.64463,0.665205,0.56362,0.425465,0.18944,0.037425,0.1773,0.68384,0.522155,0.230125,0.67715,0.258165,0.196885,0.56749,0.067225,0.145735,0.141935,0.32697,0.145385,0.39207,0.242165,0.367455,0.50206,0.29248,0.11613,0.091115,0.234005,0.04602,0.247455,0.25114,0.208205,0.11926,0.26265,0.211075,0.112315,0.0033,0.12441,0.312595,0.098625,0.07037,0.11391,0.088055,0.190805,0.108915,0.096755,0.14587,0.05795,0.010695,0.051965,0.056245,0.01747,0.08198,0.08874,0.12861,0.04173,0.04132,0.025535,0.08594,0.00214,0.137205,0.01676,0.092095,0.015615,0.12645,0.117835,0.04896,0.029885,0.01082,0.05482,0.008135,0.072935,0.03343,0.015835,0.011085,0.008435,0.046185,0.08374,0.08557,0.02765,0.020625,0.036005,0.0407,0.047695,0.094775,0.017925,0.003435,0.025785,0.0119,0.00499,0.02895,0.016715,0.025965,0.03646,0.0053,0.029465,0.013185,0.028715,0.055025,0.004985,0.02565,0.00814,0.05364,0.03003,0.002675,0.06663,0.04502,0.01718,0.01965,0.021435,0.050555,0.00017,0.050205,0.02004,0.018805,0.01052,0.009785,0.000565,0.012145,0.03972,0.01168,0.003095,0.00064,0.017535,0.003605,0.009855,0.046335,0.036005,0.027155,0.00531,0.02917,0.00406,0.01876,0.005375,0.009845,0.00779,0.008675,0.014135,0.01104,0.002335,0.011785,0.020075,0.016255,0.01399,0.00709