v,40,40
2,0,1
2,0,40
2,0,41
2,1,2
2,1,41
2,1,42
2,2,3
2,2,42
2,2,43
2,3,4
2,3,43
2,3,44
2,4,5
2,4,44
2,4,45
2,5,6
2,5,45
2,5,46
2,6,7
2,6,46
2,6,47
2,7,8
2,7,47
2,7,48
2,8,9
2,8,48
2,8,49
2,9,10
2,9,49
2,9,50
2,10,11
2,10,50
2,10,51
2,11,12
2,11,51
2,11,52
2,12,13
2,12,52
2,12,53
2,13,14
2,13,53
2,13,54
2,14,15
2,14,54
2,14,55
2,15,16
2,15,55
2,15,56
2,16,17
2,16,56
2,16,57
2,17,18
2,17,57
2,17,58
2,18,19
2,18,58
2,18,59
2,19,20
-2,19,59
2,19,60
2,20,21
2,20,60
2,20,61
2,21,22
2,21,61
2,21,62
2,22,23
2,22,62
2,22,63
2,23,24
2,23,63
2,23,64
2,24,25
2,24,64
2,24,65
2,25,26
2,25,65
2,25,66
2,26,27
2,26,66
2,26,67
2,27,28
2,27,67
2,27,68
-2,28,29
2,28,68
2,28,69
2,29,30
2,29,69
2,29,70
2,30,31
2,30,70
2,30,71
2,31,32
2,31,71
2,31,72
2,32,33
2,32,72
2,32,73
2,33,34
2,33,73
2,33,74
2,34,35
2,34,74
2,34,75
2,35,36
2,35,75
2,35,76
2,36,37
2,36,76
2,36,77
2,37,38
2,37,77
2,37,78
2,38,39
2,38,78
2,38,79
2,39,0
2,39,79
2,39,40
2,40,41
2,40,80
2,40,81
2,41,42
2,41,81
2,41,82
2,42,43
2,42,82
2,42,83
2,43,44
2,43,83
2,43,84
2,44,45
2,44,84
2,44,85
2,45,46
2,45,85
2,45,86
2,46,47
2,46,86
2,46,87
2,47,48
2,47,87
2,47,88
2,48,49
2,48,88
2,48,89
2,49,50
2,49,89
2,49,90
2,50,51
2,50,90
2,50,91
2,51,52
2,51,91
2,51,92
2,52,53
2,52,92
2,52,93
2,53,54
2,53,93
2,53,94
2,54,55
2,54,94
2,54,95
2,55,56
2,55,95
2,55,96
2,56,57
2,56,96
2,56,97
2,57,58
2,57,97
2,57,98
2,58,59
2,58,98
2,58,99
2,59,60
2,59,99
2,59,100
2,60,61
2,60,100
2,60,101
2,61,62
2,61,101
2,61,102
2,62,63
2,62,102
2,62,103
2,63,64
2,63,103
2,63,104
2,64,65
2,64,104
2,64,105
2,65,66
2,65,105
2,65,106
2,66,67
2,66,106
2,66,107
2,67,68
2,67,107
2,67,108
2,68,69
2,68,108
2,68,109
2,69,70
2,69,109
2,69,110
2,70,71
2,70,110
2,70,111
2,71,72
2,71,111
2,71,112
2,72,73
2,72,112
2,72,113
2,73,74
2,73,113
2,73,114
2,74,75
2,74,114
2,74,115
2,75,76
2,75,115
2,75,116
2,76,77
2,76,116
2,76,117
2,77,78
2,77,117
2,77,118
2,78,79
2,78,118
2,78,119
2,79,40
2,79,119
2,79,80
2,80,81
2,80,120
2,80,121
2,81,82
2,81,121
2,81,122
2,82,83
2,82,122
2,82,123
2,83,84
2,83,123
2,83,124
2,84,85
2,84,124
2,84,125
2,85,86
2,85,125
2,85,126
2,86,87
2,86,126
2,86,127
2,87,88
2,87,127
2,87,128
2,88,89
2,88,128
2,88,129
2,89,90
2,89,129
2,89,130
2,90,91
2,90,130
2,90,131
2,91,92
2,91,131
2,91,132
2,92,93
2,92,132
2,92,133
2,93,94
2,93,133
2,93,134
2,94,95
2,94,134
2,94,135
2,95,96
2,95,135
2,95,136
2,96,97
2,96,136
2,96,137
2,97,98
2,97,137
2,97,138
2,98,99
-2,98,138
2,98,139
2,99,100
2,99,139
2,99,140
2,100,101
2,100,140
2,100,141
2,101,102
2,101,141
2,101,142
2,102,103
2,102,142
2,102,143
2,103,104
2,103,143
2,103,144
2,104,105
2,104,144
2,104,145
2,105,106
-2,105,145
2,105,146
2,106,107
2,106,146
2,106,147
2,107,108
2,107,147
2,107,148
2,108,109
2,108,148
2,108,149
2,109,110
2,109,149
2,109,150
2,110,111
2,110,150
2,110,151
2,111,112
2,111,151
2,111,152
2,112,113
2,112,152
2,112,153
2,113,114
2,113,153
2,113,154
2,114,115
2,114,154
2,114,155
2,115,116
2,115,155
2,115,156
2,116,117
2,116,156
2,116,157
2,117,118
2,117,157
2,117,158
2,118,119
2,118,158
2,118,159
2,119,80
2,119,159
2,119,120
2,120,121
2,120,160
2,120,161
2,121,122
2,121,161
2,121,162
2,122,123
2,122,162
2,122,163
2,123,124
-2,123,163
2,123,164
2,124,125
2,124,164
2,124,165
2,125,126
2,125,165
2,125,166
2,126,127
2,126,166
2,126,167
2,127,128
2,127,167
2,127,168
2,128,129
2,128,168
2,128,169
2,129,130
2,129,169
2,129,170
2,130,131
2,130,170
2,130,171
2,131,132
2,131,171
2,131,172
2,132,133
2,132,172
2,132,173
2,133,134
2,133,173
2,133,174
2,134,135
2,134,174
2,134,175
2,135,136
2,135,175
2,135,176
2,136,137
2,136,176
2,136,177
2,137,138
2,137,177
2,137,178
2,138,139
2,138,178
2,138,179
2,139,140
2,139,179
2,139,180
2,140,141
2,140,180
2,140,181
2,141,142
2,141,181
2,141,182
2,142,143
2,142,182
2,142,183
2,143,144
2,143,183
2,143,184
2,144,145
2,144,184
2,144,185
2,145,146
2,145,185
2,145,186
2,146,147
2,146,186
2,146,187
2,147,148
2,147,187
2,147,188
-2,148,149
2,148,188
2,148,189
2,149,150
2,149,189
2,149,190
2,150,151
2,150,190
2,150,191
2,151,152
2,151,191
2,151,192
2,152,153
2,152,192
2,152,193
2,153,154
2,153,193
2,153,194
2,154,155
2,154,194
2,154,195
2,155,156
2,155,195
2,155,196
2,156,157
2,156,196
2,156,197
2,157,158
2,157,197
2,157,198
2,158,159
2,158,198
2,158,199
2,159,120
2,159,199
2,159,160
2,160,161
2,160,200
2,160,201
2,161,162
2,161,201
2,161,202
2,162,163
2,162,202
2,162,203
2,163,164
2,163,203
2,163,204
2,164,165
2,164,204
2,164,205
2,165,166
2,165,205
2,165,206
2,166,167
2,166,206
2,166,207
2,167,168
2,167,207
2,167,208
2,168,169
2,168,208
2,168,209
2,169,170
2,169,209
2,169,210
2,170,171
2,170,210
2,170,211
2,171,172
2,171,211
2,171,212
2,172,173
2,172,212
2,172,213
2,173,174
2,173,213
2,173,214
2,174,175
2,174,214
2,174,215
2,175,176
2,175,215
2,175,216
2,176,177
2,176,216
2,176,217
2,177,178
2,177,217
2,177,218
2,178,179
2,178,218
2,178,219
2,179,180
2,179,219
2,179,220
2,180,181
2,180,220
2,180,221
2,181,182
2,181,221
-2,181,222
2,182,183
2,182,222
2,182,223
2,183,184
2,183,223
2,183,224
2,184,185
-2,184,224
2,184,225
2,185,186
2,185,225
-2,185,226
-2,186,187
2,186,226
2,186,227
2,187,188
2,187,227
2,187,228
2,188,189
2,188,228
2,188,229
2,189,190
2,189,229
2,189,230
2,190,191
2,190,230
2,190,231
2,191,192
2,191,231
2,191,232
2,192,193
2,192,232
2,192,233
2,193,194
2,193,233
2,193,234
2,194,195
2,194,234
2,194,235
2,195,196
2,195,235
2,195,236
2,196,197
2,196,236
2,196,237
2,197,198
2,197,237
2,197,238
2,198,199
2,198,238
2,198,239
2,199,160
2,199,239
2,199,200
2,200,201
2,200,240
2,200,241
2,201,202
2,201,241
2,201,242
2,202,203
2,202,242
2,202,243
2,203,204
2,203,243
2,203,244
2,204,205
2,204,244
2,204,245
2,205,206
2,205,245
2,205,246
-2,206,207
2,206,246
2,206,247
2,207,208
2,207,247
2,207,248
2,208,209
2,208,248
2,208,249
2,209,210
2,209,249
2,209,250
2,210,211
2,210,250
2,210,251
2,211,212
2,211,251
2,211,252
2,212,213
2,212,252
2,212,253
2,213,214
2,213,253
2,213,254
2,214,215
2,214,254
2,214,255
2,215,216
2,215,255
2,215,256
2,216,217
2,216,256
2,216,257
2,217,218
2,217,257
2,217,258
2,218,219
2,218,258
2,218,259
2,219,220
2,219,259
2,219,260
2,220,221
2,220,260
2,220,261
2,221,222
2,221,261
2,221,262
2,222,223
2,222,262
2,222,263
2,223,224
2,223,263
2,223,264
2,224,225
2,224,264
2,224,265
2,225,226
2,225,265
2,225,266
2,226,227
2,226,266
2,226,267
2,227,228
2,227,267
2,227,268
2,228,229
2,228,268
2,228,269
2,229,230
-2,229,269
2,229,270
2,230,231
2,230,270
2,230,271
2,231,232
2,231,271
2,231,272
2,232,233
2,232,272
2,232,273
2,233,234
2,233,273
2,233,274
2,234,235
2,234,274
2,234,275
2,235,236
2,235,275
2,235,276
2,236,237
2,236,276
2,236,277
2,237,238
2,237,277
2,237,278
2,238,239
2,238,278
2,238,279
2,239,200
2,239,279
2,239,240
2,240,241
2,240,280
2,240,281
2,241,242
2,241,281
2,241,282
2,242,243
2,242,282
2,242,283
2,243,244
2,243,283
2,243,284
2,244,245
2,244,284
2,244,285
2,245,246
2,245,285
-2,245,286
2,246,247
2,246,286
2,246,287
2,247,248
2,247,287
2,247,288
2,248,249
2,248,288
2,248,289
2,249,250
2,249,289
2,249,290
2,250,251
2,250,290
2,250,291
2,251,252
2,251,291
2,251,292
2,252,253
2,252,292
2,252,293
2,253,254
2,253,293
2,253,294
2,254,255
2,254,294
2,254,295
2,255,256
2,255,295
2,255,296
2,256,257
2,256,296
2,256,297
2,257,258
2,257,297
2,257,298
2,258,259
2,258,298
2,258,299
2,259,260
2,259,299
2,259,300
2,260,261
2,260,300
2,260,301
2,261,262
2,261,301
2,261,302
2,262,263
2,262,302
2,262,303
2,263,264
2,263,303
2,263,304
2,264,265
2,264,304
2,264,305
2,265,266
2,265,305
2,265,306
2,266,267
2,266,306
2,266,307
2,267,268
2,267,307
2,267,308
2,268,269
2,268,308
2,268,309
2,269,270
2,269,309
2,269,310
2,270,271
2,270,310
2,270,311
2,271,272
2,271,311
-2,271,312
2,272,273
2,272,312
2,272,313
2,273,274
2,273,313
2,273,314
2,274,275
2,274,314
2,274,315
2,275,276
2,275,315
2,275,316
2,276,277
2,276,316
2,276,317
2,277,278
2,277,317
2,277,318
2,278,279
2,278,318
2,278,319
2,279,240
2,279,319
2,279,280
2,280,281
2,280,320
2,280,321
2,281,282
2,281,321
2,281,322
2,282,283
2,282,322
2,282,323
2,283,284
2,283,323
2,283,324
2,284,285
2,284,324
2,284,325
2,285,286
2,285,325
2,285,326
2,286,287
2,286,326
2,286,327
2,287,288
2,287,327
2,287,328
2,288,289
2,288,328
2,288,329
2,289,290
2,289,329
2,289,330
2,290,291
2,290,330
2,290,331
2,291,292
2,291,331
2,291,332
2,292,293
2,292,332
2,292,333
2,293,294
2,293,333
2,293,334
2,294,295
2,294,334
2,294,335
2,295,296
2,295,335
2,295,336
2,296,297
2,296,336
2,296,337
2,297,298
2,297,337
2,297,338
2,298,299
2,298,338
2,298,339
2,299,300
2,299,339
2,299,340
2,300,301
2,300,340
2,300,341
2,301,302
2,301,341
2,301,342
2,302,303
2,302,342
2,302,343
2,303,304
2,303,343
2,303,344
2,304,305
2,304,344
2,304,345
2,305,306
2,305,345
2,305,346
2,306,307
2,306,346
2,306,347
2,307,308
2,307,347
2,307,348
2,308,309
2,308,348
2,308,349
2,309,310
2,309,349
2,309,350
2,310,311
2,310,350
2,310,351
2,311,312
2,311,351
2,311,352
2,312,313
2,312,352
2,312,353
2,313,314
2,313,353
-2,313,354
2,314,315
2,314,354
2,314,355
2,315,316
2,315,355
2,315,356
2,316,317
2,316,356
2,316,357
2,317,318
2,317,357
2,317,358
2,318,319
2,318,358
2,318,359
2,319,280
2,319,359
2,319,320
2,320,321
2,320,360
2,320,361
-2,321,322
2,321,361
2,321,362
2,322,323
2,322,362
2,322,363
2,323,324
2,323,363
2,323,364
2,324,325
2,324,364
2,324,365
2,325,326
2,325,365
2,325,366
2,326,327
2,326,366
2,326,367
2,327,328
2,327,367
2,327,368
2,328,329
2,328,368
2,328,369
2,329,330
2,329,369
2,329,370
2,330,331
2,330,370
2,330,371
2,331,332
2,331,371
2,331,372
2,332,333
2,332,372
2,332,373
2,333,334
2,333,373
2,333,374
2,334,335
2,334,374
2,334,375
2,335,336
2,335,375
-2,335,376
2,336,337
2,336,376
2,336,377
2,337,338
2,337,377
2,337,378
2,338,339
2,338,378
2,338,379
2,339,340
2,339,379
2,339,380
2,340,341
2,340,380
2,340,381
2,341,342
2,341,381
2,341,382
2,342,343
2,342,382
2,342,383
2,343,344
2,343,383
2,343,384
2,344,345
2,344,384
2,344,385
2,345,346
2,345,385
2,345,386
2,346,347
2,346,386
2,346,387
2,347,348
2,347,387
2,347,388
2,348,349
2,348,388
2,348,389
2,349,350
2,349,389
2,349,390
2,350,351
2,350,390
2,350,391
2,351,352
2,351,391
2,351,392
2,352,353
2,352,392
2,352,393
2,353,354
2,353,393
2,353,394
2,354,355
2,354,394
2,354,395
2,355,356
2,355,395
2,355,396
2,356,357
2,356,396
2,356,397
2,357,358
2,357,397
2,357,398
2,358,359
2,358,398
2,358,399
-2,359,320
2,359,399
2,359,360
2,360,361
2,360,400
2,360,401
2,361,362
2,361,401
2,361,402
2,362,363
2,362,402
2,362,403
2,363,364
2,363,403
2,363,404
2,364,365
2,364,404
2,364,405
2,365,366
2,365,405
2,365,406
2,366,367
2,366,406
2,366,407
2,367,368
2,367,407
2,367,408
2,368,369
2,368,408
2,368,409
2,369,370
2,369,409
2,369,410
2,370,371
2,370,410
2,370,411
2,371,372
2,371,411
2,371,412
2,372,373
2,372,412
2,372,413
2,373,374
2,373,413
2,373,414
2,374,375
2,374,414
2,374,415
2,375,376
2,375,415
2,375,416
2,376,377
2,376,416
2,376,417
2,377,378
2,377,417
2,377,418
2,378,379
2,378,418
2,378,419
2,379,380
2,379,419
2,379,420
2,380,381
2,380,420
2,380,421
2,381,382
2,381,421
2,381,422
2,382,383
2,382,422
2,382,423
2,383,384
2,383,423
2,383,424
2,384,385
2,384,424
2,384,425
2,385,386
2,385,425
2,385,426
2,386,387
2,386,426
2,386,427
2,387,388
2,387,427
2,387,428
2,388,389
2,388,428
2,388,429
2,389,390
2,389,429
2,389,430
2,390,391
2,390,430
2,390,431
2,391,392
2,391,431
2,391,432
2,392,393
2,392,432
2,392,433
2,393,394
2,393,433
2,393,434
2,394,395
2,394,434
2,394,435
2,395,396
2,395,435
2,395,436
2,396,397
2,396,436
2,396,437
2,397,398
2,397,437
-2,397,438
2,398,399
2,398,438
2,398,439
2,399,360
2,399,439
2,399,400
2,400,401
2,400,440
2,400,441
2,401,402
2,401,441
2,401,442
2,402,403
2,402,442
2,402,443
2,403,404
2,403,443
2,403,444
2,404,405
2,404,444
2,404,445
2,405,406
2,405,445
2,405,446
-2,406,407
2,406,446
2,406,447
2,407,408
2,407,447
2,407,448
2,408,409
-2,408,448
2,408,449
2,409,410
2,409,449
2,409,450
2,410,411
2,410,450
2,410,451
2,411,412
2,411,451
2,411,452
2,412,413
2,412,452
2,412,453
2,413,414
2,413,453
2,413,454
2,414,415
2,414,454
2,414,455
2,415,416
2,415,455
2,415,456
2,416,417
2,416,456
2,416,457
2,417,418
2,417,457
2,417,458
2,418,419
-2,418,458
2,418,459
2,419,420
2,419,459
2,419,460
2,420,421
2,420,460
2,420,461
2,421,422
2,421,461
2,421,462
2,422,423
2,422,462
2,422,463
2,423,424
2,423,463
2,423,464
2,424,425
2,424,464
2,424,465
2,425,426
2,425,465
2,425,466
2,426,427
2,426,466
2,426,467
2,427,428
2,427,467
2,427,468
2,428,429
2,428,468
2,428,469
2,429,430
2,429,469
2,429,470
2,430,431
2,430,470
2,430,471
2,431,432
2,431,471
2,431,472
2,432,433
2,432,472
2,432,473
2,433,434
2,433,473
2,433,474
2,434,435
2,434,474
2,434,475
-2,435,436
2,435,475
2,435,476
2,436,437
2,436,476
2,436,477
2,437,438
2,437,477
2,437,478
2,438,439
2,438,478
2,438,479
2,439,400
2,439,479
2,439,440
2,440,441
2,440,480
2,440,481
2,441,442
2,441,481
2,441,482
2,442,443
2,442,482
2,442,483
2,443,444
2,443,483
2,443,484
2,444,445
2,444,484
2,444,485
2,445,446
2,445,485
2,445,486
2,446,447
2,446,486
2,446,487
2,447,448
2,447,487
2,447,488
2,448,449
2,448,488
2,448,489
2,449,450
2,449,489
2,449,490
2,450,451
2,450,490
2,450,491
2,451,452
2,451,491
2,451,492
2,452,453
2,452,492
2,452,493
2,453,454
2,453,493
2,453,494
2,454,455
2,454,494
2,454,495
2,455,456
2,455,495
2,455,496
2,456,457
2,456,496
2,456,497
2,457,458
2,457,497
2,457,498
2,458,459
2,458,498
2,458,499
2,459,460
2,459,499
2,459,500
2,460,461
2,460,500
2,460,501
2,461,462
2,461,501
2,461,502
2,462,463
2,462,502
2,462,503
2,463,464
2,463,503
2,463,504
2,464,465
2,464,504
2,464,505
2,465,466
2,465,505
2,465,506
2,466,467
2,466,506
2,466,507
2,467,468
2,467,507
2,467,508
2,468,469
2,468,508
2,468,509
2,469,470
2,469,509
2,469,510
2,470,471
2,470,510
2,470,511
2,471,472
2,471,511
2,471,512
2,472,473
2,472,512
2,472,513
2,473,474
2,473,513
2,473,514
2,474,475
2,474,514
2,474,515
2,475,476
2,475,515
2,475,516
2,476,477
2,476,516
2,476,517
2,477,478
2,477,517
2,477,518
-2,478,479
2,478,518
2,478,519
2,479,440
2,479,519
2,479,480
2,480,481
2,480,520
2,480,521
2,481,482
2,481,521
2,481,522
2,482,483
-2,482,522
2,482,523
2,483,484
2,483,523
2,483,524
2,484,485
2,484,524
2,484,525
2,485,486
2,485,525
2,485,526
2,486,487
-2,486,526
2,486,527
2,487,488
2,487,527
2,487,528
2,488,489
2,488,528
2,488,529
2,489,490
2,489,529
2,489,530
2,490,491
2,490,530
2,490,531
2,491,492
2,491,531
2,491,532
-2,492,493
2,492,532
2,492,533
2,493,494
2,493,533
2,493,534
2,494,495
2,494,534
2,494,535
2,495,496
2,495,535
2,495,536
2,496,497
2,496,536
2,496,537
2,497,498
2,497,537
2,497,538
2,498,499
2,498,538
2,498,539
2,499,500
2,499,539
2,499,540
2,500,501
2,500,540
2,500,541
2,501,502
2,501,541
2,501,542
2,502,503
2,502,542
2,502,543
2,503,504
2,503,543
2,503,544
2,504,505
2,504,544
2,504,545
2,505,506
2,505,545
2,505,546
2,506,507
2,506,546
2,506,547
2,507,508
2,507,547
2,507,548
2,508,509
2,508,548
2,508,549
2,509,510
2,509,549
2,509,550
2,510,511
2,510,550
2,510,551
2,511,512
2,511,551
2,511,552
2,512,513
2,512,552
2,512,553
2,513,514
2,513,553
2,513,554
2,514,515
2,514,554
2,514,555
2,515,516
2,515,555
2,515,556
2,516,517
2,516,556
2,516,557
2,517,518
2,517,557
2,517,558
2,518,519
2,518,558
2,518,559
2,519,480
2,519,559
2,519,520
2,520,521
2,520,560
2,520,561
2,521,522
2,521,561
2,521,562
2,522,523
2,522,562
2,522,563
2,523,524
2,523,563
2,523,564
2,524,525
2,524,564
2,524,565
2,525,526
2,525,565
2,525,566
2,526,527
2,526,566
2,526,567
2,527,528
2,527,567
2,527,568
2,528,529
2,528,568
2,528,569
2,529,530
2,529,569
2,529,570
2,530,531
2,530,570
2,530,571
2,531,532
2,531,571
2,531,572
2,532,533
2,532,572
-2,532,573
2,533,534
2,533,573
2,533,574
2,534,535
2,534,574
2,534,575
2,535,536
2,535,575
2,535,576
2,536,537
2,536,576
2,536,577
2,537,538
2,537,577
2,537,578
2,538,539
2,538,578
2,538,579
2,539,540
2,539,579
2,539,580
2,540,541
2,540,580
2,540,581
2,541,542
2,541,581
2,541,582
2,542,543
2,542,582
2,542,583
2,543,544
2,543,583
2,543,584
2,544,545
2,544,584
2,544,585
2,545,546
2,545,585
2,545,586
2,546,547
2,546,586
2,546,587
2,547,548
2,547,587
2,547,588
2,548,549
2,548,588
2,548,589
-2,549,550
2,549,589
2,549,590
2,550,551
2,550,590
2,550,591
2,551,552
2,551,591
2,551,592
2,552,553
2,552,592
2,552,593
2,553,554
2,553,593
2,553,594
2,554,555
2,554,594
2,554,595
2,555,556
2,555,595
2,555,596
2,556,557
2,556,596
2,556,597
2,557,558
2,557,597
2,557,598
2,558,559
2,558,598
2,558,599
2,559,520
2,559,599
2,559,560
2,560,561
2,560,600
2,560,601
2,561,562
2,561,601
2,561,602
2,562,563
2,562,602
2,562,603
2,563,564
2,563,603
2,563,604
2,564,565
2,564,604
2,564,605
2,565,566
2,565,605
2,565,606
2,566,567
2,566,606
2,566,607
2,567,568
2,567,607
2,567,608
2,568,569
2,568,608
2,568,609
2,569,570
2,569,609
2,569,610
2,570,571
2,570,610
2,570,611
2,571,572
2,571,611
2,571,612
2,572,573
2,572,612
2,572,613
2,573,574
2,573,613
2,573,614
2,574,575
2,574,614
2,574,615
2,575,576
2,575,615
2,575,616
2,576,577
2,576,616
2,576,617
2,577,578
2,577,617
2,577,618
2,578,579
2,578,618
2,578,619
2,579,580
2,579,619
2,579,620
2,580,581
2,580,620
2,580,621
2,581,582
2,581,621
2,581,622
2,582,583
2,582,622
2,582,623
2,583,584
2,583,623
2,583,624
2,584,585
2,584,624
2,584,625
2,585,586
2,585,625
2,585,626
2,586,587
2,586,626
2,586,627
2,587,588
2,587,627
-2,587,628
2,588,589
2,588,628
2,588,629
2,589,590
2,589,629
2,589,630
2,590,591
2,590,630
2,590,631
-2,591,592
2,591,631
2,591,632
2,592,593
2,592,632
2,592,633
2,593,594
2,593,633
2,593,634
2,594,595
2,594,634
2,594,635
2,595,596
2,595,635
2,595,636
2,596,597
2,596,636
2,596,637
2,597,598
2,597,637
2,597,638
2,598,599
2,598,638
2,598,639
2,599,560
2,599,639
2,599,600
2,600,601
2,600,640
2,600,641
2,601,602
2,601,641
2,601,642
2,602,603
2,602,642
2,602,643
2,603,604
2,603,643
2,603,644
2,604,605
2,604,644
2,604,645
2,605,606
2,605,645
2,605,646
2,606,607
2,606,646
2,606,647
2,607,608
2,607,647
2,607,648
2,608,609
2,608,648
2,608,649
2,609,610
2,609,649
2,609,650
2,610,611
2,610,650
2,610,651
2,611,612
2,611,651
2,611,652
2,612,613
2,612,652
2,612,653
2,613,614
2,613,653
2,613,654
2,614,615
2,614,654
2,614,655
2,615,616
2,615,655
2,615,656
2,616,617
2,616,656
2,616,657
2,617,618
2,617,657
2,617,658
2,618,619
2,618,658
2,618,659
2,619,620
2,619,659
2,619,660
2,620,621
2,620,660
2,620,661
2,621,622
2,621,661
2,621,662
2,622,623
2,622,662
2,622,663
2,623,624
2,623,663
2,623,664
2,624,625
2,624,664
2,624,665
2,625,626
2,625,665
2,625,666
2,626,627
2,626,666
2,626,667
2,627,628
2,627,667
2,627,668
2,628,629
2,628,668
2,628,669
2,629,630
-2,629,669
2,629,670
2,630,631
2,630,670
2,630,671
2,631,632
2,631,671
2,631,672
2,632,633
2,632,672
2,632,673
2,633,634
-2,633,673
2,633,674
2,634,635
2,634,674
2,634,675
2,635,636
2,635,675
2,635,676
2,636,637
2,636,676
2,636,677
2,637,638
2,637,677
2,637,678
2,638,639
2,638,678
2,638,679
2,639,600
2,639,679
2,639,640
2,640,641
2,640,680
2,640,681
2,641,642
2,641,681
2,641,682
2,642,643
2,642,682
2,642,683
2,643,644
2,643,683
2,643,684
2,644,645
2,644,684
2,644,685
2,645,646
2,645,685
2,645,686
2,646,647
2,646,686
2,646,687
2,647,648
2,647,687
2,647,688
2,648,649
2,648,688
2,648,689
2,649,650
2,649,689
2,649,690
2,650,651
2,650,690
2,650,691
2,651,652
2,651,691
2,651,692
2,652,653
2,652,692
2,652,693
2,653,654
2,653,693
2,653,694
2,654,655
2,654,694
2,654,695
2,655,656
2,655,695
2,655,696
2,656,657
2,656,696
2,656,697
2,657,658
2,657,697
2,657,698
2,658,659
2,658,698
2,658,699
2,659,660
2,659,699
2,659,700
2,660,661
2,660,700
2,660,701
2,661,662
2,661,701
2,661,702
2,662,663
2,662,702
2,662,703
2,663,664
2,663,703
2,663,704
2,664,665
2,664,704
2,664,705
2,665,666
2,665,705
2,665,706
2,666,667
2,666,706
2,666,707
2,667,668
2,667,707
2,667,708
2,668,669
2,668,708
2,668,709
2,669,670
2,669,709
2,669,710
2,670,671
2,670,710
2,670,711
2,671,672
2,671,711
2,671,712
2,672,673
2,672,712
2,672,713
2,673,674
2,673,713
2,673,714
2,674,675
2,674,714
2,674,715
2,675,676
2,675,715
2,675,716
2,676,677
2,676,716
2,676,717
2,677,678
2,677,717
2,677,718
2,678,679
2,678,718
2,678,719
2,679,640
2,679,719
2,679,680
2,680,681
2,680,720
2,680,721
2,681,682
2,681,721
2,681,722
2,682,683
2,682,722
2,682,723
2,683,684
2,683,723
2,683,724
2,684,685
2,684,724
2,684,725
2,685,686
2,685,725
2,685,726
2,686,687
2,686,726
2,686,727
2,687,688
2,687,727
2,687,728
2,688,689
2,688,728
2,688,729
2,689,690
2,689,729
2,689,730
2,690,691
2,690,730
2,690,731
2,691,692
2,691,731
2,691,732
2,692,693
2,692,732
2,692,733
2,693,694
2,693,733
2,693,734
2,694,695
2,694,734
2,694,735
2,695,696
2,695,735
2,695,736
2,696,697
2,696,736
2,696,737
2,697,698
2,697,737
2,697,738
2,698,699
2,698,738
2,698,739
2,699,700
2,699,739
2,699,740
2,700,701
2,700,740
2,700,741
2,701,702
2,701,741
2,701,742
2,702,703
2,702,742
2,702,743
2,703,704
2,703,743
2,703,744
2,704,705
2,704,744
2,704,745
2,705,706
2,705,745
2,705,746
2,706,707
2,706,746
2,706,747
2,707,708
2,707,747
2,707,748
2,708,709
2,708,748
2,708,749
2,709,710
2,709,749
-2,709,750
2,710,711
2,710,750
2,710,751
2,711,712
2,711,751
2,711,752
2,712,713
2,712,752
2,712,753
2,713,714
2,713,753
2,713,754
2,714,715
2,714,754
2,714,755
2,715,716
2,715,755
2,715,756
2,716,717
2,716,756
2,716,757
2,717,718
2,717,757
2,717,758
-2,718,719
2,718,758
2,718,759
2,719,680
2,719,759
2,719,720
2,720,721
2,720,760
2,720,761
2,721,722
2,721,761
2,721,762
2,722,723
2,722,762
2,722,763
2,723,724
2,723,763
2,723,764
2,724,725
2,724,764
2,724,765
2,725,726
2,725,765
2,725,766
2,726,727
2,726,766
2,726,767
2,727,728
2,727,767
2,727,768
2,728,729
2,728,768
2,728,769
2,729,730
2,729,769
2,729,770
2,730,731
2,730,770
2,730,771
2,731,732
2,731,771
2,731,772
2,732,733
2,732,772
2,732,773
2,733,734
2,733,773
2,733,774
2,734,735
2,734,774
2,734,775
2,735,736
2,735,775
2,735,776
2,736,737
2,736,776
2,736,777
2,737,738
2,737,777
2,737,778
2,738,739
2,738,778
2,738,779
2,739,740
2,739,779
2,739,780
2,740,741
2,740,780
2,740,781
2,741,742
2,741,781
2,741,782
2,742,743
2,742,782
2,742,783
2,743,744
2,743,783
2,743,784
2,744,745
2,744,784
2,744,785
2,745,746
2,745,785
2,745,786
2,746,747
2,746,786
2,746,787
2,747,748
2,747,787
2,747,788
2,748,749
2,748,788
2,748,789
2,749,750
2,749,789
2,749,790
2,750,751
2,750,790
-2,750,791
2,751,752
-2,751,791
2,751,792
2,752,753
2,752,792
2,752,793
2,753,754
2,753,793
2,753,794
2,754,755
2,754,794
2,754,795
2,755,756
2,755,795
2,755,796
2,756,757
2,756,796
2,756,797
2,757,758
2,757,797
2,757,798
2,758,759
2,758,798
2,758,799
2,759,720
2,759,799
2,759,760
2,760,761
2,760,800
2,760,801
2,761,762
2,761,801
2,761,802
2,762,763
2,762,802
2,762,803
2,763,764
2,763,803
2,763,804
2,764,765
2,764,804
2,764,805
2,765,766
2,765,805
2,765,806
2,766,767
2,766,806
2,766,807
2,767,768
2,767,807
2,767,808
2,768,769
2,768,808
2,768,809
2,769,770
2,769,809
2,769,810
2,770,771
2,770,810
2,770,811
2,771,772
2,771,811
2,771,812
2,772,773
2,772,812
2,772,813
2,773,774
2,773,813
2,773,814
2,774,775
2,774,814
2,774,815
-2,775,776
2,775,815
2,775,816
2,776,777
2,776,816
2,776,817
2,777,778
2,777,817
2,777,818
2,778,779
2,778,818
2,778,819
-2,779,780
2,779,819
2,779,820
2,780,781
2,780,820
2,780,821
2,781,782
2,781,821
2,781,822
2,782,783
2,782,822
2,782,823
2,783,784
2,783,823
2,783,824
2,784,785
2,784,824
2,784,825
2,785,786
2,785,825
2,785,826
2,786,787
2,786,826
2,786,827
2,787,788
2,787,827
2,787,828
2,788,789
2,788,828
2,788,829
2,789,790
2,789,829
2,789,830
2,790,791
2,790,830
2,790,831
2,791,792
2,791,831
2,791,832
2,792,793
2,792,832
2,792,833
2,793,794
2,793,833
2,793,834
2,794,795
-2,794,834
2,794,835
2,795,796
2,795,835
2,795,836
2,796,797
2,796,836
2,796,837
2,797,798
2,797,837
2,797,838
2,798,799
2,798,838
2,798,839
2,799,760
2,799,839
2,799,800
2,800,801
2,800,840
2,800,841
2,801,802
2,801,841
2,801,842
2,802,803
2,802,842
2,802,843
2,803,804
2,803,843
2,803,844
2,804,805
2,804,844
2,804,845
2,805,806
2,805,845
2,805,846
2,806,807
2,806,846
2,806,847
2,807,808
2,807,847
2,807,848
2,808,809
2,808,848
2,808,849
2,809,810
2,809,849
2,809,850
2,810,811
2,810,850
2,810,851
-2,811,812
2,811,851
2,811,852
2,812,813
2,812,852
2,812,853
2,813,814
2,813,853
2,813,854
2,814,815
2,814,854
2,814,855
2,815,816
2,815,855
2,815,856
2,816,817
2,816,856
2,816,857
2,817,818
2,817,857
2,817,858
2,818,819
2,818,858
2,818,859
2,819,820
2,819,859
2,819,860
2,820,821
2,820,860
2,820,861
2,821,822
2,821,861
2,821,862
2,822,823
2,822,862
2,822,863
2,823,824
2,823,863
2,823,864
2,824,825
2,824,864
2,824,865
2,825,826
2,825,865
2,825,866
2,826,827
2,826,866
2,826,867
2,827,828
2,827,867
2,827,868
2,828,829
2,828,868
2,828,869
2,829,830
2,829,869
2,829,870
2,830,831
2,830,870
2,830,871
2,831,832
2,831,871
2,831,872
2,832,833
2,832,872
2,832,873
2,833,834
2,833,873
2,833,874
2,834,835
2,834,874
2,834,875
2,835,836
2,835,875
2,835,876
2,836,837
2,836,876
2,836,877
2,837,838
2,837,877
2,837,878
2,838,839
2,838,878
2,838,879
2,839,800
2,839,879
2,839,840
2,840,841
2,840,880
2,840,881
2,841,842
2,841,881
2,841,882
2,842,843
2,842,882
2,842,883
2,843,844
2,843,883
2,843,884
2,844,845
2,844,884
2,844,885
2,845,846
2,845,885
2,845,886
2,846,847
2,846,886
2,846,887
2,847,848
2,847,887
2,847,888
2,848,849
2,848,888
2,848,889
2,849,850
2,849,889
2,849,890
2,850,851
2,850,890
2,850,891
2,851,852
2,851,891
2,851,892
2,852,853
2,852,892
2,852,893
2,853,854
2,853,893
2,853,894
2,854,855
2,854,894
2,854,895
2,855,856
2,855,895
2,855,896
2,856,857
2,856,896
2,856,897
2,857,858
2,857,897
2,857,898
2,858,859
2,858,898
2,858,899
2,859,860
2,859,899
2,859,900
2,860,861
2,860,900
2,860,901
2,861,862
2,861,901
2,861,902
2,862,863
2,862,902
2,862,903
2,863,864
2,863,903
2,863,904
2,864,865
2,864,904
2,864,905
2,865,866
2,865,905
2,865,906
2,866,867
2,866,906
2,866,907
2,867,868
2,867,907
2,867,908
2,868,869
2,868,908
2,868,909
2,869,870
2,869,909
2,869,910
2,870,871
2,870,910
2,870,911
2,871,872
2,871,911
2,871,912
2,872,873
2,872,912
2,872,913
2,873,874
2,873,913
2,873,914
2,874,875
2,874,914
2,874,915
2,875,876
2,875,915
2,875,916
2,876,877
2,876,916
2,876,917
2,877,878
2,877,917
2,877,918
2,878,879
2,878,918
2,878,919
2,879,840
2,879,919
2,879,880
2,880,881
2,880,920
2,880,921
2,881,882
2,881,921
2,881,922
2,882,883
2,882,922
2,882,923
2,883,884
2,883,923
2,883,924
2,884,885
2,884,924
2,884,925
2,885,886
2,885,925
2,885,926
2,886,887
2,886,926
2,886,927
2,887,888
2,887,927
2,887,928
2,888,889
2,888,928
2,888,929
2,889,890
2,889,929
2,889,930
2,890,891
2,890,930
2,890,931
2,891,892
2,891,931
2,891,932
2,892,893
2,892,932
2,892,933
2,893,894
2,893,933
2,893,934
2,894,895
2,894,934
2,894,935
2,895,896
2,895,935
2,895,936
2,896,897
2,896,936
2,896,937
2,897,898
2,897,937
2,897,938
2,898,899
2,898,938
2,898,939
2,899,900
2,899,939
2,899,940
-2,900,901
2,900,940
2,900,941
2,901,902
2,901,941
2,901,942
2,902,903
2,902,942
2,902,943
2,903,904
-2,903,943
2,903,944
2,904,905
2,904,944
2,904,945
2,905,906
2,905,945
2,905,946
2,906,907
2,906,946
2,906,947
2,907,908
2,907,947
2,907,948
2,908,909
2,908,948
2,908,949
2,909,910
2,909,949
-2,909,950
2,910,911
2,910,950
2,910,951
2,911,912
2,911,951
2,911,952
2,912,913
2,912,952
2,912,953
2,913,914
2,913,953
2,913,954
2,914,915
2,914,954
2,914,955
2,915,916
2,915,955
2,915,956
2,916,917
2,916,956
2,916,957
2,917,918
2,917,957
2,917,958
2,918,919
2,918,958
2,918,959
2,919,880
2,919,959
2,919,920
2,920,921
2,920,960
2,920,961
2,921,922
2,921,961
2,921,962
2,922,923
2,922,962
2,922,963
2,923,924
2,923,963
2,923,964
2,924,925
2,924,964
2,924,965
2,925,926
2,925,965
2,925,966
2,926,927
2,926,966
2,926,967
2,927,928
2,927,967
2,927,968
2,928,929
2,928,968
2,928,969
2,929,930
2,929,969
2,929,970
2,930,931
2,930,970
2,930,971
2,931,932
2,931,971
2,931,972
2,932,933
2,932,972
2,932,973
2,933,934
2,933,973
2,933,974
2,934,935
2,934,974
2,934,975
2,935,936
2,935,975
2,935,976
2,936,937
2,936,976
2,936,977
2,937,938
2,937,977
2,937,978
2,938,939
2,938,978
2,938,979
2,939,940
2,939,979
2,939,980
2,940,941
2,940,980
2,940,981
2,941,942
2,941,981
2,941,982
2,942,943
2,942,982
2,942,983
2,943,944
2,943,983
2,943,984
2,944,945
2,944,984
2,944,985
2,945,946
2,945,985
2,945,986
2,946,947
2,946,986
2,946,987
2,947,948
-2,947,987
2,947,988
2,948,949
2,948,988
2,948,989
2,949,950
2,949,989
2,949,990
2,950,951
2,950,990
2,950,991
2,951,952
2,951,991
2,951,992
2,952,953
2,952,992
2,952,993
2,953,954
-2,953,993
2,953,994
2,954,955
2,954,994
2,954,995
2,955,956
2,955,995
2,955,996
2,956,957
2,956,996
2,956,997
2,957,958
2,957,997
2,957,998
2,958,959
2,958,998
2,958,999
2,959,920
-2,959,999
2,959,960
2,960,961
2,960,1000
2,960,1001
2,961,962
2,961,1001
2,961,1002
2,962,963
2,962,1002
2,962,1003
2,963,964
2,963,1003
2,963,1004
2,964,965
2,964,1004
2,964,1005
2,965,966
2,965,1005
2,965,1006
2,966,967
2,966,1006
2,966,1007
2,967,968
2,967,1007
2,967,1008
2,968,969
2,968,1008
2,968,1009
2,969,970
2,969,1009
2,969,1010
2,970,971
2,970,1010
2,970,1011
2,971,972
2,971,1011
2,971,1012
2,972,973
2,972,1012
2,972,1013
2,973,974
2,973,1013
2,973,1014
2,974,975
2,974,1014
2,974,1015
2,975,976
2,975,1015
2,975,1016
2,976,977
2,976,1016
2,976,1017
2,977,978
2,977,1017
2,977,1018
2,978,979
2,978,1018
2,978,1019
2,979,980
2,979,1019
2,979,1020
2,980,981
2,980,1020
2,980,1021
2,981,982
2,981,1021
2,981,1022
2,982,983
2,982,1022
2,982,1023
2,983,984
2,983,1023
2,983,1024
2,984,985
2,984,1024
2,984,1025
2,985,986
2,985,1025
-2,985,1026
2,986,987
2,986,1026
2,986,1027
2,987,988
2,987,1027
2,987,1028
2,988,989
2,988,1028
2,988,1029
2,989,990
2,989,1029
2,989,1030
2,990,991
2,990,1030
2,990,1031
2,991,992
2,991,1031
2,991,1032
2,992,993
2,992,1032
-2,992,1033
2,993,994
2,993,1033
2,993,1034
2,994,995
2,994,1034
2,994,1035
2,995,996
2,995,1035
2,995,1036
2,996,997
2,996,1036
2,996,1037
2,997,998
2,997,1037
2,997,1038
2,998,999
2,998,1038
2,998,1039
2,999,960
2,999,1039
2,999,1000
2,1000,1001
2,1000,1040
2,1000,1041
2,1001,1002
2,1001,1041
2,1001,1042
2,1002,1003
2,1002,1042
2,1002,1043
2,1003,1004
2,1003,1043
2,1003,1044
2,1004,1005
2,1004,1044
2,1004,1045
2,1005,1006
2,1005,1045
2,1005,1046
2,1006,1007
2,1006,1046
-2,1006,1047
2,1007,1008
2,1007,1047
2,1007,1048
2,1008,1009
2,1008,1048
2,1008,1049
2,1009,1010
2,1009,1049
2,1009,1050
2,1010,1011
2,1010,1050
2,1010,1051
2,1011,1012
2,1011,1051
2,1011,1052
2,1012,1013
2,1012,1052
2,1012,1053
2,1013,1014
2,1013,1053
2,1013,1054
2,1014,1015
2,1014,1054
2,1014,1055
2,1015,1016
2,1015,1055
2,1015,1056
2,1016,1017
2,1016,1056
2,1016,1057
2,1017,1018
2,1017,1057
2,1017,1058
2,1018,1019
2,1018,1058
2,1018,1059
2,1019,1020
2,1019,1059
2,1019,1060
2,1020,1021
2,1020,1060
2,1020,1061
2,1021,1022
2,1021,1061
2,1021,1062
2,1022,1023
2,1022,1062
2,1022,1063
2,1023,1024
2,1023,1063
2,1023,1064
2,1024,1025
2,1024,1064
2,1024,1065
2,1025,1026
2,1025,1065
2,1025,1066
2,1026,1027
2,1026,1066
2,1026,1067
2,1027,1028
-2,1027,1067
2,1027,1068
2,1028,1029
2,1028,1068
2,1028,1069
2,1029,1030
2,1029,1069
2,1029,1070
2,1030,1031
2,1030,1070
2,1030,1071
2,1031,1032
2,1031,1071
-2,1031,1072
2,1032,1033
2,1032,1072
2,1032,1073
-2,1033,1034
2,1033,1073
2,1033,1074
2,1034,1035
2,1034,1074
2,1034,1075
2,1035,1036
2,1035,1075
2,1035,1076
2,1036,1037
2,1036,1076
2,1036,1077
2,1037,1038
2,1037,1077
2,1037,1078
2,1038,1039
2,1038,1078
2,1038,1079
2,1039,1000
2,1039,1079
2,1039,1040
2,1040,1041
2,1040,1080
2,1040,1081
2,1041,1042
2,1041,1081
2,1041,1082
2,1042,1043
2,1042,1082
2,1042,1083
2,1043,1044
2,1043,1083
2,1043,1084
2,1044,1045
2,1044,1084
2,1044,1085
2,1045,1046
2,1045,1085
2,1045,1086
2,1046,1047
2,1046,1086
2,1046,1087
2,1047,1048
2,1047,1087
2,1047,1088
2,1048,1049
2,1048,1088
2,1048,1089
2,1049,1050
2,1049,1089
2,1049,1090
2,1050,1051
2,1050,1090
2,1050,1091
2,1051,1052
2,1051,1091
2,1051,1092
2,1052,1053
2,1052,1092
2,1052,1093
2,1053,1054
2,1053,1093
2,1053,1094
2,1054,1055
2,1054,1094
2,1054,1095
2,1055,1056
2,1055,1095
2,1055,1096
2,1056,1057
2,1056,1096
2,1056,1097
2,1057,1058
2,1057,1097
-2,1057,1098
2,1058,1059
2,1058,1098
2,1058,1099
2,1059,1060
2,1059,1099
2,1059,1100
2,1060,1061
2,1060,1100
2,1060,1101
2,1061,1062
2,1061,1101
2,1061,1102
2,1062,1063
2,1062,1102
2,1062,1103
2,1063,1064
2,1063,1103
2,1063,1104
2,1064,1065
2,1064,1104
2,1064,1105
2,1065,1066
2,1065,1105
2,1065,1106
2,1066,1067
2,1066,1106
2,1066,1107
2,1067,1068
2,1067,1107
2,1067,1108
2,1068,1069
2,1068,1108
2,1068,1109
2,1069,1070
2,1069,1109
2,1069,1110
2,1070,1071
2,1070,1110
2,1070,1111
2,1071,1072
2,1071,1111
2,1071,1112
2,1072,1073
2,1072,1112
2,1072,1113
2,1073,1074
2,1073,1113
2,1073,1114
2,1074,1075
2,1074,1114
2,1074,1115
-2,1075,1076
2,1075,1115
2,1075,1116
2,1076,1077
2,1076,1116
2,1076,1117
2,1077,1078
2,1077,1117
2,1077,1118
2,1078,1079
2,1078,1118
2,1078,1119
2,1079,1040
2,1079,1119
2,1079,1080
2,1080,1081
2,1080,1120
2,1080,1121
2,1081,1082
2,1081,1121
2,1081,1122
2,1082,1083
2,1082,1122
2,1082,1123
2,1083,1084
2,1083,1123
2,1083,1124
2,1084,1085
2,1084,1124
2,1084,1125
2,1085,1086
2,1085,1125
2,1085,1126
2,1086,1087
2,1086,1126
2,1086,1127
2,1087,1088
2,1087,1127
2,1087,1128
2,1088,1089
2,1088,1128
2,1088,1129
2,1089,1090
2,1089,1129
2,1089,1130
2,1090,1091
2,1090,1130
2,1090,1131
2,1091,1092
2,1091,1131
2,1091,1132
2,1092,1093
2,1092,1132
2,1092,1133
-2,1093,1094
2,1093,1133
2,1093,1134
2,1094,1095
2,1094,1134
2,1094,1135
2,1095,1096
2,1095,1135
2,1095,1136
2,1096,1097
2,1096,1136
2,1096,1137
2,1097,1098
2,1097,1137
2,1097,1138
2,1098,1099
2,1098,1138
2,1098,1139
2,1099,1100
2,1099,1139
2,1099,1140
2,1100,1101
2,1100,1140
2,1100,1141
2,1101,1102
2,1101,1141
2,1101,1142
2,1102,1103
2,1102,1142
2,1102,1143
2,1103,1104
2,1103,1143
2,1103,1144
2,1104,1105
2,1104,1144
2,1104,1145
2,1105,1106
2,1105,1145
2,1105,1146
2,1106,1107
2,1106,1146
2,1106,1147
2,1107,1108
2,1107,1147
2,1107,1148
2,1108,1109
2,1108,1148
-2,1108,1149
2,1109,1110
2,1109,1149
2,1109,1150
2,1110,1111
2,1110,1150
2,1110,1151
2,1111,1112
2,1111,1151
2,1111,1152
2,1112,1113
2,1112,1152
2,1112,1153
-2,1113,1114
2,1113,1153
2,1113,1154
2,1114,1115
2,1114,1154
2,1114,1155
2,1115,1116
2,1115,1155
2,1115,1156
2,1116,1117
2,1116,1156
2,1116,1157
2,1117,1118
2,1117,1157
2,1117,1158
2,1118,1119
2,1118,1158
2,1118,1159
2,1119,1080
2,1119,1159
2,1119,1120
2,1120,1121
2,1120,1160
2,1120,1161
2,1121,1122
2,1121,1161
2,1121,1162
2,1122,1123
2,1122,1162
2,1122,1163
2,1123,1124
2,1123,1163
2,1123,1164
2,1124,1125
2,1124,1164
2,1124,1165
2,1125,1126
2,1125,1165
2,1125,1166
2,1126,1127
2,1126,1166
2,1126,1167
2,1127,1128
2,1127,1167
2,1127,1168
2,1128,1129
2,1128,1168
2,1128,1169
2,1129,1130
2,1129,1169
2,1129,1170
2,1130,1131
2,1130,1170
2,1130,1171
2,1131,1132
2,1131,1171
2,1131,1172
2,1132,1133
2,1132,1172
2,1132,1173
2,1133,1134
2,1133,1173
2,1133,1174
2,1134,1135
2,1134,1174
2,1134,1175
2,1135,1136
2,1135,1175
2,1135,1176
2,1136,1137
2,1136,1176
2,1136,1177
2,1137,1138
2,1137,1177
2,1137,1178
2,1138,1139
2,1138,1178
2,1138,1179
2,1139,1140
2,1139,1179
2,1139,1180
2,1140,1141
2,1140,1180
2,1140,1181
2,1141,1142
2,1141,1181
2,1141,1182
2,1142,1143
2,1142,1182
2,1142,1183
2,1143,1144
2,1143,1183
2,1143,1184
2,1144,1145
2,1144,1184
2,1144,1185
2,1145,1146
2,1145,1185
2,1145,1186
2,1146,1147
2,1146,1186
2,1146,1187
2,1147,1148
2,1147,1187
2,1147,1188
2,1148,1149
2,1148,1188
2,1148,1189
2,1149,1150
2,1149,1189
2,1149,1190
2,1150,1151
2,1150,1190
2,1150,1191
2,1151,1152
2,1151,1191
2,1151,1192
2,1152,1153
2,1152,1192
2,1152,1193
2,1153,1154
2,1153,1193
2,1153,1194
2,1154,1155
2,1154,1194
2,1154,1195
2,1155,1156
2,1155,1195
2,1155,1196
2,1156,1157
2,1156,1196
2,1156,1197
2,1157,1158
2,1157,1197
2,1157,1198
2,1158,1159
2,1158,1198
2,1158,1199
2,1159,1120
2,1159,1199
2,1159,1160
2,1160,1161
2,1160,1200
2,1160,1201
2,1161,1162
2,1161,1201
2,1161,1202
2,1162,1163
2,1162,1202
2,1162,1203
2,1163,1164
2,1163,1203
2,1163,1204
2,1164,1165
2,1164,1204
2,1164,1205
2,1165,1166
2,1165,1205
2,1165,1206
2,1166,1167
2,1166,1206
2,1166,1207
2,1167,1168
2,1167,1207
2,1167,1208
2,1168,1169
2,1168,1208
2,1168,1209
2,1169,1170
2,1169,1209
2,1169,1210
2,1170,1171
2,1170,1210
2,1170,1211
2,1171,1172
2,1171,1211
2,1171,1212
2,1172,1173
2,1172,1212
2,1172,1213
2,1173,1174
2,1173,1213
2,1173,1214
2,1174,1175
2,1174,1214
2,1174,1215
2,1175,1176
2,1175,1215
2,1175,1216
2,1176,1177
2,1176,1216
2,1176,1217
2,1177,1178
2,1177,1217
2,1177,1218
2,1178,1179
2,1178,1218
2,1178,1219
2,1179,1180
2,1179,1219
2,1179,1220
2,1180,1181
-2,1180,1220
2,1180,1221
2,1181,1182
2,1181,1221
2,1181,1222
2,1182,1183
2,1182,1222
2,1182,1223
2,1183,1184
2,1183,1223
-2,1183,1224
2,1184,1185
2,1184,1224
2,1184,1225
2,1185,1186
2,1185,1225
2,1185,1226
2,1186,1187
2,1186,1226
2,1186,1227
-2,1187,1188
2,1187,1227
2,1187,1228
2,1188,1189
2,1188,1228
2,1188,1229
2,1189,1190
2,1189,1229
2,1189,1230
2,1190,1191
2,1190,1230
2,1190,1231
2,1191,1192
2,1191,1231
2,1191,1232
2,1192,1193
2,1192,1232
2,1192,1233
2,1193,1194
2,1193,1233
2,1193,1234
2,1194,1195
2,1194,1234
2,1194,1235
2,1195,1196
2,1195,1235
2,1195,1236
2,1196,1197
2,1196,1236
2,1196,1237
2,1197,1198
2,1197,1237
2,1197,1238
2,1198,1199
2,1198,1238
2,1198,1239
2,1199,1160
2,1199,1239
2,1199,1200
2,1200,1201
2,1200,1240
2,1200,1241
2,1201,1202
2,1201,1241
2,1201,1242
2,1202,1203
2,1202,1242
2,1202,1243
2,1203,1204
2,1203,1243
2,1203,1244
2,1204,1205
2,1204,1244
2,1204,1245
2,1205,1206
2,1205,1245
2,1205,1246
2,1206,1207
2,1206,1246
2,1206,1247
2,1207,1208
2,1207,1247
2,1207,1248
2,1208,1209
2,1208,1248
2,1208,1249
2,1209,1210
2,1209,1249
2,1209,1250
2,1210,1211
2,1210,1250
2,1210,1251
2,1211,1212
2,1211,1251
2,1211,1252
2,1212,1213
2,1212,1252
2,1212,1253
2,1213,1214
2,1213,1253
2,1213,1254
2,1214,1215
2,1214,1254
2,1214,1255
2,1215,1216
2,1215,1255
2,1215,1256
2,1216,1217
2,1216,1256
2,1216,1257
2,1217,1218
2,1217,1257
2,1217,1258
2,1218,1219
2,1218,1258
2,1218,1259
2,1219,1220
2,1219,1259
2,1219,1260
2,1220,1221
2,1220,1260
2,1220,1261
2,1221,1222
2,1221,1261
2,1221,1262
2,1222,1223
2,1222,1262
2,1222,1263
2,1223,1224
2,1223,1263
2,1223,1264
2,1224,1225
2,1224,1264
-2,1224,1265
2,1225,1226
2,1225,1265
2,1225,1266
2,1226,1227
2,1226,1266
2,1226,1267
2,1227,1228
2,1227,1267
2,1227,1268
2,1228,1229
2,1228,1268
2,1228,1269
2,1229,1230
2,1229,1269
2,1229,1270
2,1230,1231
2,1230,1270
2,1230,1271
2,1231,1232
2,1231,1271
2,1231,1272
2,1232,1233
2,1232,1272
2,1232,1273
2,1233,1234
2,1233,1273
2,1233,1274
2,1234,1235
2,1234,1274
2,1234,1275
2,1235,1236
2,1235,1275
2,1235,1276
2,1236,1237
2,1236,1276
2,1236,1277
2,1237,1238
2,1237,1277
2,1237,1278
2,1238,1239
2,1238,1278
2,1238,1279
2,1239,1200
2,1239,1279
2,1239,1240
2,1240,1241
2,1240,1280
2,1240,1281
2,1241,1242
2,1241,1281
2,1241,1282
2,1242,1243
2,1242,1282
2,1242,1283
2,1243,1244
2,1243,1283
2,1243,1284
2,1244,1245
2,1244,1284
2,1244,1285
2,1245,1246
2,1245,1285
2,1245,1286
2,1246,1247
2,1246,1286
2,1246,1287
2,1247,1248
2,1247,1287
2,1247,1288
2,1248,1249
2,1248,1288
2,1248,1289
2,1249,1250
2,1249,1289
2,1249,1290
2,1250,1251
2,1250,1290
2,1250,1291
2,1251,1252
2,1251,1291
2,1251,1292
2,1252,1253
2,1252,1292
2,1252,1293
2,1253,1254
2,1253,1293
2,1253,1294
2,1254,1255
2,1254,1294
2,1254,1295
2,1255,1256
2,1255,1295
2,1255,1296
2,1256,1257
2,1256,1296
2,1256,1297
2,1257,1258
2,1257,1297
2,1257,1298
2,1258,1259
2,1258,1298
2,1258,1299
2,1259,1260
2,1259,1299
2,1259,1300
2,1260,1261
2,1260,1300
2,1260,1301
2,1261,1262
2,1261,1301
2,1261,1302
2,1262,1263
2,1262,1302
2,1262,1303
2,1263,1264
2,1263,1303
2,1263,1304
2,1264,1265
2,1264,1304
2,1264,1305
2,1265,1266
2,1265,1305
2,1265,1306
2,1266,1267
2,1266,1306
2,1266,1307
2,1267,1268
2,1267,1307
2,1267,1308
2,1268,1269
2,1268,1308
2,1268,1309
2,1269,1270
2,1269,1309
2,1269,1310
2,1270,1271
2,1270,1310
2,1270,1311
2,1271,1272
2,1271,1311
2,1271,1312
2,1272,1273
2,1272,1312
2,1272,1313
2,1273,1274
2,1273,1313
2,1273,1314
2,1274,1275
2,1274,1314
2,1274,1315
2,1275,1276
2,1275,1315
2,1275,1316
2,1276,1277
2,1276,1316
2,1276,1317
2,1277,1278
2,1277,1317
2,1277,1318
2,1278,1279
2,1278,1318
2,1278,1319
2,1279,1240
2,1279,1319
2,1279,1280
2,1280,1281
2,1280,1320
2,1280,1321
2,1281,1282
2,1281,1321
2,1281,1322
2,1282,1283
2,1282,1322
2,1282,1323
2,1283,1284
-2,1283,1323
2,1283,1324
2,1284,1285
2,1284,1324
2,1284,1325
2,1285,1286
2,1285,1325
2,1285,1326
2,1286,1287
2,1286,1326
2,1286,1327
2,1287,1288
2,1287,1327
2,1287,1328
2,1288,1289
2,1288,1328
2,1288,1329
2,1289,1290
2,1289,1329
2,1289,1330
2,1290,1291
2,1290,1330
2,1290,1331
2,1291,1292
2,1291,1331
2,1291,1332
2,1292,1293
2,1292,1332
2,1292,1333
2,1293,1294
2,1293,1333
2,1293,1334
2,1294,1295
2,1294,1334
2,1294,1335
2,1295,1296
2,1295,1335
2,1295,1336
2,1296,1297
2,1296,1336
2,1296,1337
2,1297,1298
2,1297,1337
2,1297,1338
2,1298,1299
2,1298,1338
2,1298,1339
2,1299,1300
2,1299,1339
2,1299,1340
2,1300,1301
2,1300,1340
2,1300,1341
2,1301,1302
2,1301,1341
2,1301,1342
2,1302,1303
2,1302,1342
2,1302,1343
2,1303,1304
2,1303,1343
2,1303,1344
2,1304,1305
2,1304,1344
2,1304,1345
2,1305,1306
2,1305,1345
2,1305,1346
2,1306,1307
2,1306,1346
2,1306,1347
2,1307,1308
2,1307,1347
2,1307,1348
2,1308,1309
2,1308,1348
2,1308,1349
2,1309,1310
2,1309,1349
2,1309,1350
2,1310,1311
2,1310,1350
2,1310,1351
2,1311,1312
2,1311,1351
2,1311,1352
2,1312,1313
2,1312,1352
2,1312,1353
2,1313,1314
2,1313,1353
2,1313,1354
2,1314,1315
2,1314,1354
2,1314,1355
2,1315,1316
2,1315,1355
2,1315,1356
2,1316,1317
2,1316,1356
2,1316,1357
2,1317,1318
2,1317,1357
2,1317,1358
2,1318,1319
2,1318,1358
2,1318,1359
2,1319,1280
2,1319,1359
2,1319,1320
2,1320,1321
2,1320,1360
2,1320,1361
2,1321,1322
2,1321,1361
2,1321,1362
2,1322,1323
2,1322,1362
-2,1322,1363
2,1323,1324
2,1323,1363
2,1323,1364
2,1324,1325
2,1324,1364
2,1324,1365
2,1325,1326
2,1325,1365
2,1325,1366
2,1326,1327
2,1326,1366
2,1326,1367
2,1327,1328
2,1327,1367
2,1327,1368
2,1328,1329
2,1328,1368
2,1328,1369
2,1329,1330
2,1329,1369
2,1329,1370
2,1330,1331
2,1330,1370
2,1330,1371
2,1331,1332
2,1331,1371
-2,1331,1372
2,1332,1333
2,1332,1372
2,1332,1373
2,1333,1334
2,1333,1373
2,1333,1374
2,1334,1335
2,1334,1374
2,1334,1375
2,1335,1336
2,1335,1375
2,1335,1376
2,1336,1337
2,1336,1376
2,1336,1377
2,1337,1338
2,1337,1377
2,1337,1378
2,1338,1339
2,1338,1378
2,1338,1379
2,1339,1340
2,1339,1379
2,1339,1380
2,1340,1341
2,1340,1380
2,1340,1381
2,1341,1342
2,1341,1381
2,1341,1382
2,1342,1343
2,1342,1382
2,1342,1383
2,1343,1344
2,1343,1383
2,1343,1384
2,1344,1345
2,1344,1384
2,1344,1385
2,1345,1346
2,1345,1385
2,1345,1386
2,1346,1347
2,1346,1386
2,1346,1387
2,1347,1348
2,1347,1387
2,1347,1388
2,1348,1349
2,1348,1388
2,1348,1389
2,1349,1350
2,1349,1389
2,1349,1390
2,1350,1351
2,1350,1390
2,1350,1391
2,1351,1352
2,1351,1391
2,1351,1392
2,1352,1353
2,1352,1392
2,1352,1393
2,1353,1354
2,1353,1393
2,1353,1394
2,1354,1355
2,1354,1394
2,1354,1395
2,1355,1356
2,1355,1395
2,1355,1396
2,1356,1357
2,1356,1396
2,1356,1397
2,1357,1358
2,1357,1397
2,1357,1398
2,1358,1359
-2,1358,1398
2,1358,1399
2,1359,1320
2,1359,1399
2,1359,1360
2,1360,1361
2,1360,1400
2,1360,1401
2,1361,1362
2,1361,1401
2,1361,1402
2,1362,1363
2,1362,1402
2,1362,1403
2,1363,1364
2,1363,1403
2,1363,1404
2,1364,1365
2,1364,1404
2,1364,1405
2,1365,1366
2,1365,1405
2,1365,1406
2,1366,1367
2,1366,1406
2,1366,1407
-2,1367,1368
2,1367,1407
2,1367,1408
2,1368,1369
2,1368,1408
2,1368,1409
2,1369,1370
2,1369,1409
2,1369,1410
2,1370,1371
2,1370,1410
2,1370,1411
2,1371,1372
2,1371,1411
2,1371,1412
2,1372,1373
2,1372,1412
2,1372,1413
2,1373,1374
2,1373,1413
2,1373,1414
2,1374,1375
2,1374,1414
2,1374,1415
2,1375,1376
2,1375,1415
2,1375,1416
2,1376,1377
2,1376,1416
2,1376,1417
2,1377,1378
2,1377,1417
2,1377,1418
2,1378,1379
2,1378,1418
2,1378,1419
2,1379,1380
2,1379,1419
2,1379,1420
2,1380,1381
2,1380,1420
2,1380,1421
2,1381,1382
2,1381,1421
2,1381,1422
-2,1382,1383
2,1382,1422
2,1382,1423
2,1383,1384
2,1383,1423
2,1383,1424
2,1384,1385
2,1384,1424
2,1384,1425
2,1385,1386
2,1385,1425
2,1385,1426
2,1386,1387
2,1386,1426
2,1386,1427
2,1387,1388
2,1387,1427
2,1387,1428
2,1388,1389
2,1388,1428
2,1388,1429
2,1389,1390
2,1389,1429
2,1389,1430
2,1390,1391
2,1390,1430
2,1390,1431
2,1391,1392
2,1391,1431
2,1391,1432
2,1392,1393
2,1392,1432
2,1392,1433
2,1393,1394
2,1393,1433
2,1393,1434
2,1394,1395
2,1394,1434
2,1394,1435
2,1395,1396
2,1395,1435
2,1395,1436
2,1396,1397
2,1396,1436
2,1396,1437
2,1397,1398
2,1397,1437
2,1397,1438
2,1398,1399
2,1398,1438
2,1398,1439
2,1399,1360
2,1399,1439
2,1399,1400
2,1400,1401
2,1400,1440
2,1400,1441
2,1401,1402
2,1401,1441
2,1401,1442
2,1402,1403
2,1402,1442
2,1402,1443
2,1403,1404
2,1403,1443
2,1403,1444
2,1404,1405
2,1404,1444
2,1404,1445
2,1405,1406
2,1405,1445
2,1405,1446
2,1406,1407
2,1406,1446
2,1406,1447
2,1407,1408
2,1407,1447
2,1407,1448
2,1408,1409
2,1408,1448
2,1408,1449
2,1409,1410
2,1409,1449
2,1409,1450
2,1410,1411
2,1410,1450
2,1410,1451
2,1411,1412
2,1411,1451
2,1411,1452
2,1412,1413
2,1412,1452
2,1412,1453
2,1413,1414
2,1413,1453
2,1413,1454
2,1414,1415
2,1414,1454
2,1414,1455
2,1415,1416
2,1415,1455
2,1415,1456
2,1416,1417
2,1416,1456
2,1416,1457
2,1417,1418
2,1417,1457
2,1417,1458
2,1418,1419
2,1418,1458
2,1418,1459
2,1419,1420
2,1419,1459
2,1419,1460
2,1420,1421
2,1420,1460
2,1420,1461
2,1421,1422
2,1421,1461
2,1421,1462
2,1422,1423
2,1422,1462
2,1422,1463
2,1423,1424
2,1423,1463
2,1423,1464
2,1424,1425
2,1424,1464
2,1424,1465
2,1425,1426
2,1425,1465
2,1425,1466
2,1426,1427
2,1426,1466
2,1426,1467
2,1427,1428
2,1427,1467
2,1427,1468
2,1428,1429
2,1428,1468
2,1428,1469
2,1429,1430
2,1429,1469
2,1429,1470
2,1430,1431
2,1430,1470
2,1430,1471
2,1431,1432
2,1431,1471
2,1431,1472
2,1432,1433
2,1432,1472
2,1432,1473
2,1433,1434
2,1433,1473
2,1433,1474
2,1434,1435
2,1434,1474
2,1434,1475
2,1435,1436
2,1435,1475
2,1435,1476
2,1436,1437
2,1436,1476
2,1436,1477
2,1437,1438
2,1437,1477
2,1437,1478
2,1438,1439
2,1438,1478
2,1438,1479
2,1439,1400
2,1439,1479
2,1439,1440
2,1440,1441
2,1440,1480
2,1440,1481
2,1441,1442
2,1441,1481
2,1441,1482
2,1442,1443
2,1442,1482
2,1442,1483
2,1443,1444
2,1443,1483
2,1443,1484
2,1444,1445
2,1444,1484
2,1444,1485
2,1445,1446
2,1445,1485
2,1445,1486
2,1446,1447
2,1446,1486
2,1446,1487
2,1447,1448
2,1447,1487
2,1447,1488
2,1448,1449
2,1448,1488
2,1448,1489
2,1449,1450
2,1449,1489
2,1449,1490
2,1450,1451
2,1450,1490
2,1450,1491
2,1451,1452
2,1451,1491
2,1451,1492
2,1452,1453
2,1452,1492
2,1452,1493
2,1453,1454
2,1453,1493
2,1453,1494
2,1454,1455
2,1454,1494
2,1454,1495
2,1455,1456
2,1455,1495
2,1455,1496
2,1456,1457
2,1456,1496
2,1456,1497
2,1457,1458
2,1457,1497
2,1457,1498
2,1458,1459
-2,1458,1498
2,1458,1499
2,1459,1460
2,1459,1499
2,1459,1500
2,1460,1461
2,1460,1500
2,1460,1501
2,1461,1462
2,1461,1501
2,1461,1502
2,1462,1463
2,1462,1502
2,1462,1503
2,1463,1464
2,1463,1503
2,1463,1504
2,1464,1465
2,1464,1504
2,1464,1505
2,1465,1466
2,1465,1505
2,1465,1506
2,1466,1467
2,1466,1506
2,1466,1507
2,1467,1468
2,1467,1507
2,1467,1508
2,1468,1469
2,1468,1508
2,1468,1509
2,1469,1470
2,1469,1509
2,1469,1510
2,1470,1471
2,1470,1510
2,1470,1511
2,1471,1472
2,1471,1511
2,1471,1512
-2,1472,1473
2,1472,1512
2,1472,1513
2,1473,1474
2,1473,1513
2,1473,1514
2,1474,1475
2,1474,1514
2,1474,1515
2,1475,1476
2,1475,1515
2,1475,1516
2,1476,1477
2,1476,1516
2,1476,1517
2,1477,1478
2,1477,1517
2,1477,1518
2,1478,1479
2,1478,1518
2,1478,1519
2,1479,1440
2,1479,1519
2,1479,1480
2,1480,1481
2,1480,1520
2,1480,1521
2,1481,1482
2,1481,1521
2,1481,1522
2,1482,1483
2,1482,1522
2,1482,1523
2,1483,1484
2,1483,1523
2,1483,1524
2,1484,1485
2,1484,1524
2,1484,1525
2,1485,1486
2,1485,1525
2,1485,1526
2,1486,1487
2,1486,1526
2,1486,1527
2,1487,1488
2,1487,1527
2,1487,1528
2,1488,1489
2,1488,1528
2,1488,1529
2,1489,1490
2,1489,1529
2,1489,1530
2,1490,1491
2,1490,1530
2,1490,1531
2,1491,1492
2,1491,1531
2,1491,1532
2,1492,1493
-2,1492,1532
2,1492,1533
2,1493,1494
2,1493,1533
2,1493,1534
2,1494,1495
2,1494,1534
2,1494,1535
2,1495,1496
2,1495,1535
2,1495,1536
2,1496,1497
2,1496,1536
2,1496,1537
2,1497,1498
2,1497,1537
2,1497,1538
2,1498,1499
-2,1498,1538
2,1498,1539
2,1499,1500
2,1499,1539
2,1499,1540
2,1500,1501
2,1500,1540
2,1500,1541
2,1501,1502
2,1501,1541
2,1501,1542
2,1502,1503
2,1502,1542
2,1502,1543
2,1503,1504
2,1503,1543
2,1503,1544
2,1504,1505
2,1504,1544
2,1504,1545
2,1505,1506
2,1505,1545
2,1505,1546
2,1506,1507
2,1506,1546
2,1506,1547
2,1507,1508
2,1507,1547
2,1507,1548
2,1508,1509
2,1508,1548
2,1508,1549
2,1509,1510
2,1509,1549
2,1509,1550
2,1510,1511
2,1510,1550
2,1510,1551
2,1511,1512
2,1511,1551
2,1511,1552
2,1512,1513
2,1512,1552
2,1512,1553
2,1513,1514
2,1513,1553
2,1513,1554
2,1514,1515
2,1514,1554
2,1514,1555
2,1515,1516
2,1515,1555
2,1515,1556
2,1516,1517
2,1516,1556
2,1516,1557
2,1517,1518
2,1517,1557
2,1517,1558
2,1518,1519
2,1518,1558
2,1518,1559
2,1519,1480
2,1519,1559
2,1519,1520
2,1520,1521
2,1520,1560
2,1520,1561
2,1521,1522
2,1521,1561
2,1521,1562
2,1522,1523
2,1522,1562
2,1522,1563
2,1523,1524
2,1523,1563
2,1523,1564
2,1524,1525
2,1524,1564
2,1524,1565
2,1525,1526
2,1525,1565
2,1525,1566
2,1526,1527
2,1526,1566
2,1526,1567
2,1527,1528
2,1527,1567
2,1527,1568
2,1528,1529
2,1528,1568
2,1528,1569
2,1529,1530
2,1529,1569
2,1529,1570
2,1530,1531
2,1530,1570
2,1530,1571
2,1531,1532
2,1531,1571
2,1531,1572
2,1532,1533
2,1532,1572
2,1532,1573
2,1533,1534
2,1533,1573
2,1533,1574
2,1534,1535
2,1534,1574
2,1534,1575
2,1535,1536
2,1535,1575
2,1535,1576
2,1536,1537
2,1536,1576
2,1536,1577
2,1537,1538
2,1537,1577
2,1537,1578
2,1538,1539
2,1538,1578
2,1538,1579
2,1539,1540
2,1539,1579
2,1539,1580
2,1540,1541
2,1540,1580
2,1540,1581
2,1541,1542
2,1541,1581
2,1541,1582
2,1542,1543
2,1542,1582
2,1542,1583
2,1543,1544
2,1543,1583
2,1543,1584
2,1544,1545
2,1544,1584
-2,1544,1585
2,1545,1546
2,1545,1585
2,1545,1586
2,1546,1547
2,1546,1586
2,1546,1587
2,1547,1548
2,1547,1587
-2,1547,1588
2,1548,1549
2,1548,1588
2,1548,1589
2,1549,1550
2,1549,1589
2,1549,1590
2,1550,1551
2,1550,1590
2,1550,1591
2,1551,1552
2,1551,1591
2,1551,1592
2,1552,1553
2,1552,1592
2,1552,1593
2,1553,1554
2,1553,1593
2,1553,1594
2,1554,1555
2,1554,1594
2,1554,1595
2,1555,1556
2,1555,1595
2,1555,1596
2,1556,1557
2,1556,1596
2,1556,1597
2,1557,1558
2,1557,1597
2,1557,1598
2,1558,1559
2,1558,1598
2,1558,1599
2,1559,1520
2,1559,1599
2,1559,1560
2,1560,1561
2,1560,0
2,1560,1
2,1561,1562
2,1561,1
2,1561,2
2,1562,1563
2,1562,2
2,1562,3
2,1563,1564
2,1563,3
2,1563,4
2,1564,1565
2,1564,4
2,1564,5
2,1565,1566
2,1565,5
2,1565,6
2,1566,1567
2,1566,6
2,1566,7
2,1567,1568
2,1567,7
2,1567,8
2,1568,1569
2,1568,8
2,1568,9
2,1569,1570
2,1569,9
2,1569,10
2,1570,1571
2,1570,10
2,1570,11
2,1571,1572
2,1571,11
2,1571,12
2,1572,1573
2,1572,12
2,1572,13
2,1573,1574
2,1573,13
2,1573,14
2,1574,1575
2,1574,14
2,1574,15
2,1575,1576
2,1575,15
-2,1575,16
2,1576,1577
2,1576,16
2,1576,17
2,1577,1578
2,1577,17
2,1577,18
2,1578,1579
2,1578,18
2,1578,19
2,1579,1580
2,1579,19
2,1579,20
2,1580,1581
2,1580,20
2,1580,21
2,1581,1582
2,1581,21
2,1581,22
2,1582,1583
2,1582,22
2,1582,23
2,1583,1584
-2,1583,23
2,1583,24
2,1584,1585
2,1584,24
2,1584,25
2,1585,1586
2,1585,25
2,1585,26
2,1586,1587
2,1586,26
2,1586,27
2,1587,1588
2,1587,27
-2,1587,28
2,1588,1589
2,1588,28
2,1588,29
2,1589,1590
2,1589,29
2,1589,30
2,1590,1591
2,1590,30
2,1590,31
2,1591,1592
2,1591,31
2,1591,32
2,1592,1593
2,1592,32
2,1592,33
2,1593,1594
2,1593,33
2,1593,34
2,1594,1595
2,1594,34
2,1594,35
2,1595,1596
2,1595,35
2,1595,36
2,1596,1597
2,1596,36
2,1596,37
2,1597,1598
2,1597,37
2,1597,38
2,1598,1599
2,1598,38
2,1598,39
2,1599,1560
2,1599,39
2,1599,0
