2.5,2.51,2.52,2.53,2.54,2.55,2.56,2.57,2.58,2.59,2.6,2.61,2.62,2.63,2.64,2.65,2.66,2.67,2.68,2.69,2.7,2.71,2.72,2.73,2.74,2.75,2.76,2.77,2.78,2.79,2.8,2.81,2.82,2.83,2.84,2.85,2.86,2.87,2.88,2.89,2.9,2.91,2.92,2.93,2.94,2.95,2.96,2.97,2.98,2.99,3,3.01,3.02,3.03,3.04,3.05,3.06,3.07,3.08,3.09,3.1,3.11,3.12,3.13,3.14,3.15,3.16,3.17,3.18,3.19,3.2,3.21,3.22,3.23,3.24,3.25,3.26,3.27,3.28,3.29,3.3,3.31,3.32,3.33,3.34,3.35,3.36,3.37,3.38,3.39,3.4,3.41,3.42,3.43,3.44,3.45,3.46,3.47,3.48,3.49,3.5,3.51,3.52,3.53,3.54,3.55,3.56,3.57,3.58,3.59,3.6,3.61,3.62,3.63,3.64,3.65,3.66,3.67,3.68,3.69,3.7,3.71,3.72,3.73,3.74,3.75,3.76,3.77,3.78,3.79,3.8,3.81,3.82,3.83,3.84,3.85,3.86,3.87,3.88,3.89,3.9,3.91,3.92,3.93,3.94,3.95,3.96,3.97,3.98,3.99,4,4.01,4.02,4.03,4.04,4.05,4.06,4.07,4.08,4.09,4.1,4.11,4.12,4.13,4.14,4.15,4.16,4.17,4.18,4.19,4.2,4.21,4.22,4.23,4.24,4.25,4.26,4.27,4.28,4.29,4.3,4.31,4.32,4.33,4.34,4.35,4.36,4.37,4.38,4.39,4.4,4.41,4.42,4.43,4.44,4.45,4.46,4.47,4.48,4.49,4.5
0.998308,0.998348,0.998315,0.998297,0.998192,0.998287,0.998293,0.998187,0.99811,0.997977,0.998,0.997948,0.997952,0.997905,0.99803,0.997925,0.99796,0.997845,0.997962,0.997637,0.997765,0.997637,0.997582,0.997517,0.99739,0.99757,0.997212,0.99745,0.997232,0.997112,0.99719,0.997157,0.99699,0.996933,0.996972,0.996993,0.99666,0.996835,0.99662,0.996547,0.99686,0.996585,0.996533,0.996345,0.996363,0.996238,0.996048,0.996398,0.99628,0.996102,0.996025,0.995837,0.99573,0.995877,0.995688,0.995727,0.995555,0.995675,0.9954,0.995363,0.995265,0.99501,0.994905,0.99513,0.989162,0.987037,0.994625,0.994812,0.994625,0.99452,0.99444,0.994302,0.99409,0.994172,0.993892,0.993958,0.993773,0.993778,0.993803,0.993383,0.9935,0.993295,0.993427,0.992973,0.993025,0.993032,0.992547,0.992353,0.992788,0.992403,0.991115,0.992243,0.992365,0.991845,0.99179,0.991935,0.991188,0.991668,0.991653,0.991475,0.99113,0.991095,0.99036,0.990758,0.990552,0.990482,0.990567,0.989963,0.99017,0.990035,0.989693,0.989122,0.989685,0.989252,0.988795,0.989277,0.988718,0.9888,0.988953,0.988632,0.988507,0.988485,0.98813,0.987807,0.987638,0.987737,0.98729,0.98711,0.987592,0.986793,0.986825,0.986452,0.986012,0.985892,0.986455,0.986313,0.985695,0.985467,0.985142,0.984965,0.984647,0.984458,0.984537,0.984075,0.984137,0.98403,0.983612,0.983733,0.98318,0.98343,0.983292,0.982477,0.982483,0.982408,0.981502,0.981903,0.981828,0.981122,0.98158,0.980867,0.981225,0.980152,0.980523,0.980348,0.980445,0.979533,0.979698,0.979288,0.979555,0.979537,0.979407,0.97843,0.978252,0.978025,0.977543,0.977858,0.977703,0.97689,0.976877,0.976882,0.976385,0.975368,0.975427,0.975243,0.975658,0.97504,0.974838,0.975285,0.974637,0.973862,0.973563,0.97404,0.973508,0.97208,0.97274,0.972727,0.97196,0.971758,0.971203,0.971572,0.97097
0.998418,0.998395,0.998325,0.99828,0.998238,0.998197,0.998112,0.998155,0.998175,0.998098,0.998038,0.998157,0.997983,0.998043,0.997858,0.997917,0.996603,0.997797,0.997783,0.997682,0.997695,0.997482,0.997522,0.997602,0.997582,0.99736,0.997355,0.997482,0.997358,0.997292,0.997258,0.997088,0.997007,0.996915,0.996942,0.99702,0.996967,0.99683,0.996593,0.996638,0.996638,0.996468,0.963748,0.996455,0.996383,0.996453,0.996447,0.995823,0.996087,0.996015,0.996232,0.995818,0.99577,0.995735,0.995692,0.9955,0.995652,0.995643,0.995593,0.995205,0.995198,0.995442,0.995063,0.994743,0.994948,0.991337,0.994658,0.994443,0.994575,0.994595,0.994485,0.994235,0.993948,0.9944,0.993922,0.993897,0.993607,0.993715,0.99375,0.993405,0.993518,0.993315,0.99345,0.993328,0.992983,0.992982,0.99287,0.993062,0.992588,0.992473,0.992273,0.992113,0.992312,0.992055,0.99216,0.99194,0.991767,0.99137,0.991227,0.991267,0.991487,0.991103,0.990962,0.990768,0.990817,0.99045,0.990233,0.989965,0.989963,0.98993,0.989668,0.989568,0.989112,0.989183,0.989037,0.989038,0.989032,0.988695,0.988817,0.988225,0.988352,0.987765,0.98748,0.987938,0.987898,0.987388,0.987535,0.986852,0.98726,0.986517,0.986642,0.972068,0.986498,0.985987,0.986058,0.985417,0.98537,0.985262,0.985463,0.985135,0.985163,0.984143,0.984445,0.984097,0.984727,0.983932,0.983317,0.983993,0.983825,0.98382,0.98291,0.98288,0.982488,0.981762,0.982657,0.98245,0.982473,0.981518,0.981233,0.980723,0.981262,0.980723,0.980477,0.972792,0.979865,0.979563,0.979852,0.979415,0.979215,0.978588,0.979012,0.9784,0.97856,0.978418,0.977233,0.946105,0.977513,0.976655,0.976373,0.976495,0.976512,0.975817,0.97606,0.974798,0.974972,0.974933,0.974413,0.974135,0.973817,0.974048,0.97356,0.973787,0.97327,0.972735,0.9728,0.972488,0.9711,0.971638,0.971775,0.971138,0.96972
0.998297,0.998367,0.998452,0.998262,0.998338,0.998303,0.998148,0.998028,0.998043,0.997992,0.99814,0.99788,0.99793,0.998007,0.99798,0.997865,0.997845,0.989803,0.997742,0.997545,0.99758,0.997623,0.99746,0.99748,0.99741,0.99739,0.997455,0.99742,0.997285,0.997117,0.997032,0.997168,0.997032,0.997023,0.996857,0.99668,0.9967,0.996858,0.996708,0.996687,0.996663,0.996498,0.996482,0.996525,0.996492,0.996177,0.996213,0.996148,0.99611,0.995838,0.99586,0.996008,0.995582,0.99581,0.995725,0.995682,0.99552,0.995542,0.995108,0.995292,0.995047,0.99499,0.99493,0.9948,0.994823,0.99487,0.994635,0.994585,0.99445,0.994683,0.994307,0.994403,0.994043,0.994262,0.993593,0.993803,0.99408,0.99361,0.993755,0.99324,0.993642,0.993518,0.993447,0.992885,0.99318,0.992785,0.984717,0.992663,0.993055,0.99226,0.992552,0.992293,0.992272,0.992087,0.992193,0.99192,0.991438,0.991295,0.991322,0.990858,0.991097,0.990997,0.990528,0.990967,0.990825,0.99039,0.990188,0.990327,0.989927,0.990177,0.989725,0.98975,0.989538,0.989627,0.98926,0.989257,0.988743,0.98869,0.988978,0.98827,0.988395,0.988108,0.988148,0.987682,0.988015,0.987692,0.987162,0.987562,0.98709,0.986432,0.986547,0.98688,0.98664,0.986642,0.986365,0.986337,0.985875,0.98547,0.985098,0.984982,0.985112,0.984852,0.984743,0.984625,0.984387,0.98403,0.983212,0.983803,0.983318,0.98303,0.983522,0.982792,0.982733,0.982382,0.982538,0.982138,0.98126,0.981787,0.981658,0.981147,0.981683,0.980912,0.980575,0.980363,0.9797,0.979965,0.979582,0.979452,0.978827,0.97901,0.978773,0.978083,0.977935,0.978282,0.97797,0.97781,0.977683,0.976288,0.976578,0.975805,0.976178,0.9768,0.975863,0.976052,0.974582,0.976045,0.975173,0.974817,0.973818,0.973827,0.973732,0.973487,0.973518,0.972673,0.97316,0.972467,0.972417,0.97267,0.971262,0.970502,0.971132
0.998432,0.998412,0.998387,0.998367,0.998303,0.998298,0.998208,0.998175,0.998143,0.998073,0.998073,0.99804,0.998002,0.997788,0.997827,0.997877,0.997807,0.997747,0.99783,0.997822,0.997708,0.997513,0.99751,0.99738,0.997557,0.997437,0.997437,0.9972,0.997107,0.997258,0.997255,0.997042,0.997085,0.997158,0.996967,0.99701,0.997088,0.996937,0.996675,0.996622,0.99691,0.996435,0.99624,0.99633,0.996495,0.996273,0.996215,0.99589,0.996213,0.995848,0.996138,0.995935,0.995668,0.995802,0.995482,0.995642,0.995472,0.99574,0.995442,0.995197,0.995288,0.995103,0.994927,0.995038,0.994717,0.994733,0.99491,0.994565,0.994427,0.994468,0.994323,0.994397,0.994308,0.994142,0.994143,0.993735,0.993627,0.993835,0.993625,0.993497,0.99342,0.993052,0.993222,0.993092,0.993205,0.99266,0.992933,0.992565,0.992385,0.992102,0.992542,0.992043,0.992293,0.992097,0.991835,0.992263,0.99185,0.991365,0.991365,0.991575,0.990745,0.991008,0.991038,0.990642,0.990738,0.990735,0.990188,0.9904,0.990267,0.99001,0.989922,0.989588,0.989375,0.989623,0.989537,0.988672,0.988842,0.988715,0.988863,0.988632,0.988392,0.988087,0.987882,0.98789,0.987968,0.987812,0.987185,0.987108,0.9869,0.986842,0.986873,0.98711,0.986677,0.98629,0.986033,0.985518,0.985608,0.98533,0.985398,0.98568,0.984653,0.98516,0.985033,0.984112,0.984113,0.973243,0.983885,0.983582,0.983288,0.983697,0.98342,0.982555,0.98256,0.983032,0.982107,0.981303,0.982173,0.982107,0.981423,0.9815,0.981582,0.980702,0.98023,0.980267,0.980477,0.979927,0.97962,0.978888,0.979658,0.978998,0.978588,0.933062,0.978278,0.977952,0.97805,0.977378,0.97668,0.977502,0.976522,0.976535,0.976877,0.975463,0.97521,0.976153,0.975475,0.9748,0.975025,0.974757,0.974708,0.974542,0.952495,0.974005,0.972665,0.972323,0.972508,0.972685,0.971925,0.971895,0.971643,0.97104,0.97094
0.998318,0.998568,0.99838,0.998287,0.998445,0.998212,0.998248,0.9981,0.998117,0.9982,0.998052,0.998103,0.997983,0.997895,0.997995,0.997932,0.997885,0.997737,0.997918,0.99763,0.997868,0.997572,0.997627,0.997598,0.997545,0.99765,0.997388,0.997407,0.99727,0.99719,0.997177,0.99709,0.997082,0.996942,0.996952,0.996883,0.996842,0.996853,0.996902,0.996647,0.996752,0.996512,0.996452,0.996443,0.996432,0.996232,0.996058,0.996113,0.996188,0.995938,0.995907,0.99604,0.995727,0.995758,0.995603,0.995623,0.995638,0.995543,0.995523,0.995383,0.995353,0.99519,0.995175,0.994915,0.99507,0.994832,0.994802,0.994725,0.994783,0.994283,0.994507,0.994228,0.994285,0.994235,0.993995,0.993725,0.993775,0.993917,0.993422,0.993428,0.99355,0.993172,0.993243,0.99306,0.993337,0.992912,0.992962,0.992727,0.992398,0.992983,0.992507,0.992145,0.992168,0.992047,0.991902,0.991745,0.991843,0.991685,0.991267,0.99118,0.991097,0.991323,0.99075,0.990765,0.990582,0.990413,0.990445,0.990528,0.990242,0.989648,0.989913,0.989828,0.98931,0.989355,0.98956,0.989187,0.988957,0.988748,0.988428,0.988573,0.988128,0.988145,0.987933,0.98761,0.987958,0.987502,0.98779,0.987452,0.986638,0.98717,0.986507,0.986562,0.986457,0.98602,0.986083,0.985495,0.985648,0.9857,0.985222,0.985417,0.98485,0.984618,0.984673,0.984373,0.984238,0.983558,0.983982,0.983672,0.983633,0.983423,0.98306,0.982978,0.982283,0.982477,0.981835,0.982285,0.981872,0.981573,0.981168,0.981838,0.980782,0.981142,0.98043,0.98015,0.980073,0.980343,0.980122,0.979228,0.978603,0.978768,0.978232,0.978808,0.978207,0.978383,0.97855,0.97781,0.976317,0.976628,0.97674,0.975887,0.976992,0.975638,0.975928,0.974712,0.97506,0.974462,0.974632,0.973055,0.97498,0.973882,0.97327,0.972992,0.972822,0.973138,0.972005,0.971885,0.971872,0.972068,0.972883,0.971298,0.970837
0.998372,0.998393,0.998282,0.998323,0.998188,0.997172,0.998213,0.998103,0.9982,0.998195,0.998053,0.997922,0.997988,0.997835,0.997977,0.997785,0.997778,0.997823,0.997805,0.997635,0.997793,0.997592,0.997578,0.97978,0.997495,0.997357,0.997498,0.997225,0.997188,0.997257,0.997193,0.997173,0.997243,0.996982,0.997043,0.996977,0.996803,0.996815,0.996868,0.996482,0.996717,0.99665,0.996525,0.996498,0.99648,0.996297,0.996332,0.996108,0.996058,0.996168,0.996193,0.99578,0.996163,0.99571,0.995973,0.995997,0.99569,0.99535,0.995303,0.995282,0.995117,0.994943,0.994882,0.995028,0.994858,0.994798,0.99479,0.994575,0.994795,0.994333,0.994515,0.9942,0.99433,0.994042,0.99413,0.994182,0.977822,0.993853,0.993818,0.993257,0.993593,0.993227,0.993065,0.993168,0.993002,0.992887,0.992712,0.99239,0.992817,0.99251,0.992187,0.992133,0.992015,0.992105,0.992035,0.991653,0.991475,0.991622,0.991438,0.991172,0.990803,0.990737,0.990682,0.99047,0.99038,0.990623,0.990332,0.990107,0.99023,0.989898,0.989503,0.989538,0.989535,0.989512,0.989427,0.988882,0.988803,0.989182,0.988655,0.98828,0.98849,0.988183,0.988202,0.988003,0.98777,0.98738,0.987982,0.986833,0.987288,0.987083,0.986475,0.986357,0.986442,0.986225,0.985648,0.985833,0.985343,0.98576,0.984818,0.984995,0.985023,0.984682,0.984555,0.984087,0.984162,0.983802,0.983407,0.983613,0.983715,0.983078,0.982917,0.982815,0.982995,0.982427,0.982152,0.982145,0.981708,0.982115,0.981165,0.981365,0.980947,0.980597,0.98031,0.980793,0.980455,0.979642,0.979805,0.979257,0.978902,0.97923,0.978762,0.978477,0.978047,0.978268,0.978372,0.977337,0.976973,0.97688,0.976745,0.976212,0.9761,0.97579,0.976265,0.975725,0.974898,0.974582,0.975018,0.974275,0.974037,0.9735,0.973423,0.973615,0.972692,0.973292,0.972942,0.972802,0.971663,0.971615,0.97157,0.972,0.97032
0.99845,0.998313,0.998227,0.998298,0.998228,0.998263,0.998232,0.99814,0.998022,0.998127,0.998118,0.998032,0.997905,0.998028,0.99792,0.997882,0.997903,0.997758,0.997768,0.99757,0.99771,0.997625,0.997618,0.99745,0.997517,0.997243,0.997447,0.997468,0.997407,0.997452,0.997207,0.997152,0.99709,0.997122,0.997103,0.99688,0.996888,0.996952,0.996778,0.996623,0.996588,0.9966,0.99672,0.99652,0.99639,0.996242,0.99628,0.996133,0.996242,0.995898,0.995975,0.995868,0.995805,0.995802,0.995678,0.99531,0.995517,0.995588,0.995372,0.995362,0.995188,0.995042,0.995048,0.995202,0.995022,0.994873,0.994862,0.994675,0.994645,0.994528,0.99424,0.99388,0.994292,0.994085,0.994313,0.993743,0.993935,0.993643,0.993685,0.993147,0.993443,0.993162,0.993218,0.99318,0.993042,0.992988,0.992558,0.992688,0.992547,0.992615,0.992158,0.992178,0.992342,0.99197,0.991782,0.991455,0.991862,0.991788,0.991142,0.990962,0.991427,0.990985,0.990783,0.990833,0.990427,0.990222,0.990105,0.990462,0.990278,0.989697,0.989782,0.989782,0.989282,0.989363,0.9888,0.989112,0.989175,0.988633,0.988093,0.988473,0.988318,0.988403,0.987972,0.987895,0.987813,0.988162,0.987247,0.987458,0.98725,0.986605,0.98699,0.98673,0.986473,0.985947,0.986318,0.98582,0.985573,0.985402,0.985585,0.985288,0.985138,0.984365,0.984068,0.984967,0.984657,0.983945,0.982347,0.984328,0.983247,0.982678,0.982985,0.98295,0.982205,0.982723,0.982215,0.981593,0.981788,0.982073,0.981793,0.981185,0.980598,0.980567,0.980725,0.980278,0.980148,0.979837,0.979692,0.979348,0.979185,0.97952,0.979083,0.978342,0.978592,0.978392,0.97805,0.977517,0.97727,0.97659,0.977078,0.976443,0.976108,0.977057,0.975947,0.975303,0.97584,0.975235,0.975025,0.974953,0.973652,0.973103,0.973312,0.9734,0.972888,0.973072,0.972538,0.972332,0.971958,0.971262,0.971277,0.971588,0.970812
0.998443,0.998385,0.99835,0.998233,0.99817,0.998158,0.998235,0.99815,0.998168,0.998082,0.998193,0.997957,0.998065,0.997952,0.99786,0.997405,0.997862,0.997883,0.99772,0.997717,0.997705,0.997712,0.997375,0.99753,0.99728,0.997408,0.997402,0.997173,0.997187,0.97672,0.996993,0.997153,0.997047,0.996795,0.996913,0.997025,0.996975,0.996837,0.9967,0.996753,0.996453,0.99642,0.996493,0.996417,0.996213,0.996395,0.996053,0.996165,0.996342,0.99615,0.995983,0.99601,0.99581,0.9958,0.995673,0.995788,0.99574,0.995352,0.995523,0.99519,0.99508,0.994927,0.99486,0.995013,0.995128,0.994618,0.994703,0.994758,0.994437,0.99428,0.9946,0.994112,0.99429,0.99419,0.993927,0.994102,0.993755,0.9937,0.993552,0.993663,0.993437,0.99326,0.993382,0.993193,0.993158,0.993032,0.992637,0.99256,0.992283,0.992485,0.9922,0.991898,0.99219,0.99193,0.99206,0.99191,0.991595,0.991578,0.991213,0.991118,0.990717,0.990925,0.990765,0.990962,0.990135,0.99052,0.990377,0.99042,0.990297,0.989783,0.990045,0.989408,0.98969,0.989622,0.989508,0.989128,0.9889,0.98908,0.988695,0.988345,0.988355,0.988765,0.98848,0.987263,0.987423,0.987547,0.987508,0.987262,0.986735,0.98697,0.986723,0.986543,0.986377,0.985962,0.985817,0.985865,0.985938,0.985563,0.985713,0.984815,0.985083,0.984857,0.984503,0.984927,0.98401,0.984102,0.983417,0.98366,0.983212,0.983242,0.98319,0.982755,0.982923,0.983097,0.981853,0.981555,0.982022,0.980583,0.98179,0.981272,0.981243,0.965057,0.9803,0.980603,0.980167,0.97957,0.97932,0.979902,0.979697,0.979513,0.978645,0.978527,0.978057,0.97845,0.977898,0.977428,0.976643,0.976617,0.97633,0.976455,0.976347,0.976072,0.975543,0.975238,0.975347,0.974958,0.974613,0.974178,0.974155,0.974048,0.973673,0.973313,0.973023,0.97257,0.97259,0.971605,0.971715,0.971842,0.97198,0.971305,0.970622
0.99842,0.99848,0.998412,0.998265,0.99828,0.998355,0.998198,0.998042,0.998142,0.998045,0.998002,0.9979,0.998048,0.99803,0.997942,0.981998,0.997718,0.997818,0.997767,0.997697,0.997643,0.997612,0.997747,0.997557,0.997505,0.997427,0.997348,0.997445,0.99757,0.997065,0.997303,0.997118,0.96717,0.997127,0.996953,0.996875,0.996698,0.996765,0.996612,0.996788,0.996683,0.996878,0.996645,0.996443,0.99635,0.996443,0.996085,0.996193,0.996032,0.995992,0.99576,0.996022,0.995892,0.995902,0.995548,0.995305,0.995367,0.995275,0.995123,0.995435,0.995385,0.994958,0.995115,0.994935,0.994848,0.994602,0.994858,0.994782,0.994545,0.994473,0.994308,0.994158,0.994285,0.994198,0.993853,0.993833,0.99382,0.993823,0.993442,0.993598,0.993527,0.993538,0.992955,0.993392,0.993347,0.992527,0.992857,0.992775,0.99257,0.992438,0.99233,0.992487,0.992288,0.991993,0.991925,0.991688,0.991645,0.991793,0.990977,0.991532,0.991,0.991165,0.990955,0.990928,0.990645,0.990358,0.99045,0.99037,0.990077,0.989685,0.989863,0.989788,0.989935,0.990035,0.9894,0.98899,0.98872,0.989077,0.989033,0.988055,0.98811,0.988398,0.987728,0.987892,0.987602,0.987505,0.987398,0.98695,0.987323,0.987312,0.987662,0.986968,0.986687,0.986237,0.985638,0.985922,0.985318,0.985217,0.985445,0.985253,0.98479,0.984908,0.984825,0.984517,0.984055,0.984077,0.984468,0.983817,0.983218,0.983128,0.983537,0.983332,0.982588,0.9827,0.98303,0.982313,0.981508,0.981952,0.98099,0.981647,0.981712,0.980612,0.981047,0.98059,0.980333,0.980602,0.979722,0.979997,0.979522,0.979152,0.978875,0.978597,0.978267,0.977685,0.97829,0.978305,0.976283,0.977242,0.976693,0.977007,0.976518,0.97624,0.975965,0.97504,0.97496,0.974368,0.975298,0.974095,0.974303,0.974022,0.974308,0.973267,0.973435,0.972842,0.971922,0.972832,0.971938,0.971363,0.971375,0.971267,0.97096
0.998473,0.97482,0.998343,0.998427,0.998273,0.998348,0.998178,0.998283,0.986885,0.998193,0.998082,0.988792,0.998065,0.997928,0.997938,0.958037,0.997898,0.997853,0.997612,0.997727,0.997732,0.997638,0.99756,0.9976,0.997408,0.997333,0.955188,0.997297,0.997293,0.99719,0.99713,0.99714,0.997042,0.997037,0.99694,0.996768,0.996745,0.996787,0.996715,0.996592,0.996775,0.996735,0.996465,0.996522,0.996642,0.99635,0.99628,0.996678,0.995855,0.996135,0.995987,0.995623,0.99579,0.995897,0.995912,0.995705,0.995468,0.995333,0.99524,0.995422,0.995062,0.995253,0.995223,0.994805,0.992365,0.994948,0.994648,0.994737,0.994665,0.994763,0.994392,0.994565,0.994052,0.994067,0.993877,0.994077,0.993715,0.993838,0.993667,0.993493,0.99372,0.993428,0.993422,0.993227,0.993053,0.993058,0.992687,0.992883,0.992608,0.992687,0.992065,0.992667,0.992213,0.992033,0.991952,0.978762,0.991735,0.991593,0.991663,0.991482,0.99103,0.990852,0.990958,0.990697,0.990233,0.989988,0.990312,0.990192,0.98985,0.990038,0.989557,0.989815,0.989892,0.989505,0.988815,0.988877,0.98871,0.988698,0.98846,0.988617,0.987935,0.988098,0.987728,0.98762,0.987903,0.987608,0.986792,0.987615,0.987288,0.986853,0.986867,0.986418,0.986317,0.98603,0.98551,0.98598,0.985938,0.985768,0.985278,0.985067,0.984723,0.984742,0.984565,0.983837,0.983935,0.984337,0.983495,0.983705,0.98413,0.982775,0.983668,0.983092,0.982792,0.982517,0.982095,0.982043,0.981448,0.981748,0.981097,0.981207,0.980377,0.980368,0.981322,0.979757,0.9801,0.97942,0.979428,0.97977,0.979042,0.978838,0.978073,0.978527,0.97794,0.978145,0.977282,0.977387,0.977765,0.977088,0.976722,0.977132,0.976367,0.97547,0.976325,0.975313,0.97499,0.975303,0.9746,0.974622,0.974737,0.974208,0.974032,0.973493,0.972845,0.972135,0.973152,0.971442,0.971868,0.971948,0.972047,0.971633,0.970102
0.998513,0.998425,0.998228,0.998368,0.99829,0.998247,0.998363,0.998023,0.998077,0.998042,0.997957,0.997828,0.99786,0.997967,0.997972,0.997848,0.998,0.997868,0.997887,0.9976,0.997578,0.997677,0.997578,0.997597,0.995725,0.997412,0.997413,0.99372,0.997155,0.99706,0.997172,0.997068,0.997025,0.957625,0.997125,0.996755,0.996928,0.996937,0.996635,0.996748,0.996708,0.996325,0.996502,0.996573,0.996225,0.9962,0.99632,0.996232,0.996133,0.995852,0.996017,0.995845,0.99589,0.995767,0.995762,0.995728,0.995578,0.995327,0.995428,0.995402,0.99508,0.995048,0.995023,0.994907,0.994832,0.994665,0.99464,0.994887,0.994688,0.994442,0.994368,0.994203,0.993715,0.994358,0.994053,0.993853,0.993743,0.993953,0.993465,0.99361,0.993382,0.993537,0.993193,0.993018,0.993055,0.993037,0.992622,0.992798,0.992463,0.99251,0.992155,0.992238,0.991955,0.991643,0.99172,0.991873,0.99168,0.991272,0.991385,0.990987,0.991137,0.99108,0.991052,0.990807,0.990518,0.990137,0.99033,0.98997,0.989947,0.990298,0.989365,0.99008,0.989317,0.989187,0.988878,0.988977,0.989215,0.989102,0.98859,0.988463,0.988852,0.987843,0.987722,0.987723,0.988147,0.987073,0.987078,0.987552,0.987145,0.987045,0.986547,0.98675,0.986262,0.986137,0.986017,0.985853,0.985175,0.985102,0.98489,0.985328,0.984693,0.985028,0.98483,0.98484,0.98435,0.98408,0.984053,0.983755,0.983717,0.983848,0.982918,0.982982,0.98251,0.98213,0.982455,0.982013,0.981193,0.981438,0.980977,0.980965,0.981008,0.98058,0.981008,0.980502,0.97999,0.979722,0.979303,0.979692,0.9792,0.978662,0.978725,0.978222,0.978142,0.978623,0.97793,0.977497,0.97726,0.97732,0.976595,0.976807,0.976493,0.97606,0.974933,0.975352,0.975263,0.974892,0.97504,0.974433,0.973827,0.974505,0.974072,0.973602,0.97272,0.972887,0.972295,0.972727,0.971888,0.972003,0.971987,0.971317,0.970152
0.998403,0.998357,0.998407,0.998335,0.998303,0.998177,0.99821,0.998277,0.998225,0.998127,0.998003,0.997997,0.998053,0.998038,0.99792,0.997837,0.997815,0.99772,0.99769,0.997613,0.997822,0.997628,0.997733,0.997637,0.997678,0.997522,0.997447,0.997325,0.99729,0.997148,0.99719,0.997317,0.997073,0.997073,0.996998,0.996873,0.996755,0.996597,0.996778,0.996828,0.996687,0.99673,0.996545,0.996428,0.996285,0.99626,0.996365,0.996293,0.996213,0.996083,0.995818,0.995742,0.995713,0.995842,0.995708,0.99571,0.995547,0.995412,0.99555,0.995403,0.995358,0.995138,0.99506,0.995145,0.994872,0.99479,0.994807,0.994787,0.994713,0.994447,0.994332,0.994167,0.994035,0.99404,0.994105,0.993873,0.993638,0.993665,0.993538,0.993302,0.993787,0.993133,0.993072,0.993257,0.992913,0.992813,0.992972,0.992388,0.992662,0.992378,0.992448,0.992323,0.99221,0.991883,0.991703,0.99181,0.991487,0.991313,0.991147,0.99102,0.990943,0.990953,0.991295,0.99076,0.990242,0.990678,0.990322,0.990335,0.990152,0.990378,0.989963,0.989535,0.989373,0.989112,0.989077,0.989233,0.988715,0.988887,0.988307,0.988677,0.988273,0.988107,0.98816,0.987738,0.987932,0.987957,0.987027,0.987547,0.986907,0.98669,0.986862,0.986718,0.98626,0.985787,0.985693,0.985635,0.985958,0.985718,0.985068,0.984927,0.98488,0.984692,0.984053,0.984167,0.984135,0.984103,0.983993,0.98362,0.983173,0.983468,0.982893,0.982735,0.98287,0.982368,0.982208,0.981973,0.982127,0.981732,0.981452,0.981563,0.981018,0.981213,0.980595,0.980295,0.979923,0.979993,0.97931,0.979115,0.978945,0.978522,0.978345,0.978818,0.97811,0.977805,0.977433,0.978265,0.97666,0.977123,0.97724,0.976318,0.97594,0.976435,0.975967,0.975862,0.97516,0.9749,0.974465,0.975055,0.973585,0.973488,0.973683,0.973335,0.973423,0.972777,0.972748,0.972625,0.972062,0.971877,0.971365,0.971703,0.970843
0.998525,0.998437,0.99824,0.99838,0.998302,0.998272,0.998388,0.998065,0.998118,0.998067,0.997982,0.997853,0.997885,0.997992,0.997997,0.997873,0.998025,0.997827,0.997912,0.997625,0.963677,0.997702,0.997553,0.997638,0.99752,0.997453,0.997472,0.997485,0.997197,0.997102,0.997213,0.99711,0.997067,0.997183,0.997067,0.996813,0.99687,0.996978,0.996693,0.99679,0.99675,0.996367,0.99656,0.996615,0.996267,0.996242,0.996362,0.996273,0.996192,0.995893,0.996058,0.995887,0.995932,0.995808,0.99582,0.995687,0.99562,0.995368,0.99547,0.995443,0.995122,0.99509,0.995082,0.994948,0.994873,0.994707,0.994682,0.994928,0.99473,0.994483,0.99441,0.994245,0.993757,0.994417,0.99407,0.993937,0.99376,0.99397,0.993482,0.993627,0.993398,0.993553,0.99321,0.993035,0.993072,0.99312,0.992638,0.992882,0.99248,0.992527,0.992172,0.992255,0.991972,0.991727,0.991737,0.991957,0.991697,0.991288,0.991402,0.991003,0.991153,0.991097,0.991068,0.986172,0.990435,0.990153,0.990413,0.990053,0.989963,0.990215,0.989448,0.990097,0.989333,0.98927,0.988895,0.98906,0.989232,0.989118,0.988607,0.98848,0.988768,0.987927,0.987738,0.98774,0.988163,0.987157,0.987095,0.987635,0.987228,0.987062,0.98663,0.986833,0.986258,0.986073,0.985997,0.985933,0.985155,0.985022,0.98487,0.985308,0.984613,0.985008,0.98481,0.98476,0.98427,0.98406,0.984033,0.983735,0.983697,0.983828,0.982898,0.982962,0.98249,0.98211,0.982435,0.982093,0.981173,0.981418,0.980957,0.980945,0.980928,0.98056,0.980988,0.980422,0.97997,0.979702,0.979223,0.979672,0.97928,0.978642,0.978705,0.978202,0.978122,0.978603,0.97791,0.977417,0.97718,0.9774,0.976575,0.976787,0.976473,0.97598,0.975013,0.975332,0.975243,0.974812,0.97502,0.974413,0.973807,0.972373,0.974052,0.973582,0.9727,0.972887,0.972295,0.972727,0.971888,0.972003,0.971987,0.971317,0.970152
0.99833,0.998393,0.99823,0.998457,0.998275,0.998183,0.998135,0.998242,0.998102,0.998033,0.997947,0.997987,0.998152,0.997848,0.998012,0.997737,0.997903,0.997823,0.997807,0.997622,0.997678,0.99772,0.997525,0.997597,0.997403,0.997347,0.997435,0.997243,0.997193,0.997162,0.997112,0.997098,0.997258,0.997187,0.996987,0.997022,0.996805,0.996753,0.996707,0.996707,0.996728,0.996478,0.996342,0.996338,0.996403,0.99627,0.996185,0.99617,0.996237,0.996245,0.996003,0.995898,0.99596,0.995785,0.995712,0.995762,0.995668,0.995457,0.99544,0.995685,0.995322,0.995345,0.995118,0.995077,0.994965,0.994932,0.994878,0.994675,0.99428,0.994662,0.994302,0.994315,0.994288,0.993902,0.99404,0.993838,0.994067,0.993735,0.993673,0.993578,0.993477,0.993148,0.993447,0.993215,0.993067,0.992605,0.978292,0.99268,0.992605,0.992392,0.992153,0.992152,0.99047,0.992372,0.991787,0.991975,0.991762,0.991517,0.991692,0.991207,0.990925,0.990937,0.990752,0.991112,0.990772,0.99088,0.990655,0.990583,0.99012,0.989538,0.989878,0.989472,0.989863,0.989658,0.988853,0.988905,0.988717,0.988293,0.988858,0.988383,0.988217,0.987938,0.988285,0.987877,0.988018,0.987492,0.987412,0.987757,0.986822,0.986697,0.986652,0.986858,0.9866,0.986257,0.986218,0.985882,0.985595,0.98572,0.98454,0.98542,0.985187,0.985017,0.984943,0.984813,0.984507,0.984452,0.983975,0.98357,0.98364,0.982887,0.982187,0.982472,0.982707,0.982203,0.981223,0.982132,0.981963,0.981575,0.98188,0.981615,0.980705,0.980867,0.980067,0.980363,0.980038,0.980457,0.979492,0.979418,0.97926,0.978568,0.978828,0.978775,0.978372,0.97899,0.977667,0.977925,0.977885,0.977095,0.976493,0.97667,0.976183,0.976695,0.975982,0.97595,0.975222,0.974867,0.975262,0.974443,0.974702,0.973807,0.973088,0.97345,0.972993,0.973443,0.972563,0.972055,0.97242,0.971905,0.970953,0.970575,0.97147
0.998347,0.998458,0.9983,0.998263,0.998263,0.998243,0.998213,0.998083,0.978165,0.998135,0.998093,0.99796,0.997952,0.997985,0.99801,0.997893,0.99795,0.997697,0.997988,0.997782,0.997722,0.99759,0.997425,0.997658,0.997437,0.997417,0.997188,0.997433,0.997332,0.997097,0.997163,0.997125,0.997093,0.997027,0.99691,0.996928,0.99692,0.99684,0.99679,0.996698,0.996687,0.996497,0.996508,0.99643,0.996282,0.996378,0.996333,0.995997,0.99587,0.995913,0.996007,0.995873,0.995922,0.995758,0.9958,0.995685,0.995512,0.995472,0.995573,0.995347,0.995203,0.995157,0.995275,0.99504,0.995057,0.993458,0.994428,0.994262,0.99464,0.994618,0.994442,0.994127,0.994288,0.994325,0.993877,0.993658,0.99361,0.993683,0.993723,0.99356,0.99343,0.993447,0.992837,0.993297,0.992862,0.993052,0.992353,0.992623,0.992657,0.992733,0.992643,0.99209,0.9924,0.991907,0.99153,0.991808,0.991472,0.991443,0.99137,0.991333,0.991247,0.990815,0.990877,0.990723,0.991033,0.990492,0.990327,0.990283,0.990088,0.989613,0.990095,0.989623,0.98944,0.989163,0.988867,0.98929,0.988588,0.988685,0.988647,0.988555,0.98815,0.988293,0.987945,0.98803,0.987745,0.987458,0.98815,0.98733,0.98719,0.986878,0.98678,0.98718,0.986162,0.98596,0.985748,0.985793,0.985763,0.985853,0.985195,0.985442,0.984912,0.985117,0.984728,0.984385,0.984177,0.984063,0.984103,0.983838,0.983582,0.983168,0.983328,0.982942,0.9828,0.982715,0.981932,0.982053,0.981477,0.981363,0.98201,0.980943,0.981072,0.980855,0.980988,0.980913,0.980502,0.980253,0.979635,0.97886,0.974853,0.979413,0.97863,0.978673,0.97825,0.978287,0.977623,0.977312,0.977477,0.977157,0.976678,0.976313,0.976712,0.976165,0.975455,0.975992,0.975498,0.975297,0.975052,0.974687,0.974053,0.973687,0.974323,0.97334,0.97319,0.97288,0.972677,0.972232,0.972278,0.971407,0.971777,0.971187,0.971055
0.998483,0.99835,0.99844,0.998392,0.998317,0.998293,0.998248,0.998112,0.998232,0.99798,0.998027,0.997995,0.998048,0.997908,0.997922,0.99791,0.99788,0.997828,0.997827,0.997682,0.997785,0.997573,0.997583,0.997543,0.997443,0.974687,0.9974,0.997378,0.997327,0.997318,0.997132,0.99718,0.997218,0.996875,0.996977,0.99702,0.996852,0.996787,0.99672,0.996782,0.996343,0.996623,0.996505,0.996498,0.996487,0.99644,0.996265,0.996177,0.996085,0.995755,0.99604,0.996072,0.996033,0.995883,0.995643,0.995707,0.995457,0.995422,0.995555,0.995305,0.995152,0.995085,0.994945,0.99537,0.994888,0.994728,0.994727,0.994535,0.994378,0.994295,0.994308,0.99418,0.994347,0.99426,0.980802,0.994,0.993835,0.993542,0.993545,0.993183,0.99307,0.993192,0.993218,0.993353,0.992868,0.992903,0.992357,0.99262,0.99271,0.992698,0.992438,0.991883,0.992132,0.991895,0.991867,0.991775,0.984848,0.991538,0.991327,0.991303,0.991442,0.991287,0.990695,0.990945,0.99066,0.99039,0.990123,0.989757,0.990028,0.990045,0.990078,0.989753,0.989393,0.98963,0.989242,0.98933,0.988703,0.988373,0.988597,0.988525,0.988335,0.987173,0.988048,0.987732,0.987732,0.987773,0.987628,0.986837,0.986743,0.986985,0.986572,0.986322,0.986737,0.986202,0.986177,0.985752,0.985458,0.98568,0.985445,0.985413,0.985277,0.984535,0.985057,0.984475,0.984178,0.983907,0.983748,0.98372,0.983505,0.982127,0.982953,0.983305,0.982143,0.982283,0.982268,0.981775,0.982073,0.98129,0.981353,0.981627,0.981108,0.98094,0.980352,0.979987,0.979975,0.980013,0.979948,0.97934,0.978918,0.979452,0.97832,0.978323,0.978045,0.978305,0.977863,0.977868,0.977412,0.977498,0.976547,0.976772,0.976678,0.976387,0.976355,0.97554,0.974992,0.975103,0.974263,0.97531,0.974748,0.974058,0.973625,0.973957,0.973772,0.972405,0.971858,0.972482,0.972105,0.972428,0.971383,0.971555,0.970538
0.998358,0.998483,0.998325,0.998337,0.998262,0.998212,0.998095,0.998038,0.99807,0.998137,0.998043,0.998028,0.99801,0.997862,0.997985,0.997908,0.997727,0.997642,0.997812,0.997677,0.997688,0.997715,0.997512,0.99752,0.99744,0.993542,0.997443,0.997213,0.997385,0.997208,0.9973,0.997058,0.99713,0.997175,0.996958,0.99699,0.996778,0.996678,0.996632,0.99687,0.996618,0.996607,0.996452,0.996453,0.996157,0.996382,0.996373,0.996045,0.996242,0.995948,0.995982,0.995663,0.995887,0.99577,0.9956,0.995338,0.995722,0.995423,0.995542,0.99522,0.994933,0.995107,0.995165,0.994795,0.994882,0.99476,0.99461,0.994485,0.994813,0.994468,0.994363,0.994502,0.994285,0.994225,0.993752,0.993837,0.993413,0.993358,0.993603,0.993435,0.993497,0.99341,0.993288,0.993275,0.99307,0.992837,0.99277,0.992712,0.992545,0.992508,0.992098,0.992082,0.99178,0.991942,0.991862,0.991495,0.991658,0.991632,0.991247,0.991217,0.991075,0.990977,0.991013,0.991097,0.990367,0.990605,0.990452,0.990035,0.990165,0.990233,0.989943,0.981077,0.98943,0.989485,0.98922,0.98909,0.988723,0.988682,0.988805,0.98834,0.988167,0.988312,0.987685,0.987273,0.987345,0.987598,0.987187,0.986695,0.987577,0.98684,0.986555,0.986408,0.986217,0.986607,0.985833,0.98566,0.9857,0.985958,0.985293,0.984848,0.985752,0.984715,0.98438,0.984652,0.984413,0.98406,0.983885,0.983732,0.983455,0.98316,0.982788,0.94731,0.982443,0.982647,0.982332,0.982035,0.981443,0.981527,0.981333,0.98105,0.98103,0.98113,0.98087,0.980015,0.979695,0.979835,0.979245,0.979422,0.979293,0.978428,0.97828,0.977553,0.97803,0.978057,0.97797,0.97765,0.977105,0.97648,0.977187,0.977158,0.975737,0.975662,0.976122,0.976215,0.975282,0.975097,0.975338,0.973818,0.974487,0.973775,0.973603,0.973803,0.973892,0.972717,0.972483,0.971592,0.972282,0.971985,0.97175,0.971635,0.970945
0.99843,0.998347,0.99835,0.96519,0.998248,0.998262,0.998128,0.998058,0.98861,0.998158,0.998105,0.998132,0.998018,0.997897,0.997877,0.997808,0.997973,0.997848,0.997803,0.997727,0.997713,0.997467,0.997567,0.997597,0.997357,0.99737,0.99728,0.997333,0.997188,0.997358,0.99716,0.997142,0.992683,0.99692,0.996997,0.996985,0.99681,0.996838,0.996678,0.9965,0.99668,0.996522,0.996487,0.996493,0.995962,0.996192,0.996413,0.996058,0.996095,0.9963,0.996017,0.995953,0.995838,0.99576,0.995718,0.995738,0.995542,0.995483,0.99555,0.99517,0.99522,0.994943,0.995172,0.994955,0.994837,0.994752,0.99464,0.994617,0.994633,0.99404,0.994335,0.99427,0.994288,0.993932,0.993997,0.993865,0.993797,0.993927,0.993588,0.993487,0.99361,0.993265,0.993152,0.993218,0.992955,0.992785,0.993013,0.992662,0.992617,0.992482,0.992407,0.992383,0.991955,0.991873,0.991643,0.991688,0.991682,0.991408,0.991523,0.99125,0.991158,0.991257,0.990693,0.990697,0.990497,0.990557,0.990175,0.990445,0.990247,0.990163,0.98963,0.989947,0.989743,0.989382,0.98918,0.98898,0.98919,0.989007,0.988802,0.988575,0.988312,0.988018,0.988082,0.988542,0.988055,0.987765,0.9871,0.987465,0.98706,0.986372,0.986935,0.986685,0.98626,0.986037,0.98608,0.985663,0.985585,0.985177,0.985693,0.985188,0.985545,0.984515,0.984432,0.984177,0.984278,0.984245,0.984177,0.983323,0.983535,0.983223,0.983588,0.982962,0.983117,0.98297,0.982497,0.981868,0.981787,0.981522,0.981737,0.980983,0.981555,0.98063,0.980588,0.980195,0.979922,0.980088,0.979852,0.978648,0.978775,0.979117,0.979283,0.978985,0.978397,0.978537,0.977597,0.977608,0.977615,0.97735,0.97719,0.976908,0.977127,0.97576,0.97567,0.974528,0.975137,0.974665,0.974565,0.974548,0.974312,0.973643,0.973985,0.9738,0.973155,0.97331,0.97248,0.972437,0.972192,0.971255,0.9715,0.971338,0.971502
0.998385,0.998395,0.998282,0.998333,0.99832,0.998237,0.998267,0.998078,0.998108,0.99818,0.998085,0.997907,0.998073,0.997997,0.997855,0.997807,0.997837,0.997733,0.99767,0.997835,0.997668,0.99752,0.997585,0.939198,0.997683,0.997433,0.99722,0.997278,0.99718,0.997357,0.997128,0.997115,0.996857,0.997053,0.99696,0.996788,0.997032,0.997027,0.99679,0.989873,0.996717,0.99648,0.996417,0.996268,0.996442,0.996297,0.996247,0.996317,0.995913,0.99608,0.996065,0.995977,0.995898,0.99572,0.995462,0.995713,0.995525,0.99568,0.995405,0.995412,0.995147,0.994958,0.995367,0.99513,0.995028,0.994757,0.994655,0.994838,0.994232,0.994467,0.994355,0.994303,0.994113,0.993927,0.994123,0.99405,0.993937,0.99383,0.993583,0.993697,0.993477,0.993455,0.993182,0.993245,0.992882,0.992482,0.993043,0.992828,0.992625,0.992507,0.992465,0.992373,0.991708,0.991962,0.991977,0.992105,0.991748,0.992008,0.99156,0.991032,0.991037,0.990602,0.990725,0.990878,0.990615,0.990853,0.990318,0.990462,0.990037,0.989875,0.989582,0.99002,0.98941,0.989047,0.989183,0.988637,0.988918,0.98868,0.988468,0.98824,0.988617,0.988178,0.988153,0.987922,0.987573,0.987628,0.987593,0.98706,0.987203,0.986455,0.986677,0.98649,0.98633,0.986122,0.98604,0.985952,0.98577,0.98567,0.985113,0.985403,0.985282,0.984397,0.984652,0.984785,0.984142,0.984115,0.983702,0.98361,0.983492,0.983135,0.982948,0.982928,0.982848,0.982345,0.982803,0.982273,0.981862,0.982152,0.981943,0.981833,0.980717,0.980602,0.98113,0.980033,0.979788,0.980133,0.978892,0.979172,0.97905,0.979198,0.97848,0.97932,0.978252,0.977717,0.977617,0.977532,0.976877,0.977018,0.97704,0.97738,0.976672,0.975668,0.975775,0.975407,0.975192,0.975147,0.974755,0.974487,0.974363,0.973468,0.973302,0.97321,0.972715,0.97328,0.972437,0.972238,0.972108,0.971242,0.971952,0.97085,0.970835
0.998492,0.998308,0.998288,0.998433,0.998308,0.99837,0.99823,0.99829,0.998137,0.998088,0.998033,0.997822,0.99795,0.997838,0.997962,0.99794,0.997858,0.997823,0.997857,0.997773,0.9977,0.997587,0.99744,0.997268,0.997437,0.997443,0.997435,0.997427,0.997247,0.997058,0.9972,0.997122,0.997057,0.996865,0.996923,0.996945,0.996873,0.996785,0.996692,0.996672,0.996645,0.996365,0.996618,0.996422,0.996308,0.9965,0.996295,0.996085,0.996282,0.995982,0.996252,0.995927,0.995768,0.995555,0.995588,0.99564,0.995782,0.995542,0.995198,0.99571,0.995262,0.995195,0.995503,0.995023,0.994998,0.995105,0.994717,0.994705,0.994782,0.994518,0.99451,0.994045,0.994185,0.994,0.994192,0.993968,0.993775,0.9939,0.993695,0.99375,0.993337,0.993473,0.993237,0.993102,0.992997,0.992993,0.993043,0.992663,0.992582,0.992588,0.99246,0.991987,0.992265,0.991878,0.991755,0.991935,0.991785,0.991633,0.991152,0.991382,0.990712,0.99091,0.991028,0.99066,0.990932,0.990373,0.990357,0.989945,0.990408,0.98998,0.98986,0.989683,0.989635,0.989388,0.989007,0.989222,0.98946,0.988752,0.988648,0.988762,0.987965,0.988075,0.988178,0.98827,0.987745,0.987697,0.98739,0.987198,0.986965,0.987012,0.986735,0.986825,0.986463,0.986103,0.98588,0.98593,0.985783,0.985493,0.985205,0.985122,0.984898,0.985263,0.9845,0.98463,0.984232,0.983978,0.984128,0.983105,0.983387,0.983683,0.982982,0.982825,0.982108,0.982252,0.982355,0.982765,0.98151,0.981553,0.981677,0.981095,0.981418,0.980807,0.980018,0.98045,0.980767,0.980172,0.979967,0.97941,0.979242,0.97849,0.978573,0.978252,0.978272,0.978303,0.977767,0.977328,0.977605,0.976963,0.97716,0.976647,0.977005,0.976127,0.975543,0.975412,0.975483,0.975332,0.975063,0.973535,0.975037,0.974347,0.973438,0.973477,0.973828,0.973112,0.972907,0.97235,0.972472,0.971585,0.97215,0.971702,0.971237
0.99849,0.998455,0.998363,0.998358,0.998318,0.998272,0.998228,0.998107,0.998037,0.998278,0.998215,0.99799,0.997953,0.997997,0.997698,0.997983,0.997865,0.997815,0.997748,0.997848,0.99778,0.997732,0.997438,0.997515,0.997565,0.997473,0.997453,0.997508,0.981402,0.997193,0.997047,0.997125,0.997075,0.99687,0.996863,0.996892,0.996908,0.996988,0.99692,0.996565,0.996477,0.996605,0.996253,0.996305,0.996273,0.99642,0.996395,0.996018,0.995988,0.995768,0.99577,0.995942,0.99594,0.995793,0.995847,0.995497,0.995645,0.995437,0.995385,0.995295,0.995285,0.99502,0.995162,0.994968,0.995068,0.994692,0.99491,0.99456,0.994585,0.994183,0.994438,0.994012,0.994292,0.993915,0.993877,0.993677,0.99394,0.993677,0.993718,0.993628,0.993477,0.993437,0.971603,0.993417,0.993077,0.993235,0.99116,0.992402,0.992403,0.99254,0.992132,0.992418,0.991972,0.992052,0.991728,0.99192,0.991748,0.991198,0.99133,0.99149,0.9913,0.991123,0.991045,0.990845,0.990343,0.99013,0.990117,0.989965,0.989783,0.989675,0.989997,0.989508,0.989397,0.98967,0.98876,0.98886,0.988683,0.988857,0.988615,0.988542,0.98846,0.987558,0.988165,0.987748,0.987392,0.987532,0.986698,0.985638,0.97574,0.986773,0.986425,0.986383,0.986313,0.986638,0.98596,0.985362,0.985852,0.985138,0.985592,0.985258,0.984745,0.984733,0.984802,0.984397,0.984152,0.984112,0.984058,0.983743,0.983587,0.983155,0.9831,0.982732,0.983467,0.982112,0.982103,0.981875,0.981642,0.981453,0.981447,0.981032,0.980807,0.98069,0.980598,0.980108,0.98029,0.980013,0.979193,0.979443,0.978393,0.978605,0.97881,0.978195,0.978442,0.978405,0.97809,0.97732,0.978037,0.977672,0.977285,0.976693,0.976055,0.976153,0.97493,0.976018,0.97532,0.97563,0.974632,0.974202,0.975092,0.973252,0.97357,0.973395,0.972708,0.973163,0.972427,0.971992,0.97241,0.97263,0.971857,0.972365,0.970623
0.998403,0.998372,0.998265,0.998298,0.998295,0.998233,0.998087,0.998217,0.998198,0.99824,0.997987,0.99813,0.998067,0.99803,0.997965,0.997897,0.997762,0.997788,0.997672,0.997885,0.99777,0.997522,0.997433,0.997538,0.997387,0.997453,0.997417,0.99724,0.997005,0.997212,0.992268,0.997063,0.997305,0.99716,0.996985,0.996783,0.996837,0.996718,0.996653,0.996758,0.996503,0.99673,0.99653,0.996312,0.996233,0.996505,0.996233,0.996215,0.99613,0.995945,0.995927,0.996007,0.996078,0.995748,0.995618,0.995545,0.995553,0.995215,0.995547,0.995378,0.995305,0.995157,0.995047,0.99517,0.994825,0.994918,0.994783,0.994893,0.994537,0.994625,0.994192,0.99413,0.993843,0.993955,0.994235,0.994,0.993895,0.993628,0.993635,0.99315,0.993395,0.993093,0.993178,0.992965,0.992932,0.993082,0.992845,0.992547,0.992452,0.992508,0.992328,0.992222,0.992192,0.991767,0.991982,0.991717,0.991697,0.991798,0.991515,0.990938,0.991272,0.990867,0.99084,0.990638,0.990562,0.990763,0.990627,0.989948,0.990245,0.989963,0.989863,0.989875,0.989607,0.988963,0.989165,0.988918,0.989038,0.989397,0.988932,0.988498,0.988162,0.987817,0.988288,0.987817,0.988097,0.98711,0.987147,0.987367,0.987207,0.98704,0.98669,0.986773,0.986593,0.986823,0.98573,0.98621,0.985947,0.985677,0.9852,0.985403,0.985113,0.984975,0.985022,0.984372,0.984392,0.983962,0.983205,0.983513,0.983335,0.983328,0.983167,0.982887,0.98284,0.982395,0.981835,0.98227,0.98137,0.981552,0.98164,0.981172,0.980748,0.980662,0.980537,0.980248,0.98054,0.979025,0.980155,0.97937,0.979592,0.979127,0.979072,0.97902,0.978042,0.978573,0.977785,0.97772,0.976933,0.976813,0.97757,0.976872,0.976042,0.976382,0.976068,0.975378,0.975378,0.974327,0.975277,0.974062,0.974527,0.97425,0.973943,0.973237,0.973473,0.972333,0.972478,0.972417,0.97195,0.97143,0.97089,0.971162,0.970708
0.998245,0.998427,0.998297,0.99837,0.998303,0.998265,0.998315,0.986838,0.998045,0.997947,0.998113,0.997887,0.998035,0.998065,0.998002,0.997857,0.997777,0.997757,0.9977,0.997845,0.997532,0.997367,0.997548,0.99764,0.997405,0.997453,0.997405,0.997283,0.997168,0.997222,0.997172,0.997028,0.996977,0.99708,0.997215,0.996972,0.99693,0.996753,0.996823,0.99674,0.996652,0.99638,0.996353,0.996557,0.996237,0.985997,0.996382,0.996317,0.996118,0.996275,0.996047,0.996117,0.995825,0.995892,0.995587,0.995668,0.995513,0.995212,0.995452,0.995218,0.99535,0.99516,0.995143,0.995273,0.995137,0.994977,0.994713,0.994715,0.994352,0.994473,0.994325,0.994403,0.994558,0.994062,0.994225,0.99374,0.994072,0.993667,0.993527,0.993383,0.993252,0.993623,0.993218,0.993048,0.993093,0.992957,0.992903,0.992678,0.992622,0.992377,0.992115,0.992445,0.99181,0.991825,0.9921,0.983735,0.991372,0.991587,0.990947,0.991148,0.991215,0.99094,0.990832,0.990777,0.990438,0.989972,0.99072,0.99017,0.989947,0.989817,0.989687,0.989752,0.989487,0.98931,0.984135,0.989022,0.988733,0.988598,0.988853,0.988757,0.988385,0.988188,0.988072,0.987448,0.988128,0.987583,0.98737,0.987393,0.98697,0.98669,0.98651,0.986078,0.986708,0.986093,0.985702,0.985517,0.985197,0.985752,0.98548,0.985293,0.985192,0.984655,0.984873,0.984457,0.983692,0.983862,0.983705,0.983258,0.982822,0.983225,0.982805,0.983077,0.982187,0.981637,0.982522,0.981905,0.982153,0.981768,0.981095,0.981092,0.981145,0.980593,0.980448,0.980175,0.979758,0.980042,0.979578,0.978948,0.979077,0.978473,0.97824,0.97848,0.977935,0.978567,0.97735,0.977298,0.97696,0.976763,0.976752,0.975942,0.976292,0.975422,0.975703,0.975775,0.975392,0.975407,0.97422,0.974565,0.973963,0.97367,0.973183,0.973698,0.973218,0.972435,0.97259,0.971908,0.972007,0.9712,0.971968,0.97112,0.97075
0.99835,0.998417,0.998248,0.998332,0.998277,0.998135,0.998173,0.998138,0.99815,0.998122,0.997873,0.998025,0.998005,0.997923,0.997813,0.997913,0.997882,0.997962,0.997607,0.99775,0.997668,0.997538,0.997507,0.997533,0.99737,0.99726,0.997393,0.992302,0.997213,0.997378,0.9973,0.997192,0.997058,0.997083,0.996953,0.996947,0.996912,0.996723,0.996825,0.996715,0.99645,0.996478,0.99628,0.996462,0.996332,0.99611,0.996265,0.996128,0.99618,0.996162,0.996043,0.995763,0.995645,0.99568,0.995562,0.995725,0.995253,0.995405,0.995405,0.995177,0.99509,0.995347,0.994972,0.994888,0.994922,0.994945,0.994522,0.994502,0.994503,0.994508,0.994508,0.99405,0.994205,0.993987,0.993967,0.99418,0.99402,0.993408,0.993627,0.993457,0.993375,0.993403,0.993427,0.993078,0.992972,0.9927,0.9929,0.992448,0.992438,0.992605,0.992315,0.992192,0.991967,0.992125,0.991815,0.991847,0.991638,0.991437,0.990972,0.991215,0.991113,0.991182,0.990997,0.990965,0.990885,0.99049,0.990285,0.990438,0.990078,0.990135,0.989668,0.989453,0.989532,0.989322,0.989055,0.989285,0.989093,0.98871,0.988438,0.988698,0.98843,0.988348,0.987928,0.988082,0.987788,0.988077,0.987432,0.987368,0.986702,0.986965,0.986868,0.986593,0.986367,0.986443,0.986623,0.985525,0.985843,0.984887,0.985333,0.98581,0.985208,0.984443,0.984298,0.984647,0.98422,0.983452,0.982903,0.982998,0.983528,0.983122,0.983517,0.982995,0.983025,0.982652,0.982617,0.98266,0.981718,0.98157,0.981247,0.980685,0.980677,0.980075,0.98096,0.980037,0.979933,0.980153,0.979687,0.979982,0.97898,0.978158,0.978693,0.978792,0.978077,0.978215,0.97823,0.977853,0.977623,0.976892,0.976258,0.976673,0.976238,0.976192,0.976243,0.975107,0.975057,0.975445,0.975132,0.974562,0.97424,0.973385,0.974188,0.97393,0.973633,0.972423,0.97272,0.972032,0.971915,0.97204,0.971373,0.970872,0.971098
0.998492,0.998453,0.998285,0.998277,0.998295,0.998217,0.99818,0.99833,0.998042,0.998047,0.998105,0.998048,0.997857,0.997932,0.997847,0.997847,0.99778,0.997672,0.997682,0.997597,0.997697,0.997682,0.99761,0.997447,0.997343,0.997382,0.997283,0.997385,0.99716,0.997382,0.997273,0.997165,0.996858,0.996937,0.997047,0.996768,0.996805,0.996723,0.996733,0.996767,0.99657,0.996532,0.996328,0.996508,0.996327,0.996135,0.99643,0.996127,0.995992,0.995858,0.99579,0.995912,0.996012,0.995777,0.99568,0.995575,0.995633,0.995555,0.995458,0.995318,0.995068,0.995107,0.995008,0.994772,0.994943,0.994807,0.994995,0.994775,0.99454,0.994353,0.994383,0.994113,0.994148,0.994077,0.993962,0.99366,0.99398,0.99376,0.993493,0.993432,0.993232,0.993278,0.993365,0.993155,0.992817,0.99294,0.992773,0.992995,0.992433,0.992108,0.992763,0.991835,0.991952,0.991892,0.991512,0.991605,0.99162,0.991225,0.991628,0.99121,0.991132,0.990907,0.99117,0.990703,0.990827,0.990458,0.990338,0.989963,0.990383,0.990055,0.989933,0.98948,0.989018,0.989425,0.98951,0.988678,0.989128,0.989022,0.988642,0.9884,0.988083,0.988467,0.988038,0.98772,0.987958,0.987618,0.987043,0.986995,0.986868,0.987307,0.98669,0.986623,0.986163,0.986548,0.98616,0.985463,0.985837,0.985847,0.985378,0.985285,0.98466,0.985195,0.984123,0.982817,0.984047,0.984132,0.983795,0.983887,0.983115,0.98277,0.98303,0.983082,0.982892,0.98232,0.982252,0.982227,0.98173,0.981807,0.98152,0.980923,0.980765,0.980897,0.980455,0.980837,0.980742,0.979425,0.979802,0.979485,0.979323,0.97919,0.97901,0.97916,0.977542,0.97823,0.977935,0.977055,0.976832,0.977885,0.976343,0.976605,0.975775,0.9758,0.976068,0.975842,0.975122,0.975908,0.974792,0.974663,0.974593,0.973973,0.973915,0.973078,0.973787,0.972632,0.973,0.971705,0.97193,0.971297,0.97206,0.971152,0.970457
0.998403,0.998292,0.998295,0.998115,0.998228,0.998257,0.998228,0.998165,0.998162,0.998103,0.99804,0.995718,0.997977,0.998088,0.9979,0.997722,0.9977,0.997633,0.997727,0.997688,0.997737,0.997563,0.997552,0.997537,0.99754,0.997685,0.997527,0.997265,0.99731,0.997045,0.997242,0.996943,0.997068,0.997072,0.996983,0.996872,0.996907,0.996695,0.996827,0.996648,0.996577,0.996573,0.996715,0.99632,0.996558,0.99639,0.996187,0.99622,0.996002,0.996058,0.995907,0.995932,0.995848,0.995947,0.995625,0.995643,0.995653,0.995297,0.995092,0.99515,0.995283,0.995052,0.994933,0.995095,0.994878,0.994775,0.994613,0.994785,0.994448,0.994308,0.994503,0.994543,0.993743,0.993897,0.994023,0.994175,0.993752,0.993805,0.993438,0.993497,0.993157,0.99313,0.993023,0.99306,0.992897,0.993028,0.99295,0.992588,0.992278,0.992273,0.992225,0.992477,0.991805,0.992,0.991833,0.991745,0.991477,0.991833,0.991095,0.991288,0.99113,0.991273,0.990972,0.990515,0.990292,0.99095,0.990055,0.990215,0.989757,0.989823,0.989717,0.989415,0.989268,0.989193,0.989075,0.98915,0.988768,0.98865,0.98869,0.98821,0.988333,0.988252,0.98769,0.987537,0.988005,0.987425,0.987402,0.987085,0.9868,0.98745,0.986635,0.986647,0.986138,0.985692,0.985873,0.986302,0.985313,0.985452,0.985462,0.985385,0.985025,0.985192,0.984033,0.984335,0.9841,0.983968,0.984158,0.983747,0.984358,0.982742,0.982942,0.982867,0.982552,0.982892,0.98295,0.981758,0.981295,0.981395,0.981738,0.980773,0.981482,0.980622,0.980595,0.98065,0.97991,0.979583,0.979445,0.979072,0.978568,0.979532,0.978312,0.97894,0.977992,0.977983,0.977918,0.977465,0.977263,0.977245,0.977183,0.977043,0.977048,0.976417,0.975815,0.97535,0.97523,0.975252,0.974358,0.974675,0.975087,0.972955,0.973612,0.973223,0.972808,0.972895,0.973145,0.972283,0.97143,0.971382,0.971383,0.971695,0.970302
0.998458,0.998303,0.998362,0.998395,0.97853,0.998202,0.998205,0.998195,0.998193,0.998168,0.998072,0.998085,0.997907,0.997888,0.997862,0.99702,0.997868,0.99765,0.997717,0.997812,0.99772,0.99776,0.997457,0.99779,0.997393,0.997563,0.997212,0.99523,0.99734,0.997298,0.997153,0.997032,0.997278,0.99705,0.99708,0.997013,0.99696,0.99689,0.996545,0.996808,0.996773,0.996637,0.996473,0.9965,0.996322,0.996355,0.99619,0.99612,0.996228,0.996017,0.99586,0.996037,0.995943,0.99578,0.995678,0.995473,0.995383,0.995577,0.995547,0.994955,0.99521,0.994968,0.994875,0.994905,0.994948,0.99482,0.994957,0.994732,0.994397,0.994522,0.994507,0.994312,0.993882,0.994223,0.994033,0.993655,0.99377,0.993922,0.993587,0.993558,0.993475,0.993712,0.992995,0.993022,0.993263,0.992917,0.992787,0.992512,0.992353,0.992217,0.9922,0.992342,0.992027,0.991685,0.991612,0.99115,0.991697,0.991352,0.991435,0.990857,0.990907,0.991132,0.991038,0.990815,0.990822,0.990202,0.99034,0.990593,0.989967,0.990117,0.989685,0.98973,0.989462,0.989525,0.989288,0.988967,0.988815,0.988647,0.988787,0.988408,0.988455,0.987692,0.987802,0.987647,0.987495,0.987445,0.987357,0.987235,0.987193,0.986895,0.986558,0.98653,0.98689,0.98621,0.985837,0.985937,0.98593,0.985263,0.98518,0.985152,0.98533,0.984767,0.984548,0.984413,0.984012,0.983677,0.983585,0.98417,0.982955,0.983853,0.982937,0.983263,0.98285,0.98183,0.981938,0.982167,0.981892,0.98123,0.98124,0.981437,0.980637,0.980663,0.980535,0.98027,0.97966,0.980023,0.979943,0.979448,0.979258,0.979257,0.978793,0.978245,0.978047,0.977983,0.977708,0.976823,0.977208,0.977043,0.97703,0.976572,0.97524,0.975553,0.975547,0.97614,0.976217,0.974807,0.974268,0.973468,0.974535,0.974257,0.973623,0.973212,0.972667,0.973228,0.97224,0.971862,0.971998,0.971543,0.972008,0.970732,0.971187
0.998397,0.998512,0.998385,0.998265,0.998295,0.998212,0.998138,0.998125,0.99808,0.9981,0.997925,0.998003,0.997915,0.998028,0.997843,0.997837,0.99794,0.997857,0.997808,0.997908,0.997757,0.997708,0.997538,0.997752,0.997593,0.997443,0.997458,0.997317,0.997333,0.997377,0.997078,0.997202,0.997125,0.996735,0.996915,0.996887,0.9968,0.996888,0.996883,0.996835,0.996583,0.996858,0.996488,0.996593,0.99634,0.996425,0.99629,0.996113,0.996107,0.996228,0.996152,0.995977,0.995992,0.995658,0.995535,0.995597,0.995468,0.995733,0.995625,0.995472,0.99543,0.995163,0.994913,0.995118,0.994692,0.994755,0.99452,0.994725,0.994445,0.994398,0.9944,0.99456,0.99403,0.994375,0.993983,0.994028,0.993813,0.993595,0.993145,0.993488,0.993683,0.993075,0.993412,0.993152,0.992918,0.992988,0.992793,0.97217,0.99232,0.992385,0.992555,0.992042,0.992003,0.992047,0.99199,0.992082,0.991802,0.99149,0.991485,0.991258,0.990967,0.990638,0.990992,0.990765,0.990545,0.990742,0.990548,0.990395,0.989973,0.989835,0.98997,0.989768,0.98917,0.989363,0.98896,0.989048,0.988847,0.98944,0.98866,0.988663,0.988793,0.987982,0.987862,0.987068,0.987897,0.987643,0.987235,0.987053,0.987112,0.986748,0.986575,0.986413,0.985622,0.985798,0.985918,0.986398,0.985968,0.985758,0.98529,0.984767,0.985525,0.984617,0.98486,0.98388,0.984133,0.98448,0.983732,0.983537,0.983538,0.983178,0.983453,0.983023,0.982415,0.982788,0.982508,0.982193,0.981997,0.981828,0.981618,0.98137,0.981367,0.980683,0.980557,0.980427,0.980068,0.979348,0.979337,0.979473,0.979185,0.979112,0.979635,0.977992,0.978677,0.978513,0.978393,0.977145,0.977747,0.977667,0.975615,0.976325,0.975965,0.975783,0.975973,0.975135,0.975542,0.974625,0.975177,0.97499,0.974267,0.973943,0.973832,0.97212,0.973762,0.973198,0.972258,0.971807,0.97172,0.971962,0.971693,0.97048,0.97104
0.998413,0.998435,0.998258,0.998365,0.998293,0.998198,0.998165,0.998213,0.998125,0.99812,0.998052,0.99807,0.997908,0.99787,0.997877,0.997892,0.997782,0.997675,0.997785,0.997717,0.997505,0.997653,0.997508,0.997535,0.997505,0.997473,0.997258,0.997158,0.997205,0.997375,0.997145,0.99713,0.99695,0.996865,0.99705,0.996967,0.996942,0.996895,0.996742,0.996808,0.996628,0.996688,0.99632,0.99638,0.996367,0.996403,0.993477,0.996275,0.996147,0.995955,0.99605,0.995838,0.99578,0.995665,0.995798,0.995285,0.99551,0.99541,0.99555,0.995295,0.995018,0.995203,0.99512,0.995043,0.994982,0.994643,0.994855,0.994703,0.994312,0.994727,0.994157,0.994443,0.994095,0.99418,0.994108,0.994132,0.9939,0.993782,0.993647,0.99341,0.993558,0.993292,0.993235,0.992927,0.992697,0.992483,0.99283,0.992832,0.992407,0.992377,0.992075,0.992235,0.992195,0.992038,0.992053,0.991725,0.991458,0.963637,0.991485,0.991155,0.991185,0.990833,0.990602,0.990898,0.990492,0.989967,0.990848,0.989858,0.989673,0.989567,0.989815,0.989357,0.989398,0.98943,0.989728,0.988847,0.988965,0.9887,0.988632,0.988947,0.988348,0.988202,0.9879,0.987537,0.987502,0.987217,0.986913,0.986787,0.986797,0.987042,0.986283,0.986883,0.98622,0.986512,0.986342,0.98561,0.985663,0.985282,0.984827,0.985442,0.984147,0.985007,0.984562,0.983975,0.984308,0.984407,0.9841,0.98363,0.983505,0.983993,0.982712,0.982978,0.982507,0.982438,0.982498,0.981787,0.982138,0.981483,0.980885,0.980952,0.981393,0.98033,0.980527,0.980748,0.979632,0.979993,0.979987,0.979612,0.979108,0.978878,0.978427,0.97798,0.978527,0.977707,0.97769,0.977465,0.977298,0.97719,0.97659,0.976905,0.976612,0.97549,0.976058,0.975908,0.975788,0.975085,0.97428,0.97521,0.974158,0.973378,0.973703,0.973428,0.973542,0.973035,0.972605,0.972197,0.972037,0.97175,0.971112,0.971667,0.971538
0.998462,0.998398,0.99839,0.998377,0.99829,0.998218,0.998183,0.998148,0.997988,0.998177,0.99803,0.998078,0.997988,0.997958,0.998045,0.997832,0.997885,0.997933,0.997785,0.997763,0.997667,0.997552,0.99752,0.997583,0.99739,0.997342,0.997458,0.99728,0.997213,0.997362,0.997148,0.997062,0.997355,0.997157,0.997028,0.996808,0.996718,0.996862,0.997065,0.996598,0.996683,0.996757,0.996545,0.996368,0.996602,0.996158,0.996183,0.996483,0.995995,0.995908,0.996155,0.996105,0.996175,0.995713,0.995732,0.99586,0.995542,0.995337,0.995605,0.995328,0.995113,0.99509,0.994882,0.994967,0.994812,0.995017,0.994778,0.994727,0.994457,0.994463,0.994458,0.994273,0.994292,0.994357,0.993973,0.994032,0.993987,0.993613,0.993655,0.993432,0.993677,0.993333,0.99331,0.993088,0.992792,0.992692,0.99283,0.992553,0.992792,0.992537,0.99203,0.992267,0.99199,0.99209,0.991817,0.991657,0.99137,0.991267,0.991007,0.991357,0.99129,0.990798,0.990872,0.990793,0.990877,0.990853,0.990173,0.990462,0.98981,0.989755,0.989755,0.989642,0.989727,0.989702,0.989175,0.989193,0.988627,0.988648,0.98837,0.98831,0.988593,0.987962,0.987635,0.988067,0.987698,0.987568,0.987132,0.98782,0.987453,0.987407,0.986693,0.986527,0.986592,0.98604,0.986302,0.985883,0.985765,0.985318,0.985438,0.984978,0.985305,0.984915,0.984522,0.98485,0.983948,0.984235,0.983762,0.983412,0.983523,0.983148,0.983303,0.983302,0.982833,0.982443,0.982048,0.982065,0.982212,0.981728,0.98123,0.981023,0.981448,0.980793,0.980268,0.980193,0.979832,0.97946,0.97898,0.979293,0.979318,0.979777,0.978398,0.9784,0.97811,0.977543,0.977848,0.977738,0.977268,0.977,0.977063,0.97728,0.975903,0.975855,0.975113,0.975875,0.975415,0.975018,0.974593,0.974727,0.97389,0.973967,0.974077,0.973548,0.973518,0.972588,0.972813,0.972467,0.97199,0.972333,0.970583,0.971887,0.97074
0.998437,0.998355,0.998255,0.998345,0.998198,0.998225,0.998222,0.998228,0.998037,0.99825,0.997953,0.997933,0.997915,0.998137,0.998025,0.997803,0.997925,0.997738,0.997727,0.99764,0.997668,0.997622,0.997652,0.99741,0.997413,0.997472,0.997427,0.997528,0.99741,0.997215,0.997038,0.997022,0.997198,0.996668,0.997065,0.996678,0.996892,0.996798,0.996787,0.996727,0.996548,0.996358,0.996522,0.996342,0.996422,0.99661,0.996088,0.996173,0.996062,0.996165,0.995928,0.996022,0.995963,0.995615,0.995738,0.995445,0.995715,0.995417,0.99515,0.995198,0.995233,0.994482,0.9952,0.995137,0.99501,0.99477,0.994852,0.994683,0.9945,0.994753,0.994572,0.994167,0.994222,0.994048,0.994113,0.994263,0.993763,0.993942,0.993415,0.993492,0.993627,0.993343,0.993115,0.99305,0.99294,0.992847,0.992892,0.992733,0.992438,0.99252,0.992245,0.992235,0.992267,0.992002,0.991887,0.99169,0.991855,0.9916,0.984488,0.991325,0.99112,0.991348,0.990748,0.990328,0.99044,0.990825,0.990092,0.990142,0.989778,0.96954,0.98987,0.989517,0.989648,0.989427,0.989303,0.989227,0.988782,0.989112,0.98835,0.988207,0.988347,0.979458,0.987777,0.987775,0.988048,0.987547,0.987348,0.987245,0.987267,0.986855,0.98653,0.98593,0.987023,0.986007,0.985822,0.98675,0.986707,0.985373,0.985173,0.985275,0.984653,0.98483,0.985017,0.984603,0.983903,0.983968,0.983937,0.983853,0.983905,0.982585,0.98321,0.982165,0.982912,0.982717,0.982265,0.982322,0.981775,0.982118,0.98153,0.98119,0.98091,0.980737,0.980212,0.98003,0.979815,0.979592,0.979097,0.97985,0.979307,0.978907,0.978547,0.978107,0.978767,0.977207,0.97851,0.978042,0.977368,0.976692,0.976532,0.97647,0.975863,0.976413,0.975467,0.97504,0.974868,0.975167,0.974387,0.974262,0.974368,0.97378,0.972798,0.972988,0.973107,0.973307,0.972445,0.972708,0.972048,0.97175,0.971637,0.97216,0.970455
0.998395,0.998372,0.998402,0.998222,0.998227,0.998378,0.998355,0.998233,0.99815,0.998008,0.998125,0.99788,0.997992,0.997907,0.997905,0.972327,0.997658,0.997805,0.997832,0.99772,0.997707,0.997633,0.997438,0.997393,0.997465,0.997578,0.997455,0.997385,0.997265,0.997338,0.997307,0.997285,0.997023,0.99703,0.996948,0.997023,0.996912,0.99687,0.996855,0.996625,0.996747,0.996583,0.996422,0.996447,0.996168,0.996272,0.996257,0.996157,0.996288,0.996132,0.99601,0.995828,0.995888,0.995978,0.9957,0.99557,0.995697,0.995678,0.995285,0.995127,0.995245,0.995318,0.995295,0.99512,0.994918,0.994577,0.99468,0.994625,0.994325,0.994293,0.99462,0.994447,0.994218,0.99426,0.994097,0.993875,0.993858,0.993768,0.993773,0.993232,0.993327,0.993197,0.99322,0.993002,0.993025,0.993032,0.992877,0.992863,0.992377,0.992602,0.992008,0.991808,0.992155,0.991913,0.992153,0.991667,0.992133,0.991863,0.991445,0.9916,0.991115,0.990892,0.990602,0.99086,0.990532,0.990623,0.990443,0.990397,0.989687,0.98988,0.989942,0.989338,0.989475,0.988988,0.989118,0.989003,0.988408,0.988563,0.988387,0.98859,0.98852,0.988223,0.987543,0.988022,0.987783,0.98742,0.955507,0.98708,0.98725,0.98673,0.986917,0.986185,0.986505,0.98636,0.986375,0.986195,0.985685,0.983778,0.984952,0.984873,0.985425,0.98474,0.984375,0.983888,0.984428,0.984582,0.983625,0.983907,0.983272,0.98345,0.982982,0.982707,0.982545,0.982298,0.981997,0.98256,0.981822,0.981437,0.980958,0.981278,0.981372,0.980927,0.979918,0.980195,0.979192,0.9798,0.97969,0.979907,0.97953,0.979128,0.978763,0.978243,0.978182,0.978275,0.977508,0.977318,0.977562,0.976627,0.976865,0.976163,0.976518,0.976047,0.97593,0.97474,0.974663,0.97499,0.974663,0.974312,0.973672,0.974167,0.973618,0.973433,0.972903,0.97349,0.972782,0.973137,0.971807,0.972415,0.972075,0.971267,0.970855
0.998532,0.998325,0.998415,0.99826,0.998268,0.998318,0.998127,0.998237,0.998067,0.998085,0.997972,0.975013,0.998177,0.997813,0.997957,0.997773,0.997698,0.997732,0.997833,0.997697,0.997655,0.997502,0.997678,0.997572,0.997605,0.9974,0.997423,0.99732,0.997258,0.99714,0.997168,0.997137,0.99718,0.997023,0.997052,0.99704,0.996758,0.996693,0.996675,0.97575,0.996448,0.996588,0.996445,0.996398,0.996367,0.99622,0.996375,0.996277,0.996142,0.99625,0.995792,0.995937,0.995948,0.995875,0.995818,0.995533,0.99544,0.995468,0.995417,0.995118,0.995318,0.994877,0.994988,0.99501,0.994895,0.994425,0.994707,0.994807,0.994425,0.994108,0.994485,0.994592,0.99395,0.994048,0.994202,0.943598,0.99377,0.993743,0.993585,0.9931,0.993418,0.99336,0.99309,0.993303,0.992948,0.992653,0.992565,0.99266,0.992237,0.99262,0.992677,0.992197,0.991888,0.992018,0.992155,0.991992,0.991732,0.991493,0.991247,0.991153,0.991105,0.990777,0.99075,0.990522,0.990543,0.990847,0.990408,0.990093,0.990055,0.989633,0.989717,0.989405,0.99004,0.989313,0.989117,0.988928,0.98875,0.988917,0.988742,0.988628,0.988238,0.987738,0.988002,0.98798,0.988003,0.987595,0.987663,0.987463,0.986858,0.986838,0.986627,0.986252,0.986478,0.986195,0.986467,0.985615,0.985665,0.985335,0.985478,0.984552,0.984677,0.985108,0.98469,0.984368,0.984507,0.983467,0.984038,0.983382,0.983245,0.982622,0.983272,0.983125,0.983122,0.982057,0.982338,0.98225,0.981715,0.981853,0.980803,0.981165,0.980693,0.980917,0.98076,0.980737,0.979573,0.980168,0.980087,0.97981,0.978907,0.978978,0.978385,0.978785,0.978007,0.978188,0.977272,0.9778,0.977393,0.977663,0.976767,0.976125,0.976082,0.975782,0.97589,0.97537,0.976108,0.975018,0.974978,0.974843,0.97431,0.973188,0.973198,0.973637,0.973033,0.972483,0.972273,0.972365,0.971855,0.97175,0.972382,0.97056,0.97059
0.998402,0.998357,0.9984,0.998392,0.998307,0.998165,0.998062,0.998097,0.99807,0.997935,0.998207,0.998017,0.998,0.997982,0.997883,0.997798,0.997893,0.997743,0.99769,0.997595,0.997667,0.997637,0.99754,0.997448,0.997468,0.997318,0.997515,0.997353,0.997277,0.997138,0.997008,0.997048,0.996985,0.996915,0.996883,0.996898,0.99675,0.996857,0.996645,0.996918,0.99664,0.996523,0.996522,0.996433,0.99646,0.996225,0.996052,0.996223,0.99616,0.996023,0.995907,0.993535,0.995757,0.995783,0.995633,0.995678,0.995467,0.99535,0.995695,0.995273,0.995235,0.995045,0.991097,0.994845,0.995012,0.995267,0.994862,0.994412,0.99449,0.994618,0.994152,0.994023,0.994088,0.994078,0.993813,0.993937,0.993552,0.993697,0.993767,0.993448,0.993227,0.99301,0.993318,0.992922,0.993245,0.99287,0.992905,0.993073,0.99259,0.992355,0.99226,0.99246,0.992087,0.992035,0.98998,0.992228,0.991803,0.991345,0.991415,0.991083,0.991153,0.99081,0.990683,0.990757,0.990547,0.990333,0.990147,0.99037,0.990057,0.989492,0.98972,0.989193,0.989265,0.988158,0.989393,0.989585,0.988795,0.988713,0.988443,0.988542,0.988083,0.987743,0.988123,0.987888,0.987438,0.987693,0.9874,0.987017,0.986502,0.987002,0.986612,0.986757,0.986383,0.98631,0.986093,0.985807,0.985873,0.985665,0.985433,0.985285,0.985467,0.984627,0.948673,0.98458,0.984567,0.984177,0.983595,0.98349,0.983097,0.983475,0.983067,0.983337,0.983032,0.982768,0.982307,0.982417,0.982005,0.981438,0.981483,0.981162,0.980478,0.98108,0.980517,0.979877,0.980498,0.97975,0.97878,0.979412,0.979263,0.979147,0.97913,0.978398,0.977925,0.97791,0.977783,0.97743,0.976878,0.976758,0.976125,0.975903,0.976762,0.975695,0.975832,0.975345,0.974923,0.954407,0.975057,0.97424,0.974383,0.97425,0.973165,0.973383,0.973537,0.972993,0.972427,0.971858,0.971315,0.97126,0.971518,0.971868,0.97041
0.998352,0.99838,0.998367,0.998357,0.998155,0.99833,0.998203,0.998357,0.998085,0.998103,0.99807,0.998083,0.99794,0.998085,0.99783,0.997817,0.99785,0.997787,0.997753,0.997698,0.997798,0.997728,0.997682,0.997585,0.997578,0.997303,0.99741,0.99733,0.997148,0.997217,0.99708,0.997213,0.99709,0.996903,0.997058,0.996828,0.995615,0.996632,0.996752,0.996905,0.996792,0.996778,0.996853,0.996433,0.99644,0.99621,0.996272,0.996275,0.996197,0.99595,0.995957,0.995962,0.995918,0.995767,0.995825,0.995497,0.995723,0.9955,0.995357,0.995372,0.995245,0.995057,0.994765,0.994897,0.994713,0.994658,0.994555,0.994732,0.994533,0.994263,0.994418,0.99428,0.993987,0.994038,0.993943,0.99407,0.993872,0.9939,0.993692,0.993485,0.993315,0.99317,0.993027,0.992783,0.993212,0.992682,0.992595,0.992657,0.992692,0.992258,0.992227,0.992172,0.992298,0.99179,0.99174,0.991767,0.991335,0.991545,0.991323,0.991093,0.99082,0.991392,0.990822,0.990937,0.990368,0.990753,0.990115,0.990255,0.989895,0.990428,0.99002,0.989858,0.989418,0.98954,0.989028,0.989258,0.989157,0.988628,0.988317,0.988537,0.988252,0.988285,0.988088,0.988192,0.98755,0.98724,0.987432,0.98737,0.987458,0.98705,0.986163,0.986258,0.986713,0.985923,0.985917,0.985828,0.985907,0.98545,0.984808,0.98479,0.984607,0.984438,0.983977,0.98426,0.984452,0.984222,0.984038,0.983318,0.983492,0.982798,0.982995,0.982573,0.982845,0.982087,0.982342,0.981873,0.981507,0.981982,0.981367,0.982045,0.981292,0.980892,0.980637,0.980498,0.980023,0.97984,0.979048,0.979557,0.97881,0.978665,0.979678,0.97865,0.977988,0.978388,0.977823,0.977217,0.977428,0.976847,0.97676,0.976593,0.976478,0.976117,0.975503,0.97509,0.975348,0.97472,0.974692,0.973953,0.97412,0.973987,0.974488,0.974195,0.97304,0.973295,0.972497,0.973148,0.971292,0.971762,0.971775,0.971323,0.970118
0.998437,0.99849,0.998258,0.998298,0.998357,0.998205,0.998287,0.998128,0.998128,0.998088,0.998122,0.838332,0.997967,0.99793,0.997982,0.997805,0.997793,0.997672,0.997552,0.997717,0.997577,0.997642,0.997452,0.997415,0.997448,0.997298,0.997448,0.997368,0.997242,0.997297,0.997062,0.996998,0.996993,0.99704,0.996957,0.996927,0.996853,0.996582,0.996787,0.996732,0.996598,0.996553,0.99639,0.996403,0.996167,0.996327,0.996127,0.996422,0.99626,0.995827,0.995908,0.99582,0.99594,0.995645,0.995625,0.995437,0.995597,0.995238,0.995302,0.995542,0.995007,0.99527,0.995185,0.994998,0.994997,0.994888,0.994762,0.994415,0.994605,0.994333,0.994285,0.994157,0.994178,0.994135,0.993898,0.994048,0.993722,0.99373,0.99355,0.993395,0.99325,0.993575,0.993062,0.992863,0.993013,0.992935,0.992703,0.992495,0.992557,0.992637,0.99286,0.992262,0.991998,0.991732,0.991817,0.991638,0.99173,0.986065,0.991267,0.990995,0.991187,0.990987,0.990888,0.990803,0.990465,0.990247,0.990268,0.990167,0.990358,0.990038,0.989942,0.989873,0.989528,0.98984,0.989063,0.989187,0.989002,0.989118,0.988457,0.988622,0.988033,0.988285,0.987843,0.988045,0.984865,0.987647,0.987047,0.987057,0.98721,0.986862,0.9868,0.98615,0.986423,0.986387,0.986268,0.986243,0.985898,0.98523,0.984807,0.985408,0.98521,0.984875,0.984242,0.983692,0.983748,0.98393,0.984102,0.983637,0.98325,0.983335,0.983193,0.982812,0.982683,0.982963,0.982675,0.98189,0.981618,0.9816,0.981492,0.981567,0.98076,0.980468,0.980663,0.9809,0.980207,0.97955,0.979702,0.98006,0.979198,0.97837,0.978935,0.978263,0.978513,0.978205,0.97742,0.977723,0.977287,0.97679,0.976652,0.97663,0.976052,0.9765,0.975742,0.975627,0.975185,0.974552,0.97472,0.974657,0.973683,0.973625,0.9736,0.973493,0.973303,0.97297,0.972605,0.972193,0.97246,0.971838,0.971048,0.97088,0.970485
0.998393,0.998347,0.998382,0.998248,0.998317,0.998237,0.998232,0.998268,0.998068,0.998047,0.998142,0.99804,0.997977,0.99785,0.997822,0.997815,0.997813,0.997763,0.997682,0.997638,0.997783,0.997468,0.997455,0.997468,0.997417,0.997533,0.997403,0.9973,0.99734,0.997208,0.99714,0.997162,0.99724,0.997032,0.997078,0.99694,0.996768,0.997012,0.996818,0.996617,0.996768,0.996493,0.996607,0.996507,0.99636,0.996493,0.996263,0.996123,0.996263,0.99591,0.995835,0.995902,0.995947,0.995528,0.995717,0.99584,0.995463,0.995325,0.99546,0.99542,0.995315,0.995195,0.995268,0.995023,0.995032,0.99481,0.99496,0.990867,0.994582,0.994465,0.9944,0.994323,0.994202,0.994208,0.993805,0.993957,0.993685,0.993617,0.993858,0.993643,0.99352,0.993198,0.99311,0.993128,0.993085,0.992795,0.992873,0.99278,0.992782,0.992543,0.992233,0.992343,0.992205,0.992172,0.991915,0.99157,0.992092,0.99134,0.991092,0.991053,0.991263,0.991138,0.990448,0.990627,0.990448,0.990372,0.989913,0.990283,0.989897,0.990208,0.989935,0.989055,0.989193,0.989317,0.989042,0.988823,0.988645,0.988773,0.988257,0.988552,0.988447,0.987765,0.987738,0.987775,0.987522,0.9876,0.987532,0.987207,0.987147,0.987202,0.986792,0.986488,0.986582,0.985802,0.98627,0.985395,0.986065,0.985303,0.984632,0.984865,0.98489,0.984902,0.98428,0.984507,0.984323,0.983862,0.9841,0.98369,0.983513,0.983193,0.98268,0.982558,0.98215,0.982428,0.981917,0.981668,0.981547,0.981587,0.981202,0.981805,0.981388,0.981158,0.980233,0.979948,0.979573,0.97999,0.980305,0.979363,0.979512,0.979323,0.978363,0.978357,0.978388,0.977928,0.977948,0.977738,0.976625,0.977055,0.976682,0.976518,0.976808,0.975822,0.975995,0.975973,0.975683,0.975217,0.975082,0.974452,0.974338,0.974218,0.97371,0.972818,0.972815,0.972843,0.972072,0.97164,0.972242,0.971717,0.97231,0.970692,0.971115
0.998347,0.998338,0.99826,0.998333,0.99832,0.998255,0.998257,0.99822,0.998243,0.998135,0.99804,0.99819,0.99795,0.997968,0.997855,0.997958,0.997808,0.997763,0.99773,0.997848,0.997608,0.997765,0.997645,0.997502,0.997462,0.997542,0.99745,0.997405,0.997182,0.997115,0.996652,0.997117,0.997155,0.997127,0.996968,0.996867,0.99679,0.996682,0.996693,0.996697,0.996748,0.996498,0.996462,0.996453,0.99638,0.996175,0.996128,0.996065,0.996297,0.996025,0.996083,0.99589,0.995703,0.99572,0.99558,0.995535,0.995468,0.995608,0.995405,0.995513,0.995005,0.994858,0.995112,0.99499,0.99462,0.994882,0.994743,0.994667,0.994597,0.994578,0.994412,0.994422,0.994047,0.994062,0.994023,0.993918,0.993737,0.99391,0.993487,0.99351,0.993483,0.993172,0.993052,0.993148,0.99251,0.993182,0.99283,0.9928,0.992515,0.992445,0.99242,0.978302,0.99226,0.992223,0.991932,0.991328,0.991582,0.991588,0.991118,0.991638,0.991178,0.990577,0.990838,0.990668,0.990407,0.990377,0.990263,0.990388,0.990385,0.989712,0.989387,0.989993,0.989348,0.989702,0.989385,0.989305,0.9889,0.988763,0.98865,0.988585,0.988558,0.9883,0.988068,0.987423,0.988162,0.98747,0.987203,0.986935,0.986922,0.986943,0.986672,0.986658,0.986138,0.98642,0.986173,0.985918,0.986133,0.984947,0.98597,0.985475,0.984817,0.98493,0.984613,0.9845,0.984252,0.983963,0.983583,0.98345,0.983307,0.982843,0.98313,0.98342,0.982335,0.982625,0.981843,0.981753,0.981808,0.982527,0.981208,0.980692,0.980552,0.981067,0.980455,0.980542,0.980485,0.979997,0.979612,0.978793,0.97852,0.979323,0.978757,0.978183,0.978708,0.977625,0.977522,0.977213,0.977012,0.976995,0.976853,0.976505,0.976382,0.976412,0.975937,0.97508,0.975788,0.97493,0.974875,0.974908,0.974507,0.973562,0.973218,0.973763,0.973572,0.97218,0.973225,0.971787,0.97215,0.972233,0.971288,0.971053,0.971545
0.998462,0.998382,0.998345,0.998278,0.998335,0.998145,0.998248,0.998145,0.998103,0.998088,0.998088,0.998018,0.998027,0.998143,0.997947,0.99775,0.997885,0.997948,0.997832,0.99766,0.997695,0.997558,0.997623,0.997775,0.997418,0.997378,0.997388,0.997407,0.997247,0.997123,0.9974,0.997227,0.997125,0.997088,0.996878,0.996807,0.996678,0.99658,0.996872,0.996588,0.996717,0.99668,0.99631,0.996487,0.996243,0.996338,0.996003,0.996162,0.996107,0.995883,0.995878,0.996,0.995838,0.995937,0.99571,0.995572,0.995607,0.995497,0.995307,0.995155,0.995185,0.995167,0.995383,0.9949,0.994867,0.99495,0.994865,0.994318,0.994325,0.994657,0.99407,0.994068,0.99421,0.994233,0.99413,0.993827,0.99389,0.99367,0.993567,0.993512,0.993465,0.992963,0.993267,0.993148,0.99284,0.992698,0.993017,0.992358,0.992548,0.99243,0.992447,0.992282,0.991702,0.991573,0.991833,0.991695,0.991775,0.991215,0.991082,0.991623,0.99084,0.991338,0.99071,0.990917,0.990628,0.99071,0.99005,0.990157,0.990367,0.989857,0.989797,0.989558,0.989437,0.989633,0.988992,0.988868,0.98892,0.98881,0.988367,0.988683,0.988535,0.987903,0.987987,0.9877,0.987993,0.98761,0.987473,0.987177,0.987013,0.986412,0.986958,0.986613,0.986577,0.986733,0.985937,0.98589,0.98576,0.985725,0.985302,0.985353,0.985288,0.984597,0.98439,0.984388,0.984488,0.983807,0.984017,0.983463,0.983505,0.982623,0.982845,0.98282,0.98295,0.982145,0.982268,0.982023,0.981243,0.981655,0.981637,0.981143,0.981048,0.981203,0.980337,0.980258,0.980033,0.979967,0.979978,0.979962,0.979607,0.978637,0.978283,0.978232,0.979045,0.978398,0.97765,0.97754,0.977077,0.977282,0.977027,0.976993,0.976052,0.97632,0.975545,0.975237,0.975183,0.975127,0.974908,0.974362,0.974557,0.973647,0.974317,0.97372,0.972838,0.973948,0.97285,0.97258,0.971777,0.971582,0.97114,0.970633,0.971
0.99834,0.998455,0.998292,0.996872,0.99828,0.998288,0.998228,0.998157,0.998235,0.998188,0.997985,0.997842,0.99798,0.997988,0.998063,0.997827,0.99784,0.997665,0.997727,0.997727,0.9979,0.997562,0.997452,0.99757,0.99727,0.997523,0.997207,0.997483,0.997223,0.997223,0.997168,0.997182,0.997105,0.997233,0.996862,0.996787,0.996693,0.996818,0.996868,0.99681,0.996578,0.996432,0.996578,0.996445,0.996058,0.996332,0.996168,0.996213,0.99611,0.99597,0.996002,0.996177,0.995888,0.995837,0.995693,0.995453,0.995413,0.995577,0.995537,0.995213,0.995317,0.995137,0.995147,0.99489,0.994768,0.994677,0.994532,0.994708,0.994447,0.99471,0.994035,0.994233,0.994202,0.994223,0.994072,0.993792,0.993848,0.993955,0.99345,0.993578,0.993118,0.993295,0.993098,0.993235,0.993043,0.992762,0.992685,0.992685,0.99274,0.992412,0.99246,0.992025,0.991697,0.992138,0.991767,0.99153,0.991697,0.991385,0.99158,0.991273,0.99119,0.991022,0.990518,0.990957,0.990993,0.990243,0.990328,0.990265,0.990065,0.990042,0.989755,0.989895,0.989208,0.989428,0.989337,0.988878,0.989097,0.988597,0.988495,0.988288,0.988807,0.98823,0.988057,0.98812,0.987753,0.987667,0.987557,0.987503,0.987045,0.986853,0.986915,0.986165,0.986157,0.986228,0.98624,0.985958,0.985725,0.985217,0.984825,0.985022,0.985372,0.984827,0.985455,0.984107,0.98422,0.984097,0.983847,0.983395,0.983153,0.983027,0.983425,0.982702,0.981428,0.982495,0.982207,0.982447,0.980982,0.98109,0.981545,0.98127,0.980898,0.981052,0.979927,0.98078,0.980327,0.980313,0.979972,0.978987,0.979673,0.97917,0.97853,0.978915,0.978185,0.977682,0.977733,0.97783,0.977212,0.9771,0.976257,0.976558,0.976418,0.975932,0.975855,0.975533,0.975507,0.974933,0.97425,0.974482,0.974532,0.974577,0.973098,0.973827,0.972888,0.972458,0.971865,0.971955,0.972127,0.971305,0.971302,0.9717,0.970438