s,29,29
1,0,1
1,0,29
1,1,2
1,1,30
1,2,3
1,2,31
1,3,4
1,3,32
1,4,5
1,4,33
1,5,6
1,5,34
1,6,7
1,6,35
1,7,8
1,7,36
1,8,9
1,8,37
1,9,10
1,9,38
1,10,11
1,10,39
1,11,12
1,11,40
1,12,13
1,12,41
1,13,14
1,13,42
1,14,15
1,14,43
1,15,16
1,15,44
1,16,17
1,16,45
1,17,18
1,17,46
1,18,19
1,18,47
1,19,20
1,19,48
1,20,21
1,20,49
1,21,22
1,21,50
1,22,23
1,22,51
1,23,24
1,23,52
1,24,25
1,24,53
1,25,26
1,25,54
1,26,27
1,26,55
1,27,28
1,27,56
1,28,0
1,28,57
1,29,30
1,29,58
1,30,31
1,30,59
1,31,32
1,31,60
1,32,33
1,32,61
1,33,34
1,33,62
1,34,35
1,34,63
1,35,36
1,35,64
1,36,37
1,36,65
1,37,38
1,37,66
1,38,39
1,38,67
1,39,40
1,39,68
1,40,41
1,40,69
1,41,42
1,41,70
1,42,43
1,42,71
1,43,44
1,43,72
1,44,45
1,44,73
1,45,46
1,45,74
1,46,47
1,46,75
1,47,48
1,47,76
1,48,49
1,48,77
1,49,50
1,49,78
1,50,51
1,50,79
1,51,52
1,51,80
1,52,53
1,52,81
1,53,54
1,53,82
1,54,55
1,54,83
1,55,56
1,55,84
1,56,57
1,56,85
1,57,29
1,57,86
1,58,59
1,58,87
1,59,60
1,59,88
1,60,61
1,60,89
1,61,62
1,61,90
1,62,63
1,62,91
1,63,64
1,63,92
1,64,65
1,64,93
1,65,66
1,65,94
1,66,67
1,66,95
1,67,68
1,67,96
1,68,69
1,68,97
1,69,70
1,69,98
1,70,71
1,70,99
1,71,72
1,71,100
1,72,73
1,72,101
1,73,74
1,73,102
1,74,75
1,74,103
1,75,76
1,75,104
1,76,77
1,76,105
1,77,78
1,77,106
1,78,79
1,78,107
1,79,80
1,79,108
1,80,81
1,80,109
1,81,82
1,81,110
1,82,83
1,82,111
1,83,84
1,83,112
1,84,85
1,84,113
1,85,86
1,85,114
1,86,58
1,86,115
1,87,88
1,87,116
1,88,89
1,88,117
1,89,90
1,89,118
1,90,91
1,90,119
1,91,92
1,91,120
1,92,93
1,92,121
1,93,94
1,93,122
1,94,95
1,94,123
1,95,96
1,95,124
1,96,97
1,96,125
1,97,98
1,97,126
1,98,99
1,98,127
1,99,100
1,99,128
1,100,101
1,100,129
1,101,102
1,101,130
1,102,103
1,102,131
1,103,104
1,103,132
1,104,105
1,104,133
1,105,106
1,105,134
1,106,107
1,106,135
1,107,108
1,107,136
1,108,109
1,108,137
1,109,110
1,109,138
1,110,111
1,110,139
1,111,112
1,111,140
1,112,113
1,112,141
1,113,114
1,113,142
1,114,115
1,114,143
1,115,87
1,115,144
1,116,117
1,116,145
1,117,118
1,117,146
1,118,119
1,118,147
1,119,120
1,119,148
1,120,121
1,120,149
1,121,122
1,121,150
1,122,123
1,122,151
1,123,124
1,123,152
1,124,125
1,124,153
1,125,126
1,125,154
1,126,127
1,126,155
1,127,128
1,127,156
1,128,129
1,128,157
1,129,130
1,129,158
1,130,131
1,130,159
1,131,132
1,131,160
1,132,133
1,132,161
1,133,134
1,133,162
1,134,135
1,134,163
1,135,136
1,135,164
1,136,137
1,136,165
1,137,138
1,137,166
1,138,139
1,138,167
1,139,140
1,139,168
1,140,141
1,140,169
1,141,142
1,141,170
1,142,143
1,142,171
1,143,144
1,143,172
1,144,116
1,144,173
1,145,146
1,145,174
1,146,147
1,146,175
1,147,148
1,147,176
1,148,149
1,148,177
1,149,150
1,149,178
1,150,151
1,150,179
1,151,152
1,151,180
1,152,153
1,152,181
1,153,154
1,153,182
1,154,155
1,154,183
1,155,156
1,155,184
1,156,157
1,156,185
1,157,158
1,157,186
1,158,159
1,158,187
1,159,160
1,159,188
1,160,161
1,160,189
1,161,162
1,161,190
1,162,163
1,162,191
1,163,164
1,163,192
1,164,165
1,164,193
1,165,166
1,165,194
1,166,167
1,166,195
1,167,168
1,167,196
1,168,169
1,168,197
1,169,170
1,169,198
1,170,171
1,170,199
1,171,172
1,171,200
1,172,173
1,172,201
1,173,145
1,173,202
1,174,175
1,174,203
1,175,176
1,175,204
1,176,177
1,176,205
1,177,178
1,177,206
1,178,179
1,178,207
1,179,180
1,179,208
1,180,181
1,180,209
1,181,182
1,181,210
1,182,183
1,182,211
1,183,184
1,183,212
1,184,185
1,184,213
1,185,186
1,185,214
1,186,187
1,186,215
1,187,188
1,187,216
1,188,189
1,188,217
1,189,190
1,189,218
1,190,191
1,190,219
1,191,192
1,191,220
1,192,193
1,192,221
1,193,194
1,193,222
1,194,195
1,194,223
1,195,196
1,195,224
1,196,197
1,196,225
1,197,198
1,197,226
1,198,199
1,198,227
1,199,200
1,199,228
1,200,201
1,200,229
1,201,202
1,201,230
1,202,174
1,202,231
1,203,204
1,203,232
1,204,205
1,204,233
1,205,206
1,205,234
1,206,207
1,206,235
1,207,208
1,207,236
1,208,209
1,208,237
1,209,210
1,209,238
1,210,211
1,210,239
1,211,212
1,211,240
1,212,213
1,212,241
1,213,214
1,213,242
1,214,215
1,214,243
1,215,216
1,215,244
1,216,217
1,216,245
1,217,218
1,217,246
1,218,219
1,218,247
1,219,220
1,219,248
1,220,221
1,220,249
1,221,222
1,221,250
1,222,223
1,222,251
1,223,224
1,223,252
1,224,225
1,224,253
1,225,226
1,225,254
1,226,227
1,226,255
1,227,228
1,227,256
1,228,229
1,228,257
1,229,230
1,229,258
1,230,231
1,230,259
1,231,203
1,231,260
1,232,233
1,232,261
1,233,234
1,233,262
1,234,235
1,234,263
1,235,236
1,235,264
1,236,237
1,236,265
1,237,238
1,237,266
1,238,239
1,238,267
1,239,240
1,239,268
1,240,241
1,240,269
1,241,242
1,241,270
1,242,243
1,242,271
1,243,244
1,243,272
1,244,245
1,244,273
1,245,246
1,245,274
1,246,247
1,246,275
1,247,248
1,247,276
1,248,249
1,248,277
1,249,250
1,249,278
1,250,251
1,250,279
1,251,252
1,251,280
1,252,253
1,252,281
1,253,254
1,253,282
1,254,255
1,254,283
1,255,256
1,255,284
1,256,257
1,256,285
1,257,258
1,257,286
1,258,259
1,258,287
1,259,260
1,259,288
1,260,232
1,260,289
1,261,262
1,261,290
1,262,263
1,262,291
1,263,264
1,263,292
1,264,265
1,264,293
1,265,266
1,265,294
1,266,267
1,266,295
1,267,268
1,267,296
1,268,269
1,268,297
1,269,270
1,269,298
1,270,271
1,270,299
1,271,272
1,271,300
1,272,273
1,272,301
1,273,274
1,273,302
1,274,275
1,274,303
1,275,276
1,275,304
1,276,277
1,276,305
1,277,278
1,277,306
1,278,279
1,278,307
1,279,280
1,279,308
1,280,281
1,280,309
1,281,282
1,281,310
1,282,283
1,282,311
1,283,284
1,283,312
1,284,285
1,284,313
1,285,286
1,285,314
1,286,287
1,286,315
1,287,288
1,287,316
1,288,289
1,288,317
1,289,261
1,289,318
1,290,291
1,290,319
1,291,292
1,291,320
1,292,293
1,292,321
1,293,294
1,293,322
1,294,295
1,294,323
1,295,296
1,295,324
1,296,297
1,296,325
1,297,298
1,297,326
1,298,299
1,298,327
1,299,300
1,299,328
1,300,301
1,300,329
1,301,302
1,301,330
1,302,303
1,302,331
1,303,304
1,303,332
1,304,305
1,304,333
1,305,306
1,305,334
1,306,307
1,306,335
1,307,308
1,307,336
1,308,309
1,308,337
1,309,310
1,309,338
1,310,311
1,310,339
1,311,312
1,311,340
1,312,313
1,312,341
1,313,314
1,313,342
1,314,315
1,314,343
1,315,316
1,315,344
1,316,317
1,316,345
1,317,318
1,317,346
1,318,290
1,318,347
1,319,320
1,319,348
1,320,321
1,320,349
1,321,322
1,321,350
1,322,323
1,322,351
1,323,324
1,323,352
1,324,325
1,324,353
1,325,326
1,325,354
1,326,327
1,326,355
1,327,328
1,327,356
1,328,329
1,328,357
1,329,330
1,329,358
1,330,331
1,330,359
1,331,332
1,331,360
1,332,333
1,332,361
1,333,334
1,333,362
1,334,335
1,334,363
1,335,336
1,335,364
1,336,337
1,336,365
1,337,338
1,337,366
1,338,339
1,338,367
1,339,340
1,339,368
1,340,341
1,340,369
1,341,342
1,341,370
1,342,343
1,342,371
1,343,344
1,343,372
1,344,345
1,344,373
1,345,346
1,345,374
1,346,347
1,346,375
1,347,319
1,347,376
1,348,349
1,348,377
1,349,350
1,349,378
1,350,351
1,350,379
1,351,352
1,351,380
1,352,353
1,352,381
1,353,354
1,353,382
1,354,355
1,354,383
1,355,356
1,355,384
1,356,357
1,356,385
1,357,358
1,357,386
1,358,359
1,358,387
1,359,360
1,359,388
1,360,361
1,360,389
1,361,362
1,361,390
1,362,363
1,362,391
1,363,364
1,363,392
1,364,365
1,364,393
1,365,366
1,365,394
1,366,367
1,366,395
1,367,368
1,367,396
1,368,369
1,368,397
1,369,370
1,369,398
1,370,371
1,370,399
1,371,372
1,371,400
1,372,373
1,372,401
1,373,374
1,373,402
1,374,375
1,374,403
1,375,376
1,375,404
1,376,348
1,376,405
1,377,378
1,377,406
1,378,379
1,378,407
1,379,380
1,379,408
1,380,381
1,380,409
1,381,382
1,381,410
1,382,383
1,382,411
1,383,384
1,383,412
1,384,385
1,384,413
1,385,386
1,385,414
1,386,387
1,386,415
1,387,388
1,387,416
1,388,389
1,388,417
1,389,390
1,389,418
1,390,391
1,390,419
1,391,392
1,391,420
1,392,393
1,392,421
1,393,394
1,393,422
1,394,395
1,394,423
1,395,396
1,395,424
1,396,397
1,396,425
1,397,398
1,397,426
1,398,399
1,398,427
1,399,400
1,399,428
1,400,401
1,400,429
1,401,402
1,401,430
1,402,403
1,402,431
1,403,404
1,403,432
1,404,405
1,404,433
1,405,377
1,405,434
1,406,407
1,406,435
1,407,408
1,407,436
1,408,409
1,408,437
1,409,410
1,409,438
1,410,411
1,410,439
1,411,412
1,411,440
1,412,413
1,412,441
1,413,414
1,413,442
1,414,415
1,414,443
1,415,416
1,415,444
1,416,417
1,416,445
1,417,418
1,417,446
1,418,419
1,418,447
1,419,420
1,419,448
1,420,421
1,420,449
1,421,422
1,421,450
1,422,423
1,422,451
1,423,424
1,423,452
1,424,425
1,424,453
1,425,426
1,425,454
1,426,427
1,426,455
1,427,428
1,427,456
1,428,429
1,428,457
1,429,430
1,429,458
1,430,431
1,430,459
1,431,432
1,431,460
1,432,433
1,432,461
1,433,434
1,433,462
1,434,406
1,434,463
1,435,436
1,435,464
1,436,437
1,436,465
1,437,438
1,437,466
1,438,439
1,438,467
1,439,440
1,439,468
1,440,441
1,440,469
1,441,442
1,441,470
1,442,443
1,442,471
1,443,444
1,443,472
1,444,445
1,444,473
1,445,446
1,445,474
1,446,447
1,446,475
1,447,448
1,447,476
1,448,449
1,448,477
1,449,450
1,449,478
1,450,451
1,450,479
1,451,452
1,451,480
1,452,453
1,452,481
1,453,454
1,453,482
1,454,455
1,454,483
1,455,456
1,455,484
1,456,457
1,456,485
1,457,458
1,457,486
1,458,459
1,458,487
1,459,460
1,459,488
1,460,461
1,460,489
1,461,462
1,461,490
1,462,463
1,462,491
1,463,435
1,463,492
1,464,465
1,464,493
1,465,466
1,465,494
1,466,467
1,466,495
1,467,468
1,467,496
1,468,469
1,468,497
1,469,470
1,469,498
1,470,471
1,470,499
1,471,472
1,471,500
1,472,473
1,472,501
1,473,474
1,473,502
1,474,475
1,474,503
1,475,476
1,475,504
1,476,477
1,476,505
1,477,478
1,477,506
1,478,479
1,478,507
1,479,480
1,479,508
1,480,481
1,480,509
1,481,482
1,481,510
1,482,483
1,482,511
1,483,484
1,483,512
1,484,485
1,484,513
1,485,486
1,485,514
1,486,487
1,486,515
1,487,488
1,487,516
1,488,489
1,488,517
1,489,490
1,489,518
1,490,491
1,490,519
1,491,492
1,491,520
1,492,464
1,492,521
1,493,494
1,493,522
1,494,495
1,494,523
1,495,496
1,495,524
1,496,497
1,496,525
1,497,498
1,497,526
1,498,499
1,498,527
1,499,500
1,499,528
1,500,501
1,500,529
1,501,502
1,501,530
1,502,503
1,502,531
1,503,504
1,503,532
1,504,505
1,504,533
1,505,506
1,505,534
1,506,507
1,506,535
1,507,508
1,507,536
1,508,509
1,508,537
1,509,510
1,509,538
1,510,511
1,510,539
1,511,512
1,511,540
1,512,513
1,512,541
1,513,514
1,513,542
1,514,515
1,514,543
1,515,516
1,515,544
1,516,517
1,516,545
1,517,518
1,517,546
1,518,519
1,518,547
1,519,520
1,519,548
1,520,521
1,520,549
1,521,493
1,521,550
1,522,523
1,522,551
1,523,524
1,523,552
1,524,525
1,524,553
1,525,526
1,525,554
1,526,527
1,526,555
1,527,528
1,527,556
1,528,529
1,528,557
1,529,530
1,529,558
1,530,531
1,530,559
1,531,532
1,531,560
1,532,533
1,532,561
1,533,534
1,533,562
1,534,535
1,534,563
1,535,536
1,535,564
1,536,537
1,536,565
1,537,538
1,537,566
1,538,539
1,538,567
1,539,540
1,539,568
1,540,541
1,540,569
1,541,542
1,541,570
1,542,543
1,542,571
1,543,544
1,543,572
1,544,545
1,544,573
1,545,546
1,545,574
1,546,547
1,546,575
1,547,548
1,547,576
1,548,549
1,548,577
1,549,550
1,549,578
1,550,522
1,550,579
1,551,552
1,551,580
1,552,553
1,552,581
1,553,554
1,553,582
1,554,555
1,554,583
1,555,556
1,555,584
1,556,557
1,556,585
1,557,558
1,557,586
1,558,559
1,558,587
1,559,560
1,559,588
1,560,561
1,560,589
1,561,562
1,561,590
1,562,563
1,562,591
1,563,564
1,563,592
1,564,565
1,564,593
1,565,566
1,565,594
1,566,567
1,566,595
1,567,568
1,567,596
1,568,569
1,568,597
1,569,570
1,569,598
1,570,571
1,570,599
1,571,572
1,571,600
1,572,573
1,572,601
1,573,574
1,573,602
1,574,575
1,574,603
1,575,576
1,575,604
1,576,577
1,576,605
1,577,578
1,577,606
1,578,579
1,578,607
1,579,551
1,579,608
1,580,581
1,580,609
1,581,582
1,581,610
1,582,583
1,582,611
1,583,584
1,583,612
1,584,585
1,584,613
1,585,586
1,585,614
1,586,587
1,586,615
1,587,588
1,587,616
1,588,589
1,588,617
1,589,590
1,589,618
1,590,591
1,590,619
1,591,592
1,591,620
1,592,593
1,592,621
1,593,594
1,593,622
1,594,595
1,594,623
1,595,596
1,595,624
1,596,597
1,596,625
1,597,598
1,597,626
1,598,599
1,598,627
1,599,600
1,599,628
1,600,601
1,600,629
1,601,602
1,601,630
1,602,603
1,602,631
1,603,604
1,603,632
1,604,605
1,604,633
1,605,606
1,605,634
1,606,607
1,606,635
1,607,608
1,607,636
1,608,580
1,608,637
1,609,610
1,609,638
1,610,611
1,610,639
1,611,612
1,611,640
1,612,613
1,612,641
1,613,614
1,613,642
1,614,615
1,614,643
1,615,616
1,615,644
1,616,617
1,616,645
1,617,618
1,617,646
1,618,619
1,618,647
1,619,620
1,619,648
1,620,621
1,620,649
1,621,622
1,621,650
1,622,623
1,622,651
1,623,624
1,623,652
1,624,625
1,624,653
1,625,626
1,625,654
1,626,627
1,626,655
1,627,628
1,627,656
1,628,629
1,628,657
1,629,630
1,629,658
1,630,631
1,630,659
1,631,632
1,631,660
1,632,633
1,632,661
1,633,634
1,633,662
1,634,635
1,634,663
1,635,636
1,635,664
1,636,637
1,636,665
1,637,609
1,637,666
1,638,639
1,638,667
1,639,640
1,639,668
1,640,641
1,640,669
1,641,642
1,641,670
1,642,643
1,642,671
1,643,644
1,643,672
1,644,645
1,644,673
1,645,646
1,645,674
1,646,647
1,646,675
1,647,648
1,647,676
1,648,649
1,648,677
1,649,650
1,649,678
1,650,651
1,650,679
1,651,652
1,651,680
1,652,653
1,652,681
1,653,654
1,653,682
1,654,655
1,654,683
1,655,656
1,655,684
1,656,657
1,656,685
1,657,658
1,657,686
1,658,659
1,658,687
1,659,660
1,659,688
1,660,661
1,660,689
1,661,662
1,661,690
1,662,663
1,662,691
1,663,664
1,663,692
1,664,665
1,664,693
1,665,666
1,665,694
1,666,638
1,666,695
1,667,668
1,667,696
1,668,669
1,668,697
1,669,670
1,669,698
1,670,671
1,670,699
1,671,672
1,671,700
1,672,673
1,672,701
1,673,674
1,673,702
1,674,675
1,674,703
1,675,676
1,675,704
1,676,677
1,676,705
1,677,678
1,677,706
1,678,679
1,678,707
1,679,680
1,679,708
1,680,681
1,680,709
1,681,682
1,681,710
1,682,683
1,682,711
1,683,684
1,683,712
1,684,685
1,684,713
1,685,686
1,685,714
1,686,687
1,686,715
1,687,688
1,687,716
1,688,689
1,688,717
1,689,690
1,689,718
1,690,691
1,690,719
1,691,692
1,691,720
1,692,693
1,692,721
1,693,694
1,693,722
1,694,695
1,694,723
1,695,667
1,695,724
1,696,697
1,696,725
1,697,698
1,697,726
1,698,699
1,698,727
1,699,700
1,699,728
1,700,701
1,700,729
1,701,702
1,701,730
1,702,703
1,702,731
1,703,704
1,703,732
1,704,705
1,704,733
1,705,706
1,705,734
1,706,707
1,706,735
1,707,708
1,707,736
1,708,709
1,708,737
1,709,710
1,709,738
1,710,711
1,710,739
1,711,712
1,711,740
1,712,713
1,712,741
1,713,714
1,713,742
1,714,715
1,714,743
1,715,716
1,715,744
1,716,717
1,716,745
1,717,718
1,717,746
1,718,719
1,718,747
1,719,720
1,719,748
1,720,721
1,720,749
1,721,722
1,721,750
1,722,723
1,722,751
1,723,724
1,723,752
1,724,696
1,724,753
1,725,726
1,725,754
1,726,727
1,726,755
1,727,728
1,727,756
1,728,729
1,728,757
1,729,730
1,729,758
1,730,731
1,730,759
1,731,732
1,731,760
1,732,733
1,732,761
1,733,734
1,733,762
1,734,735
1,734,763
1,735,736
1,735,764
1,736,737
1,736,765
1,737,738
1,737,766
1,738,739
1,738,767
1,739,740
1,739,768
1,740,741
1,740,769
1,741,742
1,741,770
1,742,743
1,742,771
1,743,744
1,743,772
1,744,745
1,744,773
1,745,746
1,745,774
1,746,747
1,746,775
1,747,748
1,747,776
1,748,749
1,748,777
1,749,750
1,749,778
1,750,751
1,750,779
1,751,752
1,751,780
1,752,753
1,752,781
1,753,725
1,753,782
1,754,755
1,754,783
1,755,756
1,755,784
1,756,757
1,756,785
1,757,758
1,757,786
1,758,759
1,758,787
1,759,760
1,759,788
1,760,761
1,760,789
1,761,762
1,761,790
1,762,763
1,762,791
1,763,764
1,763,792
1,764,765
1,764,793
1,765,766
1,765,794
1,766,767
1,766,795
1,767,768
1,767,796
1,768,769
1,768,797
1,769,770
1,769,798
1,770,771
1,770,799
1,771,772
1,771,800
1,772,773
1,772,801
1,773,774
1,773,802
1,774,775
1,774,803
1,775,776
1,775,804
1,776,777
1,776,805
1,777,778
1,777,806
1,778,779
1,778,807
1,779,780
1,779,808
1,780,781
1,780,809
1,781,782
1,781,810
1,782,754
1,782,811
1,783,784
1,783,812
1,784,785
1,784,813
1,785,786
1,785,814
1,786,787
1,786,815
1,787,788
1,787,816
1,788,789
1,788,817
1,789,790
1,789,818
1,790,791
1,790,819
1,791,792
1,791,820
1,792,793
1,792,821
1,793,794
1,793,822
1,794,795
1,794,823
1,795,796
1,795,824
1,796,797
1,796,825
1,797,798
1,797,826
1,798,799
1,798,827
1,799,800
1,799,828
1,800,801
1,800,829
1,801,802
1,801,830
1,802,803
1,802,831
1,803,804
1,803,832
1,804,805
1,804,833
1,805,806
1,805,834
1,806,807
1,806,835
1,807,808
1,807,836
1,808,809
1,808,837
1,809,810
1,809,838
1,810,811
1,810,839
1,811,783
1,811,840
1,812,813
1,812,0
1,813,814
1,813,1
1,814,815
1,814,2
1,815,816
1,815,3
1,816,817
1,816,4
1,817,818
1,817,5
1,818,819
1,818,6
1,819,820
1,819,7
1,820,821
1,820,8
1,821,822
1,821,9
1,822,823
1,822,10
1,823,824
1,823,11
1,824,825
1,824,12
1,825,826
1,825,13
1,826,827
1,826,14
1,827,828
1,827,15
1,828,829
1,828,16
1,829,830
1,829,17
1,830,831
1,830,18
1,831,832
1,831,19
1,832,833
1,832,20
1,833,834
1,833,21
1,834,835
1,834,22
1,835,836
1,835,23
1,836,837
1,836,24
1,837,838
1,837,25
1,838,839
1,838,26
1,839,840
1,839,27
1,840,812
1,840,28
