0.1,0.2,0.3,0.4,0.5,0.6,0.7,0.8,0.9,1,1.1,1.2,1.3,1.4,1.5,1.6,1.7,1.8,1.9,2,2.1,2.2,2.3,2.4,2.5,2.6,2.7,2.8,2.9,3,3.1,3.2,3.3,3.4,3.5,3.6,3.7,3.8,3.9,4,4.1,4.2,4.3,4.4,4.5,4.6,4.7,4.8,4.9,5,5.1,5.2,5.3,5.4,5.5,5.6,5.7,5.8,5.9,6,6.1,6.2,6.3,6.4,6.5,6.6,6.7,6.8,6.9,7,7.1,7.2,7.3,7.4,7.5,7.6,7.7,7.8,7.9,8,8.1,8.2,8.3,8.4,8.5,8.6,8.7,8.8,8.9,9,9.1,9.2,9.3,9.4,9.5,9.6,9.7,9.8,9.9,10,10.1,10.2,10.3,10.4,10.5,10.6,10.7,10.8,10.9,11,11.1,11.2,11.3,11.4,11.5,11.6,11.7,11.8,11.9,12,12.1,12.2,12.3,12.4,12.5,12.6,12.7,12.8,12.9,13,13.1,13.2,13.3,13.4,13.5,13.6,13.7,13.8,13.9,14,14.1,14.2,14.3,14.4,14.5,14.6,14.7,14.8,14.9,15,15.1,15.2,15.3,15.4,15.5,15.6,15.7,15.8,15.9,16,16.1,16.2,16.3,16.4,16.5,16.6,16.7,16.8,16.9,17,17.1,17.2,17.3,17.4,17.5,17.6,17.7,17.8,17.9,18,18.1,18.2,18.3,18.4,18.5,18.6,18.7,18.8,18.9,19,19.1,19.2,19.3,19.4,19.5,19.6,19.7,19.8,19.9,20,20.1,20.2,20.3,20.4,20.5,20.6,20.7,20.8,20.9,21,21.1,21.2,21.3,21.4,21.5,21.6,21.7,21.8,21.9,22,22.1,22.2,22.3,22.4,22.5,22.6,22.7,22.8,22.9,23,23.1,23.2,23.3,23.4,23.5,23.6,23.7,23.8,23.9,24,24.1,24.2,24.3,24.4,24.5,24.6,24.7,24.8,24.9,25,25.1,25.2,25.3,25.4,25.5,25.6,25.7,25.8,25.9,26,26.1,26.2,26.3,26.4,26.5,26.6,26.7,26.8,26.9,27,27.1,27.2,27.3,27.4,27.5,27.6,27.7,27.8,27.9,28,28.1,28.2,28.3,28.4,28.5,28.6,28.7,28.8,28.9,29,29.1,29.2,29.3,29.4,29.5,29.6,29.7,29.8,29.9
0.19986,0.99906,6e-05,0.99906,0.99906,0.39966,0.99906,0.99894,0.99906,0.99894,0.99906,0.99894,0.39966,0.99906,0.39966,0.99894,0.99894,0.39966,0.19986,0.99906,0.59892,0.99906,0.99894,0.19974,0.99906,0.99894,0.9711,0.99906,0.99906,0.99906,0.14972,0.39964,0.99894,0.99906,0.99906,0.99906,0.99894,0.99906,0.99894,0.99894,0.99892,0.99894,0.8824,0.99888,0.99898,0.99886,0.99902,0.9989,0.99884,0.79094,0.99884,0.999,0.99886,0.99868,0.9987,0.99868,0.99854,0.9986,0.9984,0.99826,0.99828,0.99806,0.9978,0.99754,0.998,0.99738,0.99752,0.99722,0.997,0.9972,0.99672,0.99538,0.9956,0.99526,0.99552,0.9947,0.99486,0.99506,0.99334,0.99184,0.99182,0.99146,0.99178,0.99006,0.98974,0.98828,0.9875,0.9878,0.98688,0.98358,0.98704,0.9812,0.98318,0.98238,0.981,0.9813,0.97752,0.97252,0.9771,0.97058,0.96648,0.97142,0.96708,0.964,0.96072,0.96256,0.96116,0.95094,0.94818,0.95312,0.94914,0.9532,0.94694,0.94198,0.9387,0.92854,0.90372,0.9304,0.91178,0.9111,0.9184,0.90092,0.89138,0.85542,0.57744,0.84524,0.88892,0.87078,0.83804,0.83754,0.17818,0.04498,0.33904,0.03258,0.77552,0.80434,0.73442,0.27566,0.2691,0.28368,0.05148,0.6126,0.2444,0.5519,0.46218,0.38166,0.10676,0.23432,0.1402,0.16464,0.13498,0.10842,0.3181,0.06366,0.04522,0.18838,0.11622,0.18768,0.07288,0.02894,0.1929,0.0148,0.00054,0.0418,0.02438,0.03882,0.0948,0.02194,0.10708,0.0768,0.11214,0.0498,0.09596,0.03472,0.04812,0.09144,0.01034,0.02504,0.08852,0.05044,0.01766,0.05848,0.0311,0.0203,0.06042,0.06102,0.03286,0.02702,0.01048,0.01232,0.03324,0.02838,0.0354,0.0449,0.01272,0.06276,0.06618,0.00394,0.00682,0.00136,0.03228,0.01372,0.00498,0.03082,0.01068,0.0308,0.00526,0.02878,0.00252,0.01272,0.00718,0.01158,0.01612,0.01992,0.02122,0.02284,0.0859,0.00428,0.00836,0.0052,0.02514,0.0124,0.02358,0.00204,0.00686,0.00464,0.00998,0.01022,0.01252,0.00774,0.01656,0.01744,0.03874,0.0109,0.00548,0.00656,0.0164,0.00056,0.00132,0.01,0.06094,0.0073,0.02444,0.03194,0.00994,0.00854,0.01182,0.0049,0.01044,0.0066,0.0117,0.00648,0.00022,0.0015,0.01656,0.03354,0.00718,0.00286,0.00194,0.00246,0.01848,0.011,0.01134,0.01268,0.00752,0.01284,0.01638,0.01848,0.0053,0.00716,0.01484,0.0339,0.00376,0.00052,0.00448,0.01556,0.00216,0.00702,0.00386,0.0103,0.00716,0.00504,0.01138,0.00062,0.00538,0.0081,0.01346,0.02202,0.00482,0.0144,0.01034,0.00112,0.0038,0.00912,0.00152,0.00996,0.0144,0.00728,0.00296
0.99898,0.19982,0.99898,0.39958,0.99898,0.19982,0.99898,0.99902,0.99898,0.19978,0.19978,0.19978,0.39958,0.99898,0.99902,0.99898,0.99898,0.99902,0.99898,0.39958,0.99902,0.99902,0.19978,0.99902,0.99902,0.1998,0.08372,0.99898,0.99898,0.0298,0.99898,0.43198,0.99902,0.99898,0.67774,0.99902,0.99898,0.99902,0.99898,0.99902,0.99896,0.99902,0.75416,0.99892,0.99894,0.99894,0.99898,0.99894,0.99888,0.99872,0.99892,0.99892,0.99878,0.99876,0.99866,0.99864,0.99858,0.99852,0.99832,0.99822,0.9982,0.99798,0.99784,0.99746,0.99792,0.9973,0.99744,0.9973,0.99692,0.99716,0.99668,0.99534,0.99556,0.99522,0.99544,0.99478,0.99478,0.99498,0.99326,0.99188,0.99178,0.99142,0.99182,0.9901,0.9897,0.98836,0.98742,0.98772,0.9868,0.98366,0.98708,0.98112,0.98314,0.9823,0.98096,0.98122,0.97748,0.9726,0.97702,0.97066,0.9664,0.9715,0.967,0.96396,0.96076,0.96264,0.9612,0.9509,0.94814,0.95304,0.94922,0.95312,0.94702,0.9419,0.93874,0.92862,0.90376,0.93036,0.91174,0.91106,0.91832,0.901,0.89134,0.85538,0.57736,0.84528,0.88888,0.87074,0.83808,0.8375,0.17826,0.04494,0.33896,0.0325,0.77544,0.8043,0.73434,0.27562,0.26918,0.28376,0.0514,0.61256,0.24436,0.55186,0.46222,0.3817,0.10672,0.23436,0.14028,0.16472,0.13506,0.10838,0.31806,0.05628,0.04514,0.18846,0.11614,0.18776,0.07292,0.02902,0.19294,0.09606,0.00046,0.04172,0.0787,0.03268,0.09472,0.00788,0.09526,0.07672,0.15392,0.02366,0.04994,0.00292,0.0482,0.06718,0.0331,0.05982,0.02024,0.13858,0.04754,0.05844,0.0355,0.01078,0.03248,0.06588,0.09214,0.01018,0.02142,0.01468,0.05954,0.0227,0.03516,0.01172,0.0123,0.06276,0.06618,0.00394,0.00682,0.00136,0.03228,0.01372,0.00498,0.03082,0.01068,0.0308,0.00526,0.02878,0.00252,0.01272,0.00718,0.01158,0.01612,0.01992,0.02122,0.02284,0.0859,0.00428,0.00836,0.0052,0.02514,0.0124,0.02358,0.00204,0.00686,0.00464,0.00998,0.01022,0.01252,0.00774,0.01656,0.01744,0.03874,0.0109,0.00548,0.00656,0.0164,0.00056,0.00132,0.01,0.06094,0.0073,0.02444,0.03194,0.00994,0.00854,0.01182,0.0049,0.01044,0.0066,0.0117,0.00648,0.00022,0.0015,0.01656,0.03354,0.00718,0.00286,0.00194,0.00246,0.01848,0.011,0.01134,0.01268,0.00752,0.01284,0.01638,0.01848,0.0053,0.00716,0.01484,0.0339,0.00376,0.00052,0.00448,0.01556,0.00216,0.00702,0.00386,0.0103,0.00716,0.00504,0.01138,0.00062,0.00538,0.0081,0.01346,0.02202,0.00482,0.0144,0.01034,0.00112,0.0038,0.00912,0.00152,0.00996,0.0144,0.00728,0.00296
0.99898,0.19982,0.99898,0.39958,0.99898,0.19982,0.99898,0.99902,0.99898,0.19978,0.19978,0.19978,0.39958,0.99898,0.99902,0.99898,0.99898,0.99902,0.99898,0.39958,0.99902,0.99902,0.19978,0.99902,0.99902,0.1998,0.08372,0.99898,0.99898,0.0298,0.99898,0.43198,0.99902,0.99898,0.67774,0.99902,0.99898,0.99902,0.99898,0.99902,0.99896,0.99902,0.75416,0.99892,0.99894,0.99894,0.99898,0.99894,0.99888,0.99872,0.99892,0.99892,0.99878,0.99876,0.99866,0.99864,0.99858,0.99852,0.99832,0.99822,0.9982,0.99798,0.99784,0.99746,0.99792,0.9973,0.99744,0.9973,0.99692,0.99716,0.99668,0.99534,0.99556,0.99522,0.99544,0.99478,0.99478,0.99498,0.99326,0.99188,0.99178,0.99142,0.99182,0.9901,0.9897,0.98836,0.98742,0.98772,0.9868,0.98366,0.98708,0.98112,0.98314,0.9823,0.98096,0.98122,0.97748,0.9726,0.97702,0.97066,0.9664,0.9715,0.967,0.96396,0.96076,0.96264,0.9612,0.9509,0.94814,0.95304,0.94922,0.95312,0.94702,0.9419,0.93874,0.92862,0.90376,0.93036,0.91174,0.91106,0.91832,0.901,0.89134,0.85538,0.57736,0.84528,0.88888,0.87074,0.83808,0.8375,0.17826,0.04494,0.33896,0.0325,0.77544,0.8043,0.73434,0.27562,0.26918,0.28376,0.0514,0.61256,0.24436,0.55186,0.46222,0.3817,0.10672,0.23436,0.14028,0.16472,0.13506,0.10838,0.31806,0.05628,0.04514,0.18846,0.11614,0.18776,0.07292,0.02902,0.19294,0.09606,0.00046,0.04172,0.0787,0.03268,0.09472,0.00788,0.09526,0.07672,0.15392,0.02366,0.04994,0.00292,0.0482,0.06718,0.0331,0.05982,0.02024,0.13858,0.04754,0.05844,0.0355,0.01078,0.03248,0.06588,0.09214,0.01018,0.02142,0.01468,0.05954,0.0227,0.03516,0.01172,0.0123,0.06276,0.06618,0.00394,0.00682,0.00136,0.03228,0.01372,0.00498,0.03082,0.01068,0.0308,0.00526,0.02878,0.00252,0.01272,0.00718,0.01158,0.01612,0.01992,0.02122,0.02284,0.0859,0.00428,0.00836,0.0052,0.02514,0.0124,0.02358,0.00204,0.00686,0.00464,0.00998,0.01022,0.01252,0.00774,0.01656,0.01744,0.03874,0.0109,0.00548,0.00656,0.0164,0.00056,0.00132,0.01,0.06094,0.0073,0.02444,0.03194,0.00994,0.00854,0.01182,0.0049,0.01044,0.0066,0.0117,0.00648,0.00022,0.0015,0.01656,0.03354,0.00718,0.00286,0.00194,0.00246,0.01848,0.011,0.01134,0.01268,0.00752,0.01284,0.01638,0.01848,0.0053,0.00716,0.01484,0.0339,0.00376,0.00052,0.00448,0.01556,0.00216,0.00702,0.00386,0.0103,0.00716,0.00504,0.01138,0.00062,0.00538,0.0081,0.01346,0.02202,0.00482,0.0144,0.01034,0.00112,0.0038,0.00912,0.00152,0.00996,0.0144,0.00728,0.00296
0.99898,0.99902,0.99902,0.19982,0.99902,0.99898,0.19978,0.99898,0.99898,0.99902,0.19978,0.99898,0.99902,0.99898,0.99898,2e-05,0.99902,0.99898,0.99902,0.99902,0.99902,0.99898,0.99902,0.00086,0.99902,0.99902,0.19298,0.2006,0.99898,0.99898,0.50918,0.99898,0.99898,0.99902,0.99902,0.99902,0.96324,0.99902,0.999,0.99892,0.7791,0.99896,0.99888,0.99886,0.9989,0.7062,0.99896,0.99892,0.99902,0.99874,0.99894,0.99874,0.9987,0.99866,0.9987,0.9983,0.99826,0.99844,0.9983,0.99818,0.99836,0.99818,0.9982,0.99772,0.99786,0.99792,0.99722,0.99602,0.99726,0.99658,0.99638,0.9958,0.99666,0.9936,0.99538,0.99526,0.99416,0.99402,0.99294,0.99214,0.99364,0.99162,0.99128,0.99018,0.99074,0.98794,0.98718,0.98808,0.98798,0.98554,0.98574,0.98258,0.98232,0.98078,0.98084,0.97584,0.97924,0.97982,0.9728,0.97168,0.9693,0.96738,0.96534,0.96054,0.96074,0.96218,0.9477,0.9523,0.95714,0.94832,0.9427,0.93984,0.9402,0.9389,0.9429,0.92144,0.9264,0.91068,0.92196,0.9306,0.90652,0.90722,0.88322,0.87828,0.43514,0.33,0.87414,0.77338,0.82566,0.84536,0.80572,0.18714,0.83242,0.80668,0.78474,0.7921,0.58936,0.27306,0.52014,0.29724,0.08032,0.36378,0.39048,0.39504,0.39754,0.0161,0.07726,0.15096,0.018,0.11086,0.39824,0.04722,0.0298,0.33884,0.08882,0.16556,0.10998,0.14856,0.33012,0.0424,0.06908,0.09314,0.1385,0.0136,0.00134,0.10982,0.25886,0.00062,0.15156,0.1003,0.01576,0.03818,0.06328,0.02236,0.02686,0.0164,0.00504,0.05458,0.0041,0.04402,0.02964,0.04576,0.0332,0.00466,0.06906,0.02284,0.00102,0.00532,0.046,0.00734,0.00066,0.01858,0.04928,0.00924,0.0248,0.02028,0.01602,0.09372,0.02936,0.03102,0.03364,0.03148,0.03088,0.0276,0.02094,0.0387,0.019,0.00336,0.04236,0.028,0.04764,0.01316,0.01768,0.00156,0.0094,0.0032,0.00124,0.00698,0.00146,0.00314,0.0022,0.0331,0.0158,0.0237,0.04082,0.01704,0.02026,0.00578,0.00738,0.00824,0.01412,0.03424,0.01352,0.00488,0.03616,0.0275,0.0244,0.0277,0.0219,0.0132,0.0054,0.0145,0.00506,0.00962,0.00632,0.04178,0.00372,0.0189,0.00566,0.01492,0.01058,0.0093,0.00678,0.00014,0.00028,0.0225,0.00672,0.01318,0.00548,0.00534,0.00124,0.01168,0.00436,6e-05,0.00014,0.02044,0.02014,0.00044,0.01782,0.00752,0.02802,0.00474,0.00332,0.00868,0.002,0.0118,0.00792,0.00238,0.00634,0.00164,0.01294,0.00048,0.01362,0.01786,0.00606,0.01942,0.00618,0.01426,0.0209,0.01358,0.01372,0.01386,0.00692,0.00574,0.0156,0.01104,0.00656,0.00076,0.00744
0.99892,0.99892,0.99908,0.99908,0.99908,0.99908,0.99908,0.99892,0.19972,0.99892,0.99908,0.99908,0.99908,0.99892,0.99908,0.19972,0.99908,0.99892,0.99892,8e-05,0.99892,0.99908,0.99892,0.0001,0.19986,0.20088,0.99908,0.0418,0.99908,0.99892,0.99892,0.17778,0.99908,0.99892,0.99892,0.99908,0.99908,0.84036,0.99906,0.99902,0.99908,0.99902,0.99898,0.99892,0.9988,0.99904,0.99902,0.99886,0.99892,0.99868,0.999,0.99884,0.99864,0.99876,0.99864,0.99836,0.99836,0.9985,0.9982,0.99812,0.99846,0.99828,0.9981,0.99778,0.99796,0.99798,0.99732,0.99608,0.99716,0.99668,0.99648,0.99586,0.99672,0.9937,0.99548,0.99532,0.99422,0.99392,0.993,0.9922,0.99374,0.99152,0.99138,0.99008,0.99084,0.98804,0.98728,0.98798,0.98804,0.98544,0.98564,0.98268,0.98222,0.98072,0.9809,0.9759,0.97914,0.97992,0.9729,0.97178,0.96936,0.96744,0.9654,0.9606,0.9608,0.96212,0.9478,0.95224,0.95724,0.94838,0.9428,0.93978,0.94026,0.93884,0.943,0.92134,0.9263,0.91058,0.92206,0.9305,0.90662,0.90716,0.88328,0.87822,0.43524,0.32994,0.87424,0.77328,0.82572,0.84542,0.80582,0.18708,0.83252,0.80662,0.78468,0.7922,0.5893,0.273,0.52024,0.29734,0.08022,0.36372,0.39038,0.39494,0.39748,0.016,0.0772,0.15102,0.0179,0.11076,0.39814,0.04732,0.02974,0.33878,0.08892,0.16566,0.10988,0.14866,0.33006,0.04246,0.06898,0.09304,0.13856,0.01366,0.0014,0.10972,0.25892,0.00056,0.15146,0.1004,0.01586,0.05052,0.04166,0.00354,0.0766,0.02902,0.01808,0.00774,0.00488,0.04172,0.00384,0.12082,0.00324,0.04784,0.03724,0.04414,0.00622,0.02788,0.01638,0.10494,0.01642,0.02182,0.0443,0.05056,0.0248,0.02028,0.01602,0.09372,0.02936,0.03102,0.03364,0.03148,0.03088,0.0276,0.02094,0.0387,0.019,0.00336,0.04236,0.028,0.04764,0.01316,0.01768,0.00156,0.0094,0.0032,0.00124,0.00698,0.00146,0.00314,0.0022,0.0331,0.0158,0.0237,0.04082,0.01704,0.02026,0.00578,0.00738,0.00824,0.01412,0.03424,0.01352,0.00488,0.03616,0.0275,0.0244,0.0277,0.0219,0.0132,0.0054,0.0145,0.00506,0.00962,0.00632,0.04178,0.00372,0.0189,0.00566,0.01492,0.01058,0.0093,0.00678,0.00014,0.00028,0.0225,0.00672,0.01318,0.00548,0.00534,0.00124,0.01168,0.00436,6e-05,0.00014,0.02044,0.02014,0.00044,0.01782,0.00752,0.02802,0.00474,0.00332,0.00868,0.002,0.0118,0.00792,0.00238,0.00634,0.00164,0.01294,0.00048,0.01362,0.01786,0.00606,0.01942,0.00618,0.01426,0.0209,0.01358,0.01372,0.01386,0.00692,0.00574,0.0156,0.01104,0.00656,0.00076,0.00744
0.99892,0.99892,0.99908,0.99908,0.99908,0.99908,0.99908,0.99892,0.19972,0.99892,0.99908,0.99908,0.99908,0.99892,0.99908,0.19972,0.99908,0.99892,0.99892,8e-05,0.99892,0.99908,0.99892,0.0001,0.19986,0.20088,0.99908,0.0418,0.99908,0.99892,0.99892,0.17778,0.99908,0.99892,0.99892,0.99908,0.99908,0.84036,0.99906,0.99902,0.99908,0.99902,0.99898,0.99892,0.9988,0.99904,0.99902,0.99886,0.99892,0.99868,0.999,0.99884,0.99864,0.99876,0.99864,0.99836,0.99836,0.9985,0.9982,0.99812,0.99846,0.99828,0.9981,0.99778,0.99796,0.99798,0.99732,0.99608,0.99716,0.99668,0.99648,0.99586,0.99672,0.9937,0.99548,0.99532,0.99422,0.99392,0.993,0.9922,0.99374,0.99152,0.99138,0.99008,0.99084,0.98804,0.98728,0.98798,0.98804,0.98544,0.98564,0.98268,0.98222,0.98072,0.9809,0.9759,0.97914,0.97992,0.9729,0.97178,0.96936,0.96744,0.9654,0.9606,0.9608,0.96212,0.9478,0.95224,0.95724,0.94838,0.9428,0.93978,0.94026,0.93884,0.943,0.92134,0.9263,0.91058,0.92206,0.9305,0.90662,0.90716,0.88328,0.87822,0.43524,0.32994,0.87424,0.77328,0.82572,0.84542,0.80582,0.18708,0.83252,0.80662,0.78468,0.7922,0.5893,0.273,0.52024,0.29734,0.08022,0.36372,0.39038,0.39494,0.39748,0.016,0.0772,0.15102,0.0179,0.11076,0.39814,0.04732,0.02974,0.33878,0.08892,0.16566,0.10988,0.14866,0.33006,0.04246,0.06898,0.09304,0.13856,0.01366,0.0014,0.10972,0.25892,0.00056,0.15146,0.1004,0.01586,0.05052,0.04166,0.00354,0.0766,0.02902,0.01808,0.00774,0.00488,0.04172,0.00384,0.12082,0.00324,0.04784,0.03724,0.04414,0.00622,0.02788,0.01638,0.10494,0.01642,0.02182,0.0443,0.05056,0.0248,0.02028,0.01602,0.09372,0.02936,0.03102,0.03364,0.03148,0.03088,0.0276,0.02094,0.0387,0.019,0.00336,0.04236,0.028,0.04764,0.01316,0.01768,0.00156,0.0094,0.0032,0.00124,0.00698,0.00146,0.00314,0.0022,0.0331,0.0158,0.0237,0.04082,0.01704,0.02026,0.00578,0.00738,0.00824,0.01412,0.03424,0.01352,0.00488,0.03616,0.0275,0.0244,0.0277,0.0219,0.0132,0.0054,0.0145,0.00506,0.00962,0.00632,0.04178,0.00372,0.0189,0.00566,0.01492,0.01058,0.0093,0.00678,0.00014,0.00028,0.0225,0.00672,0.01318,0.00548,0.00534,0.00124,0.01168,0.00436,6e-05,0.00014,0.02044,0.02014,0.00044,0.01782,0.00752,0.02802,0.00474,0.00332,0.00868,0.002,0.0118,0.00792,0.00238,0.00634,0.00164,0.01294,0.00048,0.01362,0.01786,0.00606,0.01942,0.00618,0.01426,0.0209,0.01358,0.01372,0.01386,0.00692,0.00574,0.0156,0.01104,0.00656,0.00076,0.00744
0.99902,0.19982,0.99902,0.99898,0.99898,0.99898,0.19982,0.99902,0.99898,0.99902,0.99898,0.99898,0.39958,0.99902,0.99898,0.19982,0.19982,0.99898,0.19978,0.99902,0.99902,0.99902,0.99902,0.99902,0.99898,0.20044,0.99902,0.34516,0.55006,0.0017,0.99798,0.99898,0.99902,0.99902,0.99898,0.99902,0.99902,0.85812,0.99902,0.99898,0.99898,0.999,0.999,0.99896,0.99894,0.99896,0.999,0.99898,0.99892,0.99874,0.99868,0.99884,0.99866,0.99888,0.99866,0.99862,0.9983,0.99852,0.99824,0.99816,0.99812,0.99776,0.99808,0.99736,0.99746,0.9972,0.9975,0.99726,0.99688,0.99634,0.99634,0.99574,0.99552,0.99618,0.9947,0.99458,0.99408,0.99412,0.99286,0.99366,0.99102,0.99202,0.992,0.98932,0.99004,0.98824,0.98704,0.98696,0.98692,0.985,0.98468,0.98472,0.98066,0.9829,0.98252,0.97636,0.97366,0.9776,0.9712,0.97124,0.97236,0.9695,0.96774,0.96824,0.96482,0.96406,0.95944,0.95624,0.95318,0.93932,0.9558,0.9388,0.94134,0.94292,0.9399,0.93386,0.93182,0.9253,0.90256,0.90188,0.91274,0.90494,0.90796,0.85822,0.88278,0.85396,0.88598,0.86418,0.86652,0.6316,0.84458,0.21076,0.45966,0.15676,0.73758,0.41282,0.70054,0.35248,0.5207,0.77836,0.64588,0.01492,0.09868,0.06494,0.19648,0.20378,0.35196,0.34682,0.10482,0.13016,0.1982,0.34314,0.221,0.0121,0.21364,0.18206,0.06088,0.16664,0.03458,0.11916,0.16456,0.01088,0.0427,0.029,0.04252,0.1535,0.22506,0.03064,0.12988,0.00192,0.06504,0.00214,0.00862,0.10008,0.10492,0.00032,0.06252,0.16564,0.0686,0.074,0.10614,0.00694,0.00802,0.04776,0.005,0.00082,0.04594,0.03124,0.04286,0.06588,0.006,0.00414,0.04534,0.03956,0.0308,0.04652,0.00226,0.01232,0.03518,0.01846,0.02864,0.01432,0.01974,0.0147,0.04558,0.0412,0.02,0.0098,0.05764,0.07368,0.02154,0.00202,0.0168,0.00302,0.01014,0.0412,0.029,0.01766,0.03426,0.00176,0.00086,0.02866,0.00514,0.0064,0.01462,0.00364,0.01156,0.00644,0.02248,0.00306,0.00348,0.02858,0.0104,0.0157,0.01984,0.02938,0.01948,0.0229,0.00802,0.011,0.01596,0.02824,0.00806,0.02072,0.00474,0.01374,0.00586,0.00372,0.0366,0.00256,0.0127,0.0015,0.01148,0.021,0.00234,0.00652,0.034,0.01644,0.01992,0.00548,0.0219,0.01034,0.00332,0.00724,0.00188,0.0077,0.00202,0.02094,0.0035,0.00406,0.0041,0.00534,0.00694,0.03188,0.02356,0.01804,0.00328,0.00712,0.00588,0.00164,0.00094,0.01132,0.00504,0.00246,0.02154,0.00172,0.0061,0.00166,0.0031,0.01668,0.0042,0.00282,0.00504,0.0048,0.01048,0.00446,0.0074,0.00396,0.00428
0.99892,0.19988,0.99908,0.99908,0.99908,0.19972,0.99908,0.99892,0.99908,0.99892,0.99908,8e-05,0.99908,0.19988,8e-05,0.99908,0.99908,0.99892,0.19988,0.99892,0.59948,0.99908,0.99892,0.99892,0.99908,0.99892,0.99908,0.99908,0.46956,0.99908,0.99908,0.05944,0.99908,0.99908,0.52522,0.99908,0.99908,0.99908,0.99892,0.99908,0.99908,0.67358,0.99906,0.99906,0.99904,0.90026,0.99906,0.99888,0.99898,0.99884,0.99874,0.99884,0.99866,0.99888,0.99866,0.99862,0.9983,0.99852,0.99824,0.99816,0.99812,0.99776,0.99808,0.99736,0.99746,0.9972,0.9975,0.99726,0.99688,0.99634,0.99634,0.99574,0.99552,0.99618,0.9947,0.99458,0.99408,0.99412,0.99286,0.99366,0.99102,0.99202,0.992,0.98932,0.99004,0.98824,0.98704,0.98696,0.98692,0.985,0.98468,0.98472,0.98066,0.9829,0.98252,0.97636,0.97366,0.9776,0.9712,0.97124,0.97236,0.9695,0.96774,0.96824,0.96482,0.96406,0.95944,0.95624,0.95318,0.93932,0.9558,0.9388,0.94134,0.94292,0.9399,0.93386,0.93182,0.9253,0.90256,0.90188,0.91274,0.90494,0.90796,0.85822,0.88278,0.85396,0.88598,0.86418,0.86652,0.6316,0.84458,0.21076,0.45966,0.15676,0.73758,0.41282,0.70054,0.35248,0.5207,0.77836,0.64588,0.01492,0.09868,0.06494,0.19648,0.20378,0.35196,0.34682,0.10482,0.13016,0.1982,0.34314,0.221,0.0121,0.21364,0.18206,0.06088,0.16664,0.03458,0.11916,0.16456,0.01088,0.0427,0.029,0.04252,0.1535,0.22506,0.03064,0.12988,0.00192,0.06504,0.00214,0.00862,0.10008,0.10492,0.00032,0.06252,0.16564,0.0686,0.074,0.10614,0.00694,0.00802,0.04776,0.005,0.00082,0.04594,0.03124,0.04286,0.06588,0.006,0.00414,0.04534,0.03956,0.0308,0.04652,0.00226,0.01232,0.03518,0.01846,0.02864,0.01432,0.01974,0.0147,0.04558,0.0412,0.02,0.0098,0.05764,0.07368,0.02154,0.00202,0.0168,0.00302,0.01014,0.0412,0.029,0.01766,0.03426,0.00176,0.00086,0.02866,0.00514,0.0064,0.01462,0.00364,0.01156,0.00644,0.02248,0.00306,0.00348,0.02858,0.0104,0.0157,0.01984,0.02938,0.01948,0.0229,0.00802,0.011,0.01596,0.02824,0.00806,0.02072,0.00474,0.01374,0.00586,0.00372,0.0366,0.00256,0.0127,0.0015,0.01148,0.021,0.00234,0.00652,0.034,0.01644,0.01992,0.00548,0.0219,0.01034,0.00332,0.00724,0.00188,0.0077,0.00202,0.02094,0.0035,0.00406,0.0041,0.00534,0.00694,0.03188,0.02356,0.01804,0.00328,0.00712,0.00588,0.00164,0.00094,0.01132,0.00504,0.00246,0.02154,0.00172,0.0061,0.00166,0.0031,0.01668,0.0042,0.00282,0.00504,0.0048,0.01048,0.00446,0.0074,0.00396,0.00428
0.99892,0.19988,0.99908,0.99908,0.99908,0.19972,0.99908,0.99892,0.99908,0.99892,0.99908,8e-05,0.99908,0.19988,8e-05,0.99908,0.99908,0.99892,0.19988,0.99892,0.59948,0.99908,0.99892,0.99892,0.99908,0.99892,0.99908,0.99908,0.46956,0.99908,0.99908,0.05944,0.99908,0.99908,0.52522,0.99908,0.99908,0.99908,0.99892,0.99908,0.99908,0.67358,0.99906,0.99906,0.99904,0.90026,0.99906,0.99888,0.99898,0.99884,0.99874,0.99894,0.99872,0.99894,0.9986,0.99856,0.99836,0.99858,0.9983,0.9981,0.99822,0.99786,0.99802,0.99742,0.99736,0.99714,0.9976,0.99716,0.99698,0.99644,0.99644,0.99584,0.99562,0.99628,0.99464,0.99468,0.99414,0.99402,0.99276,0.99372,0.99108,0.99208,0.9919,0.98922,0.99014,0.98834,0.98714,0.98702,0.98702,0.98506,0.98462,0.98478,0.98076,0.983,0.98262,0.97642,0.97376,0.9775,0.9713,0.97134,0.97246,0.96944,0.9678,0.9683,0.96476,0.96412,0.95934,0.95614,0.95324,0.93926,0.95586,0.93886,0.9414,0.94302,0.93984,0.93396,0.93192,0.9252,0.9025,0.90182,0.91268,0.90504,0.90802,0.85812,0.88268,0.85406,0.88608,0.86412,0.86658,0.6317,0.84468,0.21066,0.45976,0.1567,0.73768,0.41276,0.7006,0.35238,0.5208,0.77842,0.64598,0.01482,0.09874,0.06504,0.19658,0.20384,0.35206,0.34676,0.10472,0.1301,0.19814,0.34324,0.2209,0.00316,0.21354,0.18216,0.06082,0.26246,0.03464,0.10282,0.1645,0.01078,0.0428,0.0291,0.04246,0.08702,0.225,0.10208,0.0877,0.00202,0.06498,0.05426,0.05848,0.05576,0.03116,0.04054,0.1064,0.088,0.05354,0.014,0.10604,0.01732,0.01324,0.04908,0.00676,0.05036,0.03416,0.07276,0.00664,0.0041,0.03108,0.02788,0.03872,0.02812,0.01182,0.00074,0.01784,0.00928,0.01276,0.02158,0.04168,0.01248,0.03186,0.00518,0.00666,0.00926,0.01508,0.02692,6e-05,0.04222,0.00262,0.02208,0.00152,0.00992,0.01458,0.04794,0.01882,0.01942,0.00928,0.02078,0.0259,0.02696,0.00156,0.02928,0.01372,0.01902,0.00838,0.02054,0.01798,0.00342,0.0232,0.00208,8e-05,0.03378,0.01446,0.03596,0.0076,0.02054,0.00932,0.015,0.00728,0.00362,0.0191,0.0011,0.02816,0.01054,0.01476,0.0075,0.01714,0.03844,0.0025,0.00722,0.0217,0.014,0.0054,0.02576,0.01842,0.00076,0.00028,0.02486,0.00362,0.00962,0.00984,0.00724,0.00188,0.0077,0.00202,0.02094,0.0035,0.00406,0.0041,0.00534,0.00694,0.03188,0.02356,0.01804,0.00328,0.00712,0.00588,0.00164,0.00094,0.01132,0.00504,0.00246,0.02154,0.00172,0.0061,0.00166,0.0031,0.01668,0.0042,0.00282,0.00504,0.0048,0.01048,0.00446,0.0074,0.00396,0.00428
0.99898,2e-05,0.19978,0.19982,0.99902,0.19982,0.19978,0.99902,0.39958,0.99902,0.39958,0.99902,0.99898,2e-05,0.99898,0.99898,0.99902,0.99902,0.39962,0.99902,0.19982,0.99898,0.99902,6e-05,0.99898,0.99902,0.99898,0.99902,0.09632,0.99898,0.78108,0.08162,0.99902,0.99898,0.99902,0.99896,0.99902,0.99898,0.99902,0.99902,0.99894,0.99902,0.99894,0.99888,0.9989,0.99894,0.99894,0.99892,0.99896,0.99872,0.99884,0.99876,0.99858,0.99882,0.99858,0.9987,0.99862,0.99858,0.99814,0.99816,0.9979,0.9981,0.9983,0.99792,0.9973,0.9974,0.99746,0.99748,0.99676,0.9974,0.99648,0.99622,0.99544,0.99532,0.99484,0.9941,0.99272,0.99436,0.993,0.99312,0.99204,0.99082,0.99072,0.98998,0.9895,0.98958,0.98794,0.98744,0.98642,0.9854,0.98476,0.98574,0.98092,0.98174,0.9823,0.97998,0.9797,0.97666,0.97366,0.97296,0.9691,0.96898,0.96732,0.9651,0.967,0.95532,0.95172,0.9587,0.9502,0.9468,0.94652,0.94114,0.9305,0.9426,0.94416,0.92802,0.93314,0.9184,0.92218,0.89886,0.90372,0.89038,0.87918,0.88396,0.8911,0.06114,0.84152,0.80862,0.09176,0.86286,0.79714,0.84194,0.80518,0.79986,0.78116,0.78214,0.40414,0.4006,0.4815,0.73598,0.06252,0.5196,0.26358,0.43424,0.15262,0.01584,0.08896,0.21812,0.1192,0.18204,0.40678,0.12558,0.06606,0.26158,0.01964,0.09488,0.08914,0.20594,0.16254,0.17166,0.06286,0.12014,0.01844,0.0918,0.15072,0.1163,0.10864,0.10546,0.0878,0.05248,0.01316,0.01084,0.14924,0.01828,0.01296,0.02382,0.04794,0.03828,0.0651,0.00938,0.05426,0.10742,0.0707,0.00184,0.01912,0.01474,0.02304,0.0549,0.00578,0.00906,0.0338,0.03194,0.05486,0.02036,0.0303,0.0863,0.06314,0.01832,0.01834,0.0454,0.02428,0.0009,0.00222,0.01218,0.03488,0.00074,0.0226,0.03452,0.00682,0.03276,0.02524,0.0222,0.0118,0.03764,0.00972,0.01868,0.03434,0.0168,0.00548,0.00308,0.01566,0.00462,0.0233,0.02742,0.01382,0.00728,0.00622,0.01696,0.00064,0.0057,0.00592,0.00132,0.0294,0.00792,0.01442,0.01774,0.01082,0.00234,0.00892,0.01022,0.05682,0.01678,0.00254,0.0025,0.01752,0.03126,0.00928,0.00428,0.0111,0.00966,0.00414,0.00034,0.00186,0.00724,0.02142,0.00048,0.00468,0.00018,0.00342,0.01464,0.0391,0.00596,0.01502,0.01412,0.00156,0.0168,0.00424,0.00692,0.00052,0.01686,0.0051,0.00794,0.00306,0.0278,0.0107,0.00216,0.00558,0.00228,0.01612,0.00774,0.00534,0.00148,0.01394,0.02318,0.01932,0.01102,0.02316,0.00358,0.00642,0.01532,0.0013,0.00024,0.0131,0.01534,0.001,0.01162,0.0112,0.00852,0.01488
0.99902,0.19982,0.99902,0.99898,0.99898,0.99898,0.19982,0.99902,0.99898,0.99902,0.99898,0.99898,0.39958,0.99902,0.99898,0.19982,0.19982,0.99898,0.19978,0.99902,0.99902,0.99902,0.99902,0.99902,0.99898,0.20044,0.99902,0.34516,0.55006,0.0017,0.99798,0.99898,0.99902,0.99902,0.99898,0.99902,0.99902,0.85812,0.99902,0.99898,0.99898,0.999,0.999,0.99896,0.99894,0.99896,0.999,0.99898,0.99892,0.99874,0.99868,0.99884,0.99866,0.99888,0.99866,0.99862,0.9983,0.99852,0.99824,0.99816,0.99812,0.99776,0.99808,0.99736,0.99746,0.9972,0.9975,0.99726,0.99688,0.99634,0.99634,0.99574,0.99552,0.99618,0.9947,0.99458,0.99408,0.99412,0.99286,0.99366,0.99102,0.99202,0.992,0.98932,0.99004,0.98824,0.98704,0.98696,0.98692,0.985,0.98468,0.98472,0.98066,0.9829,0.98252,0.97636,0.97366,0.9776,0.9712,0.97124,0.97236,0.9695,0.96774,0.96824,0.96482,0.96406,0.95944,0.95624,0.95318,0.93932,0.9558,0.9388,0.94134,0.94292,0.9399,0.93386,0.93182,0.9253,0.90256,0.90188,0.91274,0.90494,0.90796,0.85822,0.88278,0.85396,0.88598,0.86418,0.86652,0.6316,0.84458,0.21076,0.45966,0.15676,0.73758,0.41282,0.70054,0.35248,0.5207,0.77836,0.64588,0.01492,0.09868,0.06494,0.19648,0.20378,0.35196,0.34682,0.10482,0.13016,0.1982,0.34314,0.221,0.0121,0.21364,0.18206,0.06088,0.16664,0.03458,0.11916,0.16456,0.01088,0.0427,0.029,0.04252,0.1535,0.22506,0.03064,0.12988,0.00192,0.06504,0.00214,0.00862,0.10008,0.10492,0.00032,0.06252,0.16564,0.0686,0.074,0.10614,0.00694,0.00802,0.04776,0.005,0.00082,0.04594,0.03124,0.04286,0.06588,0.006,0.00414,0.04534,0.03956,0.0308,0.04652,0.00226,0.01232,0.03518,0.01846,0.02864,0.01432,0.01974,0.0147,0.04558,0.0412,0.02,0.0098,0.05764,0.07368,0.02154,0.00202,0.0168,0.00302,0.01014,0.0412,0.029,0.01766,0.03426,0.00176,0.00086,0.02866,0.00514,0.0064,0.01462,0.00364,0.01156,0.00644,0.02248,0.00306,0.00348,0.02858,0.0104,0.0157,0.01984,0.02938,0.01948,0.0229,0.00802,0.011,0.01596,0.02824,0.00806,0.02072,0.00474,0.01374,0.00586,0.00372,0.0366,0.00256,0.0127,0.0015,0.01148,0.021,0.00234,0.00652,0.034,0.01644,0.01992,0.00548,0.0219,0.01034,0.00332,0.00724,0.00188,0.0077,0.00202,0.02094,0.0035,0.00406,0.0041,0.00534,0.00694,0.03188,0.02356,0.01804,0.00328,0.00712,0.00588,0.00164,0.00094,0.01132,0.00504,0.00246,0.02154,0.00172,0.0061,0.00166,0.0031,0.01668,0.0042,0.00282,0.00504,0.0048,0.01048,0.00446,0.0074,0.00396,0.00428
0.99898,2e-05,0.19978,0.19982,0.99902,0.19982,0.19978,0.99902,0.39958,0.99902,0.39958,0.99902,0.99898,2e-05,0.99898,0.99898,0.99902,0.99902,0.39962,0.99902,0.19982,0.99898,0.99902,6e-05,0.99898,0.99902,0.99898,0.99902,0.09632,0.99898,0.78108,0.08162,0.99902,0.99898,0.99902,0.99896,0.99902,0.99898,0.99902,0.99902,0.99894,0.99902,0.99894,0.99888,0.99876,0.99904,0.99904,0.99878,0.99906,0.99882,0.99898,0.99862,0.99848,0.99872,0.99848,0.99884,0.99876,0.99844,0.99828,0.99826,0.998,0.998,0.99844,0.99802,0.99744,0.99754,0.99756,0.99738,0.99666,0.9975,0.99658,0.99608,0.99554,0.99546,0.99498,0.99424,0.99258,0.99446,0.99314,0.99302,0.99218,0.99092,0.99082,0.99012,0.98964,0.98944,0.98804,0.98758,0.98656,0.9855,0.9849,0.98564,0.98102,0.9816,0.9824,0.98008,0.9798,0.97652,0.9738,0.97306,0.969,0.96912,0.96722,0.9652,0.96714,0.95542,0.95186,0.95884,0.9503,0.94694,0.94638,0.94124,0.93064,0.9427,0.94426,0.92816,0.93324,0.9185,0.92232,0.899,0.90382,0.89048,0.87928,0.8841,0.891,0.06124,0.84166,0.80876,0.09186,0.863,0.797,0.84184,0.80504,0.8,0.78126,0.78228,0.40428,0.40074,0.48164,0.73608,0.06242,0.5197,0.26348,0.43414,0.15248,0.01594,0.08882,0.21802,0.11906,0.18214,0.40688,0.12572,0.06616,0.26144,0.01978,0.09474,0.089,0.2058,0.10782,0.17176,0.06272,0.12028,0.01854,0.0919,0.15086,0.11616,0.04866,0.1056,0.08268,0.0661,0.08724,0.00592,0.1491,0.02976,0.01286,0.04084,0.03152,0.03818,0.0103,0.02084,0.05412,0.0591,0.03962,0.08264,0.035,0.0397,0.00052,0.04626,0.03422,0.03516,0.0226,0.0388,0.02808,0.00648,0.0654,0.01102,0.01972,0.00682,0.03412,0.0459,0.02346,0.00734,0.01916,0.0391,0.0038,0.04066,0.00348,0.00154,0.00612,0.03074,0.00506,0.01402,0.01702,0.0144,0.01436,0.0427,0.02376,0.04136,0.027,0.0096,0.03548,0.0134,0.01694,0.006,0.0024,0.03094,0.00352,0.00442,0.01086,0.01434,0.02606,0.00706,0.00844,0.00396,0.00954,0.01158,0.00396,0.01918,0.0024,0.00738,0.00232,0.0285,0.02702,0.03696,0.0159,0.0077,0.02072,0.0116,0.02214,0.00084,0.0178,0.01838,0.01314,0.00572,0.02034,0.00394,0.02022,0.0098,0.00296,0.01464,0.0391,0.00596,0.01502,0.01412,0.00156,0.0168,0.00424,0.00692,0.00052,0.01686,0.0051,0.00794,0.00306,0.0278,0.0107,0.00216,0.00558,0.00228,0.01612,0.00774,0.00534,0.00148,0.01394,0.02318,0.01932,0.01102,0.02316,0.00358,0.00642,0.01532,0.0013,0.00024,0.0131,0.01534,0.001,0.01162,0.0112,0.00852,0.01488
0.99888,0.99912,0.99912,0.99888,0.39972,0.99912,0.99912,0.99912,0.99888,0.99912,0.19992,0.99912,0.99912,0.99912,0.99912,0.00012,0.99912,0.99888,0.99912,0.19968,0.99888,0.99912,0.99912,0.99912,0.99888,0.99912,0.99912,0.99912,0.0009,0.01048,0.99912,0.08152,0.99912,0.99912,0.99912,0.9991,0.99912,0.99888,0.99912,0.99888,0.99908,0.99912,0.99904,0.99902,0.99876,0.99904,0.99904,0.99878,0.99906,0.99882,0.99898,0.99862,0.99848,0.99872,0.99848,0.99884,0.99876,0.99844,0.99828,0.99826,0.998,0.998,0.99844,0.99802,0.99744,0.99754,0.99756,0.99738,0.99666,0.9975,0.99658,0.99608,0.99554,0.99546,0.99498,0.99424,0.99258,0.99446,0.99314,0.99302,0.99218,0.99092,0.99082,0.99012,0.98964,0.98944,0.98804,0.98758,0.98656,0.9855,0.9849,0.98564,0.98102,0.9816,0.9824,0.98008,0.9798,0.97652,0.9738,0.97306,0.969,0.96912,0.96722,0.9652,0.96714,0.95542,0.95186,0.95884,0.9503,0.94694,0.94638,0.94124,0.93064,0.9427,0.94426,0.92816,0.93324,0.9185,0.92232,0.899,0.90382,0.89048,0.87928,0.8841,0.891,0.06124,0.84166,0.80876,0.09186,0.863,0.797,0.84184,0.80504,0.8,0.78126,0.78228,0.40428,0.40074,0.48164,0.73608,0.06242,0.5197,0.26348,0.43414,0.15248,0.01594,0.08882,0.21802,0.11906,0.18214,0.40688,0.12572,0.06616,0.26144,0.01978,0.09474,0.089,0.2058,0.10782,0.17176,0.06272,0.12028,0.01854,0.0919,0.15086,0.11616,0.04866,0.1056,0.08268,0.0661,0.08724,0.00592,0.1491,0.02976,0.01286,0.04084,0.03152,0.03818,0.0103,0.02084,0.05412,0.0591,0.03962,0.08264,0.035,0.0397,0.00052,0.04626,0.03422,0.03516,0.0226,0.0388,0.02808,0.00648,0.0654,0.01102,0.01972,0.00682,0.03412,0.0459,0.02346,0.00734,0.01916,0.0391,0.0038,0.04066,0.00348,0.00154,0.00612,0.03074,0.00506,0.01402,0.01702,0.0144,0.01436,0.0427,0.02376,0.04136,0.027,0.0096,0.03548,0.0134,0.01694,0.006,0.0024,0.03094,0.00352,0.00442,0.01086,0.01434,0.02606,0.00706,0.00844,0.00396,0.00954,0.01158,0.00396,0.01918,0.0024,0.00738,0.00232,0.0285,0.02702,0.03696,0.0159,0.0077,0.02072,0.0116,0.02214,0.00084,0.0178,0.01838,0.01314,0.00572,0.02034,0.00394,0.02022,0.0098,0.00296,0.01464,0.0391,0.00596,0.01502,0.01412,0.00156,0.0168,0.00424,0.00692,0.00052,0.01686,0.0051,0.00794,0.00306,0.0278,0.0107,0.00216,0.00558,0.00228,0.01612,0.00774,0.00534,0.00148,0.01394,0.02318,0.01932,0.01102,0.02316,0.00358,0.00642,0.01532,0.0013,0.00024,0.0131,0.01534,0.001,0.01162,0.0112,0.00852,0.01488
0.99912,0.99912,0.99912,0.99912,0.99912,0.99912,0.19968,0.99912,0.99912,0.19992,0.99912,0.99912,0.99912,0.39972,0.99912,0.99912,0.99912,0.99912,0.99912,0.99912,0.40108,0.99912,0.99912,0.99888,0.08716,0.20042,0.39974,0.99912,0.99912,0.99912,0.99888,0.35274,0.99912,0.99912,0.99888,0.99912,0.99912,0.99912,0.99912,0.99906,0.9991,0.99912,0.99902,0.99882,0.99906,0.99908,0.99888,0.99884,0.99896,0.99894,0.99882,0.9988,0.99892,0.99884,0.99884,0.9987,0.99854,0.99806,0.99854,0.99824,0.99796,0.99784,0.99806,0.99758,0.9977,0.99754,0.9975,0.99682,0.99624,0.99604,0.99636,0.99574,0.99562,0.99572,0.99512,0.99392,0.9943,0.99322,0.99394,0.99274,0.9931,0.9908,0.99006,0.99038,0.98956,0.9878,0.98864,0.9864,0.98484,0.98382,0.9852,0.98196,0.98194,0.98224,0.97928,0.97852,0.97538,0.97354,0.97338,0.97146,0.96902,0.9703,0.9707,0.9657,0.96446,0.96348,0.95208,0.95538,0.95868,0.95474,0.94618,0.94942,0.95372,0.94352,0.93606,0.93328,0.93356,0.89802,0.91542,0.28844,0.91942,0.91094,0.91168,0.89308,0.86762,0.85742,0.87156,0.71772,0.85338,0.81978,0.77072,0.50028,0.3217,0.74456,0.23306,0.0653,0.75532,0.80768,0.73516,0.01072,0.50076,0.13814,0.17678,0.01288,0.126,0.30826,0.184,0.03966,0.10856,0.05856,0.0123,0.09824,0.32306,0.24634,0.2791,0.02574,0.02624,0.07698,0.1165,0.1072,0.0792,0.2097,0.1009,0.07084,0.04408,0.08636,0.04578,0.1311,0.0281,0.04028,0.08094,0.0066,0.1303,0.08734,0.10848,0.0402,0.06634,0.0098,0.07604,0.0411,0.03748,0.02504,0.09138,0.03578,0.03696,0.02146,0.00558,6e-05,0.04922,0.03592,0.0019,0.01266,0.00876,0.0114,0.00534,0.01252,0.03774,0.02694,0.05802,0.02138,0.0079,0.02858,0.02342,0.01154,0.0363,0.0148,0.01534,0.02956,0.00506,0.06878,0.00652,0.00514,0.01604,0.0165,0.02848,0.04194,0.02436,0.01174,0.03758,0.02266,0.0107,0.01802,0.00876,0.01002,0.00896,0.05568,0.00616,0.015,0.01048,0.03908,0.01634,0.0246,0.00792,0.01602,0.00448,0.00128,0.021,0.00256,0.00426,0.00958,0.00482,0.00934,0.00226,0.00624,0.01944,0.02646,0.03422,0.01444,0.01892,0.0169,0.00884,0.0093,0.01922,0.02404,0.01116,0.00398,0.0036,0.01202,0.02542,0.00508,0.01118,0.00836,0.01002,0.02756,0.01966,0.00946,0.01642,0.0301,0.00756,0.00992,0.00378,0.00894,0.01028,0.01426,0.02336,0.00424,0.00518,0.01472,0.00016,0.0134,0.0178,0.0246,0.00664,0.00376,0.0001,0.00458,0.01802,0.0038,0.00418,0.00062,0.01512,0.00558,0.00814,0.0027,0.00514,0.00126,0.00572,0.00702,0.00872
0.99914,0.99914,0.99914,0.99914,0.99914,0.19966,0.00014,0.99914,0.99914,0.99914,0.39946,0.00014,0.99914,0.99914,0.99914,0.39974,0.99914,0.99914,0.39974,0.99914,0.99886,0.99914,0.19992,0.26156,0.99914,0.19988,0.99914,0.99914,0.99914,0.15864,0.2199,0.99914,0.1793,0.99914,0.99914,0.99914,0.99912,0.99914,0.99914,0.20666,0.99886,0.99882,0.99908,0.9991,0.99906,0.99904,0.9991,0.9991,0.99908,0.99882,0.99908,0.99878,0.999,0.9987,0.99874,0.999,0.99882,0.99858,0.99832,0.9984,0.99848,0.99822,0.99822,0.99814,0.99752,0.99706,0.9971,0.99728,0.99682,0.99706,0.9969,0.99554,0.99576,0.9959,0.99542,0.9947,0.99414,0.9942,0.99328,0.99178,0.99358,0.99224,0.98998,0.99166,0.98724,0.98764,0.98796,0.98784,0.98592,0.98544,0.98532,0.98426,0.98504,0.98276,0.97912,0.97754,0.97738,0.97422,0.97488,0.96812,0.97184,0.96976,0.96876,0.9676,0.9619,0.96388,0.95294,0.9581,0.95712,0.95298,0.93936,0.9504,0.9455,0.93868,0.93702,0.92764,0.9319,0.923,0.92162,0.91552,0.89768,0.88498,0.88436,0.90744,0.88214,0.87506,0.85508,0.86298,0.86098,0.84998,0.85624,0.78702,0.7775,0.84866,0.63878,0.37456,0.00792,0.3679,0.7266,0.004,0.6163,0.27284,0.3843,0.14384,0.53256,0.03998,0.19912,0.05586,0.02206,0.02724,0.2468,0.46548,0.10736,0.1316,0.08622,0.10994,0.0083,0.11944,0.00042,0.12452,0.16876,0.03122,0.00764,0.09886,0.14378,0.10874,0.18284,0.15078,0.1466,0.08242,0.08632,0.14742,0.0293,0.11154,0.03222,0.01928,0.00328,0.01724,0.06298,0.01868,0.08188,0.00698,0.07448,0.00418,0.00398,0.05004,0.03464,0.01888,0.02506,0.0216,0.04372,0.04412,0.02704,0.02644,0.0193,0.03466,0.0154,0.04154,0.03744,0.00268,0.00952,0.01704,0.0045,0.02874,0.02452,0.03174,0.01342,0.06,0.0301,0.005,0.04286,0.02704,0.0724,0.01578,0.02124,0.03598,0.02878,0.0345,0.00738,0.00664,0.0109,0.03626,0.00318,0.0024,0.00466,0.02004,0.01474,0.01636,0.00954,0.01086,0.01914,0.0138,0.0015,0.02168,0.00324,0.0128,0.02006,0.02112,0.03596,0.02156,0.00332,0.02186,0.00806,0.00428,0.00194,0.02804,0.0017,0.00186,0.0002,0.01698,0.02202,0.02036,0.00028,0.01924,0.0136,0.01548,0.00702,0.01974,0.00814,0.00594,0.0146,0.0067,0.00086,0.01066,0.00522,0.02464,2e-05,0.00844,0.00836,0.00034,0.00546,0.01086,0.00944,0.01534,0.0096,0.0155,0.03232,0.01482,0.01662,0.00424,0.01562,0.00436,0.00822,0.01074,0.00766,0.01788,0.0054,0.00476,0.00898,0.00112,0.02214,0.0045,0.00244,0.00688,0.00538,0.0055,0.01038,0.00574,0.00202
0.19994,0.99914,0.99914,0.99914,0.99914,0.99914,0.99914,0.99914,0.99914,0.99914,0.99914,0.99886,0.99914,0.99914,0.00014,0.99914,0.00014,0.99914,0.99914,0.39974,0.99886,0.99886,0.99914,0.04576,0.99914,0.99886,0.99914,0.99914,0.99914,0.99914,0.99914,0.81178,0.99914,0.99914,0.99914,0.93214,0.99886,0.20166,0.99914,0.9988,0.99912,0.99914,0.99904,0.9988,0.99908,0.9991,0.99914,0.9991,0.9987,0.99896,0.99884,0.99882,0.99894,0.99886,0.99886,0.99872,0.99856,0.99832,0.99828,0.99826,0.99794,0.99758,0.99832,0.99784,0.99772,0.99756,0.99752,0.99684,0.9965,0.99606,0.99638,0.99576,0.99564,0.99574,0.99538,0.99418,0.99432,0.99324,0.99392,0.99276,0.99312,0.99082,0.9898,0.99064,0.98982,0.98754,0.98866,0.98614,0.98458,0.98384,0.98546,0.98198,0.9822,0.98198,0.97926,0.97854,0.97564,0.9738,0.9734,0.97148,0.96876,0.97032,0.97072,0.96572,0.96448,0.96374,0.95234,0.95512,0.95894,0.95476,0.9462,0.94916,0.95398,0.94326,0.93608,0.93302,0.93382,0.89828,0.91544,0.28846,0.91916,0.91096,0.91142,0.8931,0.86764,0.85716,0.87158,0.71774,0.8534,0.8198,0.77074,0.50054,0.32196,0.74458,0.23304,0.06532,0.7553,0.80794,0.73514,0.0107,0.50102,0.13816,0.17704,0.01286,0.12574,0.30828,0.18426,0.0394,0.10858,0.05858,0.01204,0.09822,0.32304,0.24608,0.27912,0.026,0.02626,0.07724,0.00464,0.10718,0.07946,0.19996,0.10116,0.06186,0.04406,0.10274,0.04604,0.13084,0.02808,0.0403,0.00132,0.03902,0.05924,0.04512,0.03208,0.03994,0.058,0.03306,0.01176,0.06466,0.0827,0.0338,0.09138,0.03578,0.03696,0.02146,0.00558,6e-05,0.04922,0.03592,0.0019,0.01266,0.00876,0.0114,0.00534,0.01252,0.03774,0.02694,0.05802,0.02138,0.0079,0.02858,0.02342,0.01154,0.0363,0.0148,0.01534,0.02956,0.00506,0.06878,0.00652,0.00514,0.01604,0.0165,0.02848,0.04194,0.02436,0.01174,0.03758,0.02266,0.0107,0.01802,0.00876,0.01002,0.00896,0.05568,0.00616,0.015,0.01048,0.03908,0.01634,0.0246,0.00792,0.01602,0.00448,0.00128,0.021,0.00256,0.00426,0.00958,0.00482,0.00934,0.00226,0.00624,0.01944,0.02646,0.03422,0.01444,0.01892,0.0169,0.00884,0.0093,0.01922,0.02404,0.01116,0.00398,0.0036,0.01202,0.02542,0.00508,0.01118,0.00836,0.01002,0.02756,0.01966,0.00946,0.01642,0.0301,0.00756,0.00992,0.00378,0.00894,0.01028,0.01426,0.02336,0.00424,0.00518,0.01472,0.00016,0.0134,0.0178,0.0246,0.00664,0.00376,0.0001,0.00458,0.01802,0.0038,0.00418,0.00062,0.01512,0.00558,0.00814,0.0027,0.00514,0.00126,0.00572,0.00702,0.00872
0.9989,0.9989,0.0001,0.9991,0.9989,0.9991,0.9991,0.9991,0.9991,0.1999,0.9989,0.5995,0.1997,0.9991,0.9991,0.9991,0.9991,0.9991,0.9991,0.9991,0.9991,0.19982,0.1997,0.19984,0.9991,0.9989,0.31604,0.12126,0.24336,0.9991,0.26984,0.9991,0.42656,0.9991,0.9991,0.9991,0.99908,0.9991,0.9991,0.92416,0.9989,0.99906,0.99904,0.99906,0.99902,0.999,0.99886,0.99906,0.99904,0.99886,0.99904,0.99874,0.99896,0.99894,0.9987,0.99876,0.99878,0.99854,0.99856,0.99836,0.99824,0.99846,0.99818,0.9981,0.99748,0.99682,0.99706,0.99724,0.99706,0.99682,0.99686,0.99578,0.99572,0.99586,0.99566,0.99466,0.9941,0.99416,0.99324,0.99174,0.99354,0.9922,0.99022,0.9919,0.987,0.9876,0.9882,0.98788,0.98588,0.98568,0.98528,0.98422,0.985,0.983,0.97908,0.9775,0.97762,0.97418,0.97484,0.96816,0.9716,0.96972,0.96872,0.96736,0.96186,0.96384,0.9529,0.95806,0.95688,0.95322,0.9396,0.95036,0.94546,0.93864,0.93698,0.9276,0.93186,0.92296,0.92186,0.91548,0.89792,0.88494,0.88432,0.90748,0.8821,0.8753,0.85532,0.86302,0.86074,0.84994,0.856,0.78698,0.77754,0.8487,0.63874,0.37452,0.00768,0.36786,0.72636,0.00424,0.61626,0.2728,0.38434,0.14408,0.5326,0.03994,0.19908,0.0561,0.02202,0.027,0.24684,0.46572,0.1074,0.13256,0.00414,0.1099,0.00826,0.1192,0.00046,0.06008,0.16872,0.03126,0.0076,0.0989,0.14374,0.1085,0.18288,0.15054,0.14636,0.08442,0.01924,0.09024,0.00212,0.11158,0.02396,0.04108,0.04866,0.023,0.0006,0.00532,0.00404,0.00328,0.01062,0.00754,0.02068,0.06654,0.03662,0.0247,0.04532,0.01208,0.0052,0.02218,0.0477,0.02212,0.0193,0.03466,0.0154,0.04154,0.03744,0.00268,0.00952,0.01704,0.0045,0.02874,0.02452,0.03174,0.01342,0.06,0.0301,0.005,0.04286,0.02704,0.0724,0.01578,0.02124,0.03598,0.02878,0.0345,0.00738,0.00664,0.0109,0.03626,0.00318,0.0024,0.00466,0.02004,0.01474,0.01636,0.00954,0.01086,0.01914,0.0138,0.0015,0.02168,0.00324,0.0128,0.02006,0.02112,0.03596,0.02156,0.00332,0.02186,0.00806,0.00428,0.00194,0.02804,0.0017,0.00186,0.0002,0.01698,0.02202,0.02036,0.00028,0.01924,0.0136,0.01548,0.00702,0.01974,0.00814,0.00594,0.0146,0.0067,0.00086,0.01066,0.00522,0.02464,2e-05,0.00844,0.00836,0.00034,0.00546,0.01086,0.00944,0.01534,0.0096,0.0155,0.03232,0.01482,0.01662,0.00424,0.01562,0.00436,0.00822,0.01074,0.00766,0.01788,0.0054,0.00476,0.00898,0.00112,0.02214,0.0045,0.00244,0.00688,0.00538,0.0055,0.01038,0.00574,0.00202
0.9991,0.1999,0.9989,0.9991,0.5995,0.9991,0.9991,0.0001,0.9991,0.0001,0.9991,0.1997,0.9991,0.9991,0.9991,0.9991,0.9991,0.9991,0.9991,8e-05,0.9991,0.9989,0.9989,0.9991,0.9989,0.9991,0.9989,0.9991,0.15092,0.0729,0.04452,0.9991,0.9991,0.9991,0.9991,0.9989,0.99908,0.0986,0.9989,0.92888,0.99908,0.99908,0.99906,0.99902,0.9989,0.9991,0.99906,0.99898,0.99896,0.99876,0.99878,0.999,0.99898,0.9988,0.99874,0.99872,0.9982,0.99878,0.99862,0.99858,0.99804,0.99838,0.99786,0.9977,0.99782,0.99764,0.9972,0.997,0.99678,0.99686,0.99638,0.99602,0.99544,0.99472,0.99474,0.99398,0.9939,0.9944,0.99344,0.99182,0.99352,0.99274,0.9905,0.99044,0.98948,0.98822,0.98736,0.98756,0.98566,0.9856,0.98288,0.98338,0.98372,0.9797,0.97676,0.97976,0.9763,0.9773,0.97484,0.97502,0.97388,0.96398,0.97028,0.96794,0.96554,0.963,0.95528,0.95596,0.95576,0.94662,0.9472,0.9358,0.94198,0.9451,0.93666,0.9307,0.93294,0.91022,0.91662,0.9081,0.9152,0.90176,0.87266,0.89144,0.89212,0.3747,0.1342,0.82648,0.86346,0.8488,0.80722,0.76536,0.81292,0.11604,0.03778,0.74832,0.6768,0.2379,0.52584,0.21518,0.69892,0.19632,0.67764,0.20538,0.38954,0.33268,0.34938,0.152,0.13206,0.4854,0.44536,0.04438,0.02562,0.24492,0.14566,0.03326,0.03252,0.0095,0.12054,0.04696,0.2095,0.1478,0.1217,0.0329,0.04252,0.02128,0.00758,0.04612,0.00734,0.08292,0.01622,0.05096,0.06578,0.0184,0.02086,0.0486,0.0592,0.00872,0.05186,0.01986,0.025,0.03096,0.04578,0.01894,0.02138,0.05162,0.01938,0.03082,0.02212,0.07836,0.0367,0.0452,0.03,0.00846,0.04212,0.01276,0.03118,0.00234,0.03392,0.06262,0.01448,0.0008,0.01834,0.00862,0.05342,0.0121,0.02274,0.0001,0.02092,0.00078,0.00628,0.0137,0.00776,0.02778,0.04426,0.01996,0.00028,0.00564,0.02428,0.00754,0.0059,0.03084,0.013,0.01286,0.01988,0.02494,0.01484,0.00042,0.0218,0.00362,0.00044,0.00774,0.00996,0.01324,0.02684,0.0514,0.00984,0.00196,0.02892,0.00316,0.0144,0.02318,0.01374,0.00032,0.01558,0.01056,0.01644,0.01064,0.0171,0.0029,0.03086,0.02156,0.00346,0.0051,0.0081,0.01244,0.01472,0.00236,0.01844,0.01228,0.00472,0.00792,0.00694,0.0031,0.0042,0.0193,0.00396,0.01124,0.0053,0.00016,0.02314,0.0199,0.03652,0.0062,0.01376,0.01744,0.01386,0.00972,0.00806,0.00256,0.01854,0.02762,0.00332,0.01228,0.00282,0.00752,0.00476,0.00552,0.00168,0.00354,0.00242,0.01294,0.00254,0.00062,0.00114,0.01786,0.01778,0.00208,0.0137
6e-05,0.39966,0.99894,0.99894,6e-05,0.99906,0.99894,0.99906,6e-05,0.99906,0.19986,0.99906,6e-05,0.99894,0.99894,0.99906,0.99906,0.19986,0.99894,0.19986,0.99894,0.99894,0.19984,0.20116,0.19958,0.20014,0.99894,0.99894,0.00438,0.19652,0.99906,0.06974,0.68896,0.99894,0.99906,0.11792,0.99894,0.99892,0.99898,0.99906,0.99906,0.65674,0.99894,0.99906,0.99454,0.99894,0.99884,0.99896,0.99886,0.99892,0.99886,0.99888,0.99886,0.99856,0.99868,0.99854,0.9985,0.99824,0.9985,0.99778,0.9981,0.99828,0.99804,0.9979,0.99754,0.99698,0.9969,0.9969,0.99726,0.9964,0.99618,0.99498,0.99686,0.99432,0.9946,0.9944,0.99422,0.99448,0.99326,0.99246,0.9934,0.9922,0.99136,0.98912,0.99086,0.98918,0.98778,0.98748,0.9862,0.98708,0.98408,0.98316,0.98544,0.97888,0.98044,0.97638,0.97814,0.9781,0.97602,0.97208,0.97308,0.96514,0.96674,0.96628,0.96326,0.9647,0.95876,0.96174,0.95638,0.95242,0.94916,0.94634,0.94866,0.9456,0.93082,0.93774,0.92168,0.93408,0.93016,0.91972,0.9157,0.77322,0.89568,0.89228,0.85936,0.87188,0.74406,0.8495,0.8434,0.84378,0.10422,0.81858,0.78704,0.12558,0.25852,0.73396,0.7695,0.12666,0.7476,0.5316,0.41666,0.50894,0.23158,0.17322,0.32156,0.25668,0.43044,0.09548,0.07234,0.38652,0.29676,0.27752,0.05894,0.10004,0.17202,0.1173,0.2062,0.30932,0.0113,0.0132,0.25444,0.14126,0.11972,0.22292,0.00172,0.15348,0.08856,0.06184,0.0118,0.07218,0.1309,0.0886,0.04836,0.04482,0.144,0.06542,0.0021,0.0452,0.0681,0.04132,0.00768,0.02408,0.03562,0.0087,0.06442,0.03384,0.0427,0.0034,0.00766,0.01686,0.038,0.04372,0.06096,0.0023,0.0309,0.00426,0.01166,0.00178,0.03298,0.00054,0.04672,0.03208,0.03356,0.05428,0.02624,0.04004,0.02106,0.03324,0.06186,0.00088,0.02644,0.00582,0.03978,0.00896,0.01092,0.03394,0.0183,0.02628,0.00708,0.00082,0.03134,0.0013,0.0033,0.03572,0.00842,0.01514,0.03046,0.0332,0.02016,0.02502,0.018,0.0327,0.00416,0.006,0.01202,0.01958,0.02386,0.01138,0.02174,0.00348,0.01652,0.02622,0.0096,0.01404,0.01362,0.0261,0.01128,0.00848,0.02932,0.02148,0.03228,0.0007,0.02504,0.00598,0.00906,0.00172,0.008,0.02528,0.01022,0.00562,0.01102,0.02282,0.02128,0.00842,0.00642,0.00228,0.02992,0.00552,0.00762,0.01114,0.00598,0.00194,0.01328,0.00226,0.01336,0.00804,0.02762,0.0049,0.0148,0.0052,0.00096,0.0051,0.00448,0.00116,0.02054,0.01116,0.00594,0.00662,0.004,0.0021,0.01188,0.0032,0.00248,0.0201,0.012,0.00604,0.0134,0.00172,0.00862
0.39978,0.99918,0.99918,0.99918,0.99918,0.99918,0.99918,0.99882,0.19998,0.99918,0.19998,0.99918,0.99918,0.99918,0.00018,0.99918,0.99918,0.99918,0.19998,0.00018,0.99918,0.99918,0.99882,0.99918,0.99918,0.99882,0.99918,0.99918,0.99918,0.99918,0.99918,0.99918,0.99918,0.99882,0.99882,0.99918,0.17676,0.99916,0.9991,0.99918,0.99918,0.5835,0.99918,0.99918,0.99914,0.99918,0.99872,0.99908,0.9991,0.99904,0.99898,0.999,0.99898,0.9988,0.9988,0.99866,0.99874,0.99836,0.99862,0.99802,0.99834,0.99804,0.99828,0.99802,0.99778,0.99722,0.99714,0.99714,0.99738,0.99664,0.99594,0.9951,0.99698,0.99456,0.99484,0.99452,0.99434,0.9946,0.99314,0.9927,0.99328,0.99208,0.99148,0.98888,0.9911,0.9893,0.98802,0.9876,0.98632,0.9872,0.98384,0.98292,0.98568,0.97864,0.98068,0.9765,0.97826,0.97822,0.97626,0.97232,0.97332,0.9649,0.9665,0.96604,0.96338,0.96482,0.95852,0.96186,0.95662,0.95254,0.94904,0.94646,0.94878,0.94548,0.93058,0.93786,0.9218,0.9342,0.9304,0.9196,0.91582,0.7731,0.89544,0.89252,0.8596,0.872,0.74382,0.84974,0.84316,0.8439,0.10434,0.8187,0.78728,0.12534,0.2584,0.73384,0.76926,0.12654,0.74748,0.53148,0.41678,0.50918,0.23146,0.17346,0.32168,0.25656,0.43056,0.0956,0.07258,0.3864,0.29664,0.2774,0.05906,0.09992,0.17226,0.11742,0.20608,0.3092,0.01142,0.01308,0.25468,0.14102,0.11948,0.2228,0.09586,0.15324,0.08868,0.0713,0.23312,0.01766,0.05376,0.00666,0.07596,0.01778,0.02624,0.02458,0.02396,0.10818,0.00084,0.0108,0.0553,0.0645,0.04808,0.00858,0.00452,0.03256,0.03132,0.01386,0.02124,0.02702,0.00384,0.0152,0.01432,0.02504,0.02214,0.04024,0.05086,0.0069,0.00322,0.00486,0.05068,0.00744,0.01768,0.04306,0.01366,0.05254,0.04202,0.04186,0.01314,0.01434,0.00376,0.03694,0.03664,0.01488,0.02582,0.00262,0.03306,0.0235,0.02744,0.02156,0.00958,0.04022,0.03538,0.00358,0.0027,0.01548,0.01158,0.01614,0.0156,6e-05,0.00014,0.0083,0.03058,0.03962,0.03002,0.0016,0.01182,0.01402,0.02032,0.01786,0.03322,0.00092,0.03928,0.02156,0.007,0.00718,0.02046,0.00232,0.00338,0.00842,0.00264,0.01538,0.01492,0.01652,0.00468,0.01498,0.01918,0.00696,0.0167,0.00916,0.00218,0.00374,0.00342,0.01504,0.0035,0.00228,0.02992,0.00552,0.00762,0.01114,0.00598,0.00194,0.01328,0.00226,0.01336,0.00804,0.02762,0.0049,0.0148,0.0052,0.00096,0.0051,0.00448,0.00116,0.02054,0.01116,0.00594,0.00662,0.004,0.0021,0.01188,0.0032,0.00248,0.0201,0.012,0.00604,0.0134,0.00172,0.00862