1,1.05,1.1,1.15,1.2,1.25,1.3,1.35,1.4,1.45,1.5,1.55,1.6,1.65,1.7,1.75,1.8,1.85,1.9,1.95,2,2.05,2.1,2.15,2.2,2.25,2.3,2.35,2.4,2.45,2.5,2.55,2.6,2.65,2.7,2.75,2.8,2.85,2.9,2.95,3,3.05,3.1,3.15,3.2,3.25,3.3,3.35,3.4,3.45,3.5,3.55,3.6,3.65,3.7,3.75,3.8,3.85,3.9,3.95,4,4.05,4.1,4.15,4.2,4.25,4.3,4.35,4.4,4.45,4.5,4.55,4.6,4.65,4.7,4.75,4.8,4.85,4.9,4.95,5,5.05,5.1,5.15,5.2,5.25,5.3,5.35,5.4,5.45,5.5,5.55,5.6,5.65,5.7,5.75,5.8,5.85,5.9,5.95,6,6.05,6.1,6.15,6.2,6.25,6.3,6.35,6.4,6.45,6.5,6.55,6.6,6.65,6.7,6.75,6.8,6.85,6.9,6.95,7,7.05,7.1,7.15,7.2,7.25,7.3,7.35,7.4,7.45,7.5,7.55,7.6,7.65,7.7,7.75,7.8,7.85,7.9,7.95,8,8.05,8.1,8.15,8.2,8.25,8.3,8.35,8.4,8.45,8.5,8.55,8.6,8.65,8.7,8.75,8.8,8.85,8.9,8.95,9
0.431913,0.995538,0.470588,0.212637,0.454725,0.174675,0.775175,0.24915,0.610725,0.5169,0.985775,0.985625,0.245963,0.113238,0.354925,0.0375375,0.400712,0.96995,0.650988,0.964363,0.0758375,0.95705,0.9526,0.0342875,0.941213,0.937387,0.930912,0.0822625,0.911788,0.586975,0.8022,0.891413,0.246588,0.866825,0.846363,0.2591,0.8225,0.775425,0.15485,0.737463,0.516437,0.53965,0.266663,0.558912,0.489138,0.17015,0.13415,0.0057625,0.223662,0.0324875,0.042175,0.0886125,0.1011,0.09125,0.0657375,0.029775,0.0322875,0.0641875,0.0343875,0.0025125,0.0572875,0.048975,0.0071,0.0026625,0.003425,0.0480125,0.0003125,0.017225,0.0134125,0.0202375,0.016025,0.0040625,0.0226375,0.012375,0.0158125,0.0062875,0.0021875,0.010675,0.0031125,0.011925,0.004375,0.01035,0.0098875,0.005425,0.0067375,0.0070625,0.0062,0.0138625,0.0055625,0.00875,0.0139875,0.007575,0.0057125,0.0040625,0.005725,0.0032375,0.005875,0.0097625,0.0148625,0.0162875,0.0010375,0.0055625,0.0032875,0.0059125,0.0036375,0.0006125,0.005225,0.0038125,0.00245,0.0092875,0.0017375,0.00235,0.0050375,0.005625,0.0029625,0.0025125,0.0006,0.0078125,0.008875,0.00555,0.0025,0.0034,0.01,0.002975,0.0051375,0.0001125,0.00365,0.00325,0.0005375,0.00055,0.001625,0.001875,0.0009375,0.0083375,0.0047125,0.000575,1.01481e-18,0.000125,0.00265,0.0010375,0.0039875,0.0067125,0.005825,0.007675,0.0015,0.0025875,0.0030125,0.004875,0.00145,0.0004875,0.001325,0.0056625,0.0049875,0.002725,0.000975,0.001925,0.000875,0.002075,0.0072625,0.0016375,0.0020875
0.995613,0.568225,0.241688,0.993513,0.3497,0.0966625,0.140737,0.989437,0.369562,0.18545,0.986362,0.985837,0.6675,0.981012,0.736275,0.975675,0.974487,0.670163,0.839625,0.213237,0.960375,0.959625,0.954188,0.048175,0.354962,0.518788,0.932588,0.898563,0.920538,0.879787,0.902475,0.895575,0.8766,0.8768,0.85545,0.847813,0.810788,0.769325,0.714037,0.704863,0.620062,0.470788,0.428012,0.140488,0.224513,0.235512,0.131312,0.083125,0.247313,0.0228625,0.0667,0.0836,0.0576875,0.0152625,0.020625,0.0359125,0.012075,0.005575,0.0300625,0.144762,0.00825,0.0553625,0.01485,0.010375,0.017175,0.0256625,0.0475125,0.000975,0.0126125,0.008925,0.03535,0.0101625,0.0089125,0.007,0.015925,0.014825,0.0092,0.0096625,0.0332625,0.001,0.007675,0.0133625,0.0081375,0.0214,0.02035,0.0132125,0.0109625,0.0107625,0.003625,0.000125,0.007825,0.001925,0.00085,0.0015625,0.0039875,0.0043375,0.0007625,0.002925,0.0056375,0.0053875,0.0067375,0.0090875,0.0045,0.0077875,0.004,0.002475,0.004575,0.0038,0.0018875,0.0032875,0.0032375,0.0055625,0.0035375,0.0059,0.005275,0.001775,0.00535,0.0022125,0.003625,0.00765,0.0046375,0.007625,0.002225,0.00265,0.0029625,0.0041875,0.0028125,0.0063875,0.0036125,0.0074875,0.0066375,0.002675,0.0038875,0.0018625,0.00105,0.00335,0.00065,0.001175,0.001975,0.0006875,0.004125,0.0010125,0.0055625,0.00405,0.00185,0.006525,0.0016,0.0004,0.006625,0.00215,0.002575,0.0021125,0.0027875,0.0011125,0.0014625,0.0024125,0.0003,0.0029625,7.5e-05,0.001375,0.0037625
0.35,0.780025,0.216688,0.993675,0.5268,0.158188,0.429762,0.989813,0.9896,0.987525,0.985375,0.900275,0.176275,0.77845,0.232575,0.975825,0.799575,0.971363,0.969413,0.96625,0.9587,0.342287,0.100825,0.0194125,0.0621375,0.939275,0.8942,0.26805,0.670788,0.915462,0.897863,0.89755,0.112413,0.8735,0.857312,0.838275,0.836975,0.800275,0.70305,0.623275,0.19385,0.645425,0.679175,0.559037,0.1512,0.101813,0.114175,0.0280875,0.0645125,0.0493875,0.0901875,0.0812,0.0923875,0.032675,0.224662,0.016175,0.046625,0.0508375,0.074625,0.0211875,0.047875,0.0344875,0.0195625,0.0093625,0.0196625,0.000375,0.0034375,0.044625,0.0239125,0.0266625,0.0097875,0.0240125,0.011625,0.0046625,0.0161,0.0152,0.0138375,0.0068625,0.0196875,0.0004375,0.0157375,0.0124,0.006,0.0008,0.0039625,0.0039125,0.0165375,0.003025,0.011425,0.0073,0.0059,0.0093625,0.01015,0.0072375,0.0179625,0.007625,0.003125,0.01055,0.0049875,0.0026875,0.0076875,0.006625,0.0028625,0.0009125,0.00465,0.006975,0.0078375,0.015125,0.00145,0.007575,0.0055125,0.0093375,0.012275,2.5e-05,0.0002875,0.0137,0.0095125,0.0027875,0.003825,0.0172,0.004475,0.0064125,0.0092125,0.0024875,0.003825,0.0047375,0.001475,0.0012125,0.0027,0.0001,0.00355,0.0020375,0.0019125,0.0044625,0.00435,0.002975,0.0082,0.0049625,0.00335,0.000175,0.0043,0.0012125,0.003025,0.0052125,0.00275,0.0024875,0.0046875,0.002675,0.00215,0.0003375,0.0035125,0.0010375,0.002375,0.0017,0.0001625,0.0059875,0.0026125,0.0016375,0.00175,0.00175,0.0001125
0.344462,0.24405,0.446712,0.1646,0.555513,0.990725,0.991275,0.102687,0.189437,0.987725,0.41145,0.384588,0.294587,0.356038,0.2585,0.975675,0.0339625,0.970413,0.96685,0.1253,0.421825,0.938737,0.955388,0.0933,0.0935625,0.935063,0.934838,0.923775,0.321763,0.909688,0.902175,0.281913,0.8815,0.8385,0.611262,0.859025,0.814013,0.592275,0.803925,0.444175,0.5707,0.254788,0.213763,0.38565,0.505238,0.081725,0.138237,0.3582,0.0219625,0.036075,0.086475,0.0447375,0.0686125,0.1772,0.0509,0.0235875,0.027625,0.0238,0.020675,0.0255,0.0441625,0.0295,0.0165875,0.0028625,0.0179875,0.020075,0.01675,0.02795,0.0131,0.0294,0.002975,0.0140125,0.0158375,0.0003125,0.0083,0.017475,0.008675,0.0042875,0.0035125,0.0015125,0.004075,0.000275,0.0010875,0.006675,0.004775,0.0137625,0.0042875,0.0034375,0.0095125,0.0152625,0.00135,0.0063625,0.0091,0.0126625,0.0065375,0.010175,0.001775,0.003475,0.004775,0.0038125,0.004275,0.0075875,0.003275,0.001425,0.00105,0.0148,0.000275,0.0034,0.0052,0.0093125,0.0012625,0.00425,0.0008875,0.0074375,0.001225,0.0023625,0.003225,0.0004375,0.00125,0.0014375,0.0068625,0.0006375,0.00445,0.01285,0.0028875,0.00185,0.00045,0.0016375,0.0057625,0.00825,0.0037,0.0039125,0.0006625,0.000725,0.0025,0.00485,0.0059625,0.00215,0.004425,0.007,0.0003875,0.0035375,0.0046625,0.003275,0.0044375,0.001325,0.0004125,0.0025125,0.0044875,0.0012125,0.0037875,3.75e-05,0.00175,0.0035625,0.0002875,0.0060125,0.0028,0.00225,0.000675,0.003375,0.001025
0.367663,0.0309625,0.441325,0.783637,0.762925,0.324025,0.67915,0.85,0.776425,0.7206,0.079425,0.32705,0.242413,0.757637,0.584613,0.975763,0.915725,0.970363,0.968612,0.620913,0.1131,0.957013,0.948213,0.950337,0.1931,0.715025,0.220725,0.666425,0.0503125,0.41995,0.6727,0.8912,0.885362,0.880263,0.544737,0.764813,0.787825,0.393162,0.76545,0.62925,0.7144,0.416775,0.196063,0.331988,0.39395,0.247338,0.0967125,0.0195,0.0343875,0.151113,0.14,0.0933,0.0813,0.0721125,0.067675,0.04995,0.054175,0.011725,0.0632,0.011575,0.017375,0.0253125,0.0179375,0.0240125,0.0250375,0.012625,0.007375,0.0154375,0.015725,0.0136875,0.0268625,0.00365,0.012225,0.00495,0.0098375,0.0013,0.02615,0.0254375,0.001025,0.0110125,0.01695,3.75e-05,0.00755,0.0048125,0.007475,0.002725,0.019175,0.01125,0.00885,0.005075,0.003325,0.0189375,0.0041625,0.011525,0.0045875,0.0065625,0.0037625,0.0029125,0.0079625,0.0102,0.00325,0.00215,0.0053875,0.0136375,8.75e-05,0.001175,0.0034375,0.0019,0.006225,0.007275,0.0004,0.0066375,0.0067,0.0022875,0.0009125,0.001775,0.00725,0.003325,0.0032375,0.0016125,0.0015625,0.000525,0.00495,0.0017,0.00415,0.0036125,0.0037125,0.00565,0.00065,0.0049,0.000375,0.0010125,0.0018375,0.00265,0.001125,0.0021875,0.0034625,0.0021125,0.0006625,0.0039875,0.0013375,0.0081625,0.001525,0.0057125,0.005575,0.00435,0.0055625,0.0028875,0.0038375,8.75e-05,0.00165,0.0002875,0.0051375,0.0010375,0.003425,0.0035625,0.0035625,0.002975,0.00335,0.0002625,0.003525
0.671675,0.580912,0.0903,0.252725,0.101063,0.699088,0.692963,0.755525,0.69905,0.948612,0.98555,0.44575,0.982775,0.97935,0.165938,0.975,0.540088,0.11365,0.96875,0.7252,0.960213,0.95685,0.950875,0.948063,0.0689625,0.290412,0.7038,0.92535,0.92295,0.166225,0.909925,0.124225,0.888287,0.879275,0.863037,0.850763,0.798938,0.773687,0.731325,0.74655,0.714587,0.473188,0.26545,0.547063,0.0138,0.174513,0.080575,0.1662,0.03025,0.02235,0.061725,0.0826875,0.055875,0.0886625,0.0135875,0.048125,0.053625,0.0399125,0.0107625,0.04345,0.058,0.0450625,0.0127125,0.0159625,0.0091375,0.0093875,0.0118375,0.000925,0.0137875,0.0533625,0.008225,0.0443875,0.0162,0.0112125,0.006975,0.0087875,0.013975,0.0116,0.026125,0.003875,0.0021125,0.0046625,0.0031625,0.0109625,0.0088375,0.00395,0.0003,0.021,0.0285875,0.00165,0.003975,0.00345,0.0101,0.008875,0.0139125,0.0073125,0.00905,0.0014,0.002275,0.0055875,0.0068125,0.000825,0.0041125,0.006,0.004325,0.0002875,0.0032375,0.0008375,0.00445,0.011525,0.005025,0.00795,0.0109125,0.0113,0.0036,0.0071125,0.0006125,0.00135,0.0042375,0.0016625,0.0017875,0.0059125,0.0043625,0.0011,0.0022625,0.005825,0.00605,0.0022125,0.00225,0.0019875,0.0047625,0.004375,0.0062125,0.0030125,0.00095,0.0078625,0.0011125,0.003975,0.0041375,0.009525,0.0038375,0.00745,0.0011,0.000875,0.0003375,0.0041125,0.0004375,0.00025,0.0029125,0.0003875,0.0034625,0.0008875,0.0052125,0.006325,0.003175,0.0003875,0.00325,0.0014625,0.0036375,0.0031,0.000975
0.425962,0.743288,0.760763,0.55315,0.9937,0.689188,0.762888,0.335688,0.988825,0.359875,0.913162,0.800025,0.982037,0.980087,0.32965,0.976887,0.128975,0.045,0.968912,0.964863,0.8747,0.959938,0.5077,0.192625,0.943925,0.701725,0.927625,0.926837,0.8324,0.9086,0.869237,0.512363,0.87365,0.846887,0.0783,0.596037,0.835712,0.6872,0.681375,0.746825,0.523587,0.423125,0.4917,0.095025,0.321987,0.305262,0.159037,0.0955,0.170363,0.0820375,0.030425,0.13175,0.147637,0.037975,0.074625,0.0716125,0.0567,0.0776375,0.0134875,0.0159125,0.068575,0.0325375,0.0022875,0.00165,0.0381375,0.020075,0.0129,0.0248125,0.0036125,0.0037,0.0320625,0.0293625,0.0261375,0.0113125,0.0025625,0.0215625,0.011875,0.0039125,0.00025,0.0106,0.0054375,0.0154375,0.0163125,0.032225,0.002275,0.017325,0.0037375,0.0154625,0.0043875,0.0034625,0.0157625,0.0035125,0.01795,0.00655,0.0109375,0.0014125,0.0078,0.0014375,0.0012875,0.0082125,0.0068375,0.00245,0.00555,0.0005,0.0025375,0.00085,0.0035,0.0121375,0.0005125,0.007425,0.002975,0.0051875,0.0028875,0.0038,0.00515,0.0008625,0.00415,0.00505,0.00375,0.0017,0.00125,0.0015,0.0006,0.00705,0.00025,0.0044125,0.007725,0.0023875,0.0037375,0.0036625,0.0082375,0.008,0.001525,0.0054,0.0020875,0.0041875,0.0122375,0.0011875,0.0016875,0.0048875,0.0103375,0.000175,0.0032625,0.003,0.00015,0.0057875,0.0021625,0.0016,0.0029125,0.0007,0.0055375,0.0002625,0.006575,0.0022375,0.0003125,0.0024875,0.0015375,0.0032625,0.0050125,0.0006,0.0054625
0.758975,0.298488,0.319663,0.52305,0.993488,0.226625,0.649175,0.988938,0.479725,0.13605,0.0373625,0.31575,0.530463,0.81475,0.446613,0.974037,0.97185,0.968638,0.417725,0.965337,0.961213,0.961475,0.955875,0.945463,0.9442,0.937987,0.927575,0.011125,0.907775,0.910463,0.90205,0.35185,0.881713,0.271875,0.837738,0.8411,0.82125,0.810825,0.744763,0.72505,0.515337,0.597475,0.646238,0.308025,0.572237,0.214513,0.158375,0.02365,0.205238,0.07005,0.0349625,0.0331875,0.150163,0.0748125,0.002675,0.00265,0.0267875,0.0369,0.01625,0.03,0.0198125,0.0020875,0.0278,0.046175,0.024775,0.0320625,0.0149,0.001775,0.0055125,0.0116875,0.0114625,0.0082125,0.016075,0.0077125,0.0080625,0.0297125,0.0116875,0.0187375,0.00015,0.0128625,0.0195125,0.008175,0.003775,0.016625,0.0026375,0.00145,0.0128375,0.0164375,0.0079625,0.0076125,0.0113875,0.0009375,0.003675,0.008,0.005775,0.00925,0.0010875,0.0133125,0.00395,0.010325,0.0051,0.0097,0.005975,0.0067875,0.0039125,0.0036625,0.01305,0.001625,0.001525,0.000775,0.0011625,0.003625,0.0018875,0.001825,0.00445,0.0021125,0.00875,0.0061625,0.0018,0.0116,0.003125,0.00175,0.0024,0.004325,0.0021125,0.00255,0.0004625,0.0012,0.004775,0.0026125,0.0095,0.0001375,0.0050375,0.001525,0.0015125,0.0039125,0.0040625,0.002925,0.001825,0.001025,0.0012,0.0003375,0.0095,0.0039125,0.00125,0.0012,0.0028625,0.0057875,0.002375,0.001925,0.003275,0.00255,0.0017625,0.0017375,0.00235,0.0012375,0.00205,0.0011375,0.0062125,0.0011375,0.0017875
0.65725,0.64885,0.994925,0.766975,0.463025,0.01025,0.04405,0.0702875,0.987512,0.744363,0.1227,0.983675,0.739325,0.722287,0.97745,0.97725,0.974113,0.0151375,0.760163,0.94275,0.583237,0.5038,0.952238,0.720075,0.9449,0.0640125,0.0807,0.9279,0.91945,0.104712,0.904713,0.892037,0.863512,0.868287,0.858275,0.838963,0.7511,0.579738,0.177037,0.561738,0.647,0.5008,0.599275,0.281075,0.170538,0.082125,0.161037,0.0010125,0.135438,0.111787,0.0647,0.0067375,0.0770125,0.0214875,0.02975,0.0014125,0.0677625,0.0368625,0.072575,0.0400625,0.01605,0.0604,0.0135125,0.0150125,0.0213375,0.0186875,0.0006625,0.0148,0.018925,0.003275,0.003825,0.02495,0.0404,0.00605,0.0155,0.017125,0.0111,0.0165625,0.0023,0.004025,0.00555,0.000625,0.007275,0.0036,0.007,0.0055375,0.0040125,0.0247125,0.0018625,0.0035,0.009725,0.00615,0.00315,0.007275,0.00155,0.0165875,0.0042375,0.0057125,0.0018375,0.00085,0.0082125,0.0017125,0.00455,0.005,0.0183125,0.0033125,0.001475,0.003675,0.0004375,0.00475,0.0001875,0.0147625,0.003575,8.75e-05,0.002625,0.000725,0.0019375,0.0019625,0.0066125,0.0020875,0.0042125,0.0040125,0.0026,0.0011125,0.0041,0.0029625,0.0023375,0.00895,0.004875,0.00075,0.0051,0.0041875,0.0021625,0.0056875,0.0032875,0.00045,0.0042125,0.004425,0.001275,0.00075,0.002125,0.0017625,0.003325,0.0065375,0.001225,0.005525,0.00895,0.0043875,0.002,0.0005,0.0040625,0.0024625,0.0018375,0.004025,0.0024,0.000125,0.0008,0.0045375,0.0016125,0.0027125,0.0017125
0.735525,0.267975,0.729575,0.697175,0.2341,0.0649375,0.99055,0.62135,0.139412,0.716875,0.179437,0.983675,0.00995,0.98145,0.717962,0.961475,0.973775,0.797063,0.0310625,0.963287,0.82955,0.0555125,0.953962,0.354563,0.943988,0.937638,0.929075,0.928013,0.172038,0.915312,0.90385,0.886638,0.860238,0.11065,0.708513,0.838325,0.827225,0.69805,0.74615,0.748612,0.488662,0.55395,0.142063,0.349925,0.313625,0.2854,0.22625,0.183537,0.08035,0.169925,0.148425,0.0374875,0.107025,0.119375,0.017575,0.012775,0.01285,0.0094875,0.02935,0.099325,0.008625,0.0308375,0.0297875,0.014075,0.0029375,0.0356125,0.0199875,0.0191,0.036525,0.012475,0.0121875,0.022575,0.00455,0.01805,0.0172375,0.021375,0.007525,0.01525,0.0050625,0.007525,0.00995,0.018025,0.0096375,0.03085,0.0049875,0.0033875,0.0038625,0.0045125,0.0025125,0.01305,0.0031125,0.0092625,0.0108,0.003075,0.0093125,0.0014125,0.0053875,0.0052625,0.0065875,0.0025375,0.0075875,0.0011,0.00845,0.0029,0.00185,8.75e-05,0.0022,0.0056125,0.0026875,0.0041,0.002725,0.013025,0.0067,0.0054625,0.0073,0.0033,0.0032125,0.0046125,0.0088125,0.0030375,0.0056375,0.0096375,0.0041625,0.00925,0.0050875,0.0035125,0.000875,0.000275,0.0004375,0.0011625,0.0041,0.003575,0.0003875,0.0062,0.0022,3.75e-05,0.0004125,0.00235,0.000525,0.0015125,0.0102375,0.0007125,0.0016375,0.0012875,0.0001875,0.00455,0.0011125,0.0020125,0.0011,0.0088625,0.00475,0.0010125,0.0042125,0.0080875,0.0028875,0.0010375,0.0001625,0.0050875,0.001175,0.004325,0.0052125
0.185312,0.459062,0.995,0.6807,0.993325,0.992387,0.658862,0.989575,0.511475,0.259412,0.422113,0.98525,0.982575,0.279538,0.956538,0.419938,0.924837,0.971037,0.96495,0.76005,0.920088,0.955775,0.34205,0.946113,0.943188,0.937475,0.931625,0.509437,0.090025,0.91505,0.493737,0.133487,0.889125,0.850575,0.861425,0.808888,0.833863,0.81795,0.804587,0.721412,0.609875,0.0028375,0.495675,0.168162,0.048975,0.206663,0.254938,0.266112,0.1474,0.116375,0.0689375,0.0871875,0.0743375,0.068025,0.0592875,0.069475,0.0711875,0.0059625,0.0624375,0.03095,0.028875,0.0434375,0.0401875,0.0100375,0.01965,0.0183,0.015475,0.006125,0.0232125,0.01775,0.0002875,0.0130125,0.0013,0.0015625,0.037225,0.0101125,0.0214375,0.0058875,0.01975,0.02755,0.005375,0.00455,0.0025625,0.00055,0.0112875,0.0018375,0.0077125,0.0059625,0.0093125,0.0107125,0.0139375,0.0069375,0.0097625,0.0050375,0.0094875,0.0027,0.000325,0.004975,0.001625,0.004025,0.001275,0.003775,0.011975,0.0006625,0.008825,0.0153,0.0085375,0.0061125,0.0004625,0.000625,0.0028125,0.0044,0.0011125,0.0001875,0.0087625,0.0054375,0.00135,0.0032625,0.0078125,0.001275,0.0083625,0.0026,0.0069125,0.000425,0.0006375,0.00815,0.0011,0.002475,0.0008,0.002125,0.0027875,0.0022,0.0095125,0.0039875,0.001125,0.003775,0.00075,0.001225,0.004425,0.000525,0.0048625,0.0009625,0.0014,0.00255,0.0040375,0.004,0.000475,3.75e-05,0.0014,0.001975,0.005725,0.0037,0.002725,0.00325,0.00075,0.004,0.0039375,0.000525,0.001025,0.0024875,0.0016875
0.737538,0.868963,0.244437,0.226387,0.993338,0.992625,0.478413,0.383475,0.9848,0.417675,0.984325,0.9845,0.245938,0.98055,0.228837,0.2128,0.100987,0.324787,0.459025,0.96405,0.962325,0.956938,0.950338,0.951688,0.841962,0.30115,0.9347,0.929787,0.9201,0.913613,0.9021,0.86185,0.4924,0.869525,0.570675,0.815237,0.82715,0.52455,0.78685,0.46275,0.674687,0.420437,0.6354,0.37775,0.0089875,0.127225,0.0712875,0.0924375,0.0926625,0.128413,0.020325,0.09695,0.0244625,0.106362,0.0059,0.0137875,0.0195875,0.0414,0.0021375,0.0248375,0.0230125,0.0189125,0.0471875,0.0449125,0.03445,0.034875,0.0193375,0.00135,0.0003375,0.01725,0.0092375,0.012875,0.018075,0.0261125,0.0058875,0.0020875,0.0046875,0.0153625,0.0142875,0.0047875,0.0081375,0.0117125,0.0007,0.0263625,0.008775,0.0066625,0.0140375,0.0211375,0.0012875,0.0111875,0.0045625,0.0130125,0.0071625,0.0032125,0.0158375,0.0037,0.005275,0.00195,0.004525,0.003175,0.00725,0.0071875,0.00095,0.001625,0.0076375,0.0021875,0.003175,0.008025,0.009825,0.0063625,0.0088625,0.006225,0.0005125,0.0002625,0.0021375,0.0030875,0.005275,0.001325,0.0065125,0.0009125,0.0054375,0.001975,0.0087125,0.0025375,0.000475,0.0013375,0.007,0.00075,0.0023,0.005075,0.0022375,0.0043125,0.0058125,0.005125,0.0027,0.0009625,0.0065,0.0001,0.000125,0.0040125,0.007325,0.001825,0.0038125,0.0019125,0.00155,0.0013625,0.0002375,0.0032375,0.000925,0.0031375,0.0022,0.0038625,0.0021125,0.000775,0.0034375,0.0031125,0.0049,0.002225,0.0003375,0.0003625,0.0009875
0.414162,0.024175,0.994638,0.2846,0.9937,0.709,0.991875,0.2203,0.293912,0.261413,0.84505,0.9734,0.982837,0.463638,0.150912,0.975912,0.973538,0.85925,0.968275,0.325037,0.0515,0.9571,0.952762,0.946712,0.942887,0.934625,0.350175,0.635187,0.125388,0.214238,0.766725,0.888862,0.883162,0.871188,0.859775,0.803213,0.720713,0.713588,0.12105,0.719212,0.677663,0.400187,0.647838,0.435037,0.56675,0.047075,0.169637,0.2702,0.175313,0.156487,0.002075,0.0872875,0.135213,0.123725,0.093275,0.0104375,0.128288,0.0660875,0.05805,0.0944875,0.0051125,0.0055875,0.068225,0.0060125,0.010275,0.0046375,0.0051375,0.0009,0.0193375,0.0066125,0.0206625,0.0056875,0.0183125,0.001775,0.0010625,0.0212375,0.018825,0.0096,0.0106375,0.0165625,0.00505,0.0154,0.0145375,0.0011625,0.0115125,0.0074375,0.010675,0.017425,0.0005875,0.0018125,0.0004375,0.00065,0.006675,0.0041875,0.0034125,0.0009875,0.0163875,0.0007875,0.0100125,0.004525,0.001575,0.003675,0.0023,0.0046625,0.0011875,0.005425,0.0017125,0.0050125,0.0117375,0.00425,0.008325,0.00205,0.0071875,0.0147,0.001625,0.0026625,0.0087125,0.004325,0.001575,0.012975,0.0025,0.00295,0.00505,0.00325,0.0065625,0.0064875,0.0016625,0.008075,0.006025,0.004625,0.006375,0.0003625,0.0035625,0.004,0.0008625,0.0017625,0.001975,0.0032875,0.0077375,0.0053375,0.0049375,0.0052375,0.003725,0.0091625,0.003525,0.0020125,0.0028625,0.0040625,0.003675,0.0027625,0.0017125,0.0046375,0.001625,0.0002625,0.0032625,0.0008625,0.0025125,0.0013,0.001925,0.00375,0.003675
0.285987,0.19605,0.733375,0.988287,0.309438,0.046875,0.969962,0.988237,0.987313,0.381363,0.9857,0.985012,0.378588,0.0501125,0.0620875,0.976437,0.0269125,0.193075,0.0805,0.964537,0.274287,0.9569,0.954538,0.946087,0.944838,0.936925,0.93575,0.926237,0.925187,0.905762,0.904138,0.612225,0.0284625,0.864,0.84915,0.836113,0.235613,0.7762,0.728113,0.233875,0.6642,0.488012,0.560337,0.536412,0.0041,0.416612,0.103475,0.263687,0.1334,0.0726,0.126913,0.0755625,0.0802,0.0544375,0.0702,0.0589,0.0472625,0.0018375,0.0537875,0.0643625,0.05085,0.02545,0.0163125,0.0483125,0.0207625,0.0357625,0.00395,0.0178625,0.00375,0.0322875,0.0018,0.0231375,0.0097625,0.0195875,0.0080125,0.0151,0.01005,0.0259625,0.001575,0.011,0.00545,0.0084,0.0041375,0.014925,0.026325,0.0086375,0.014075,0.0050625,0.008575,0.0142875,0.0059,0.0062625,0.00425,0.012075,0.0078625,0.0063625,0.0066375,0.0090625,0.00495,0.00025,0.00485,0.00225,0.009425,0.0039125,0.0017125,0.00455,0.0003875,0.00365,0.0014125,0.0013,0.00275,0.0027875,0.0137125,0.0050625,0.001625,0.0030125,0.003425,0.0005,0.0001875,0.003025,0.0083625,0.01055,0.006125,0.00385,0.0001625,0.0054875,0.00265,0.0024375,0.002,0.0067375,0.001175,0.00435,0.0012875,0.0026625,0.0077875,0.003275,0.0031125,0.0041625,0.0005875,0.0007875,0.0036875,0.000525,0.0001625,0.001775,0.0014,0.002375,0.000125,0.0017875,0.0005625,0.00455,0.0058875,0.0008125,0.0017625,0.001275,0.0030125,0.001075,0.000525,0.0023375,0.003075,0.0045875,0.0020875
0.0499875,0.5397,0.994238,0.8472,0.685063,0.99285,0.992025,0.671987,0.300025,0.15775,0.987387,0.985412,0.656375,0.98125,0.943825,0.0102625,0.974562,0.0031625,0.5318,0.965338,0.957212,0.956263,0.952488,0.95155,0.598388,0.935775,0.558262,0.262925,0.550662,0.904487,0.035275,0.891488,0.0097,0.85435,0.864738,0.833913,0.832088,0.803075,0.806163,0.738588,0.614963,0.04235,0.226562,0.05425,0.381412,0.342937,0.193,0.179125,0.1304,0.1376,0.288962,0.0491875,0.0480125,0.0310375,0.0800375,0.0446125,0.047775,0.0730125,0.0279,0.0442875,0.0444375,0.022325,0.0107625,0.0320625,0.044325,0.031475,0.0092875,0.016225,0.0147125,0.03855,0.0083125,0.00725,0.0051,0.005,0.0074125,0.009975,0.02815,0.0044875,0.0026625,0.0023125,0.008825,0.0125875,0.021975,0.0050375,0.01025,0.0077125,0.00125,0.00065,0.0031125,0.0104625,0.0097375,0.000225,0.003125,0.0117875,0.0019875,0.0071875,0.0061625,0.003575,0.01425,0.0122125,0.0078,0.0117625,0.0062375,0.0001,0.0060375,0.0050625,0.0037875,0.003375,0.0054625,0.002775,0.009125,0.0154375,0.0096875,0.0003875,0.0052625,0.0078375,0.00835,0.007275,0.0001875,0.0081375,0.0012,0.0062125,0.01255,0.0049625,0.0040625,0.0074,0.0003125,0.0032375,0.000175,0.0032125,0.006725,0.0045625,0.00125,0.000475,0.0057125,0.0013375,0.0037,0.0025125,0.0023875,0.00265,0.0045625,0.0002375,0.00535,0.0015625,0.0010875,0.00405,0.0002375,0.0055625,0.0005125,0.0037875,0.0015375,0.00755,0.000925,0.0107375,0.000175,0.003325,0.0029375,0.0003,0.0030125,0.00305,0.001
0.150412,0.14125,0.80835,0.628663,0.106375,0.664975,0.62005,0.603388,0.564925,0.988,0.986113,0.07745,0.365763,0.978975,0.979763,0.379075,0.973025,0.13465,0.968325,0.964912,0.961075,0.95775,0.199412,0.9488,0.940162,0.675313,0.079125,0.928512,0.913888,0.694313,0.906437,0.892975,0.769375,0.878762,0.730313,0.8385,0.826362,0.75845,0.4354,0.75695,0.59695,0.6475,0.668625,0.325088,0.4013,0.14375,0.155975,0.263788,0.115762,0.150063,0.153512,0.007275,0.0490125,0.02385,0.12955,0.0448625,0.08075,0.0202875,0.0048875,0.096625,0.0360625,0.00675,0.0094875,0.0311125,0.013225,0.0074625,0.01725,0.0030375,0.028575,0.0217375,0.0037875,0.021775,0.0088375,0.000675,0.013825,0.0116375,0.0155,0.0070875,0.018425,0.0106625,0.017175,0.0138625,0.006325,0.004775,0.01545,0.0042625,0.0026,0.0013125,0.009275,0.0132125,0.004125,0.014975,0.0127125,0.003475,0.02305,0.004,0.01225,0.000175,5e-05,0.0048875,0.0042625,0.01465,0.0049125,0.0083875,0.0086875,0.017125,0.0031,0.003925,0.008625,0.0033125,0.0025125,0.0061625,0.003775,0.004375,0.0091375,0.0028,0.007775,0.0058875,0.005375,0.0025875,0.0004875,0.002825,0.003275,0.0005625,0.002475,0.0078875,0.0040125,0.0025125,0.0006125,0.0051625,0.004,0.0050875,0.001775,0.0079875,0.0017625,0.002975,0.0002125,0.0046,0.00205,0.0047,0.001175,0.0043,0.0019875,0.0016625,0.00085,0.003325,0.00135,0.0043125,0.002575,2.5e-05,0.0031,0.00355,0.0037,0.001275,5e-05,2.5e-05,0.000875,0.00015,0.000425,0.0034875,0.0014625
0.674038,0.237738,0.138925,0.9607,0.76115,0.558475,0.057775,0.0575,0.181275,0.985075,0.413937,0.295437,0.311062,0.98045,0.978975,0.974825,0.652325,0.333938,0.96875,0.964025,0.2212,0.956063,0.95155,0.938775,0.9447,0.940038,0.932387,0.9283,0.9135,0.910613,0.124825,0.888775,0.873088,0.183562,0.843863,0.345262,0.823138,0.809125,0.793387,0.756825,0.735938,0.670913,0.376463,0.200313,0.279275,0.01145,0.267075,0.298738,0.237925,0.0741,0.084,0.0704625,0.0194375,0.0440625,0.0556,0.088625,0.096325,0.067525,0.0524,0.0114625,0.0253,0.06675,0.0239375,0.011,0.009875,0.002625,0.0188375,0.01915,0.001825,0.0041125,0.0097125,0.0056875,0.0029125,0.013525,0.0097125,0.0175625,0.0115375,0.0060625,0.0110625,0.0103875,0.0001625,0.0087875,0.0116375,0.0003875,0.0181,0.0037375,0.02005,0.0057,0.00695,0.004375,0.0106625,0.00705,0.007925,0.0013375,0.0015875,0.005075,0.0079,0.006475,0.0118375,0.0027625,0.0046625,0.009375,0.0022375,0.00545,0.0077,0.00455,0.0036375,0.0030125,0.007625,0.002325,0.010675,0.0014375,0.0019125,0.0101875,0.0006125,0.0021,0.0036375,0.008725,0.0017,0.0056375,0.0024375,0.004375,0.0064625,0.005925,0.003525,0.0012625,0.0096125,0.007125,0.0009,0.003125,0.0001875,0.0085375,0.0067,0.001075,0.0008875,0.0017875,0.0012375,0.0073875,0.0013625,0.0007,0.0026625,0.002525,0.006575,0.0033125,0.00345,0.00785,0.00355,0.0019375,0.002525,0.0022625,0.002975,0.00125,0.0032125,0.0087375,0.0047125,0.0018375,0.0026375,0.0022625,0.000575,0.0003875,0.00275
0.438275,0.995563,0.994775,0.4603,0.993225,0.139713,0.424962,0.016,0.9887,0.629575,0.800238,0.772162,0.462938,0.181725,0.0672375,0.052875,0.0237875,0.9687,0.305275,0.96455,0.2417,0.959725,0.879987,0.948237,0.9458,0.857463,0.930688,0.928425,0.8963,0.9059,0.906337,0.495025,0.886638,0.586963,0.855788,0.832537,0.816713,0.766325,0.5981,0.687087,0.6824,0.537362,0.218688,0.632888,0.0046875,0.0382625,0.217675,0.037775,0.0642125,0.0268,0.2016,0.12565,0.0228,0.0791375,0.0371375,0.0473125,0.013025,0.0577125,0.0242625,0.0014875,0.0782,0.0142875,0.014525,0.0176375,0.0271,0.0073,0.0286,0.03375,0.0192,0.0346875,0.0007625,0.0155625,0.0158,0.0278,0.001675,0.0075125,0.00385,0.0350875,0.020125,0.008425,0.0097875,0.004925,0.0015,0.0165125,0.003625,0.012925,0.0001875,0.0102125,0.017875,0.0072625,0.0061375,0.0023375,0.0179875,0.00065,0.0073375,0.0029375,0.0226,0.003075,0.006625,0.0017875,0.0034875,0.0001,0.0065375,0.0033375,0.004,0.001825,0.0117625,0.0015,0.004225,0.003125,0.0018375,0.00715,0.0002875,0.0089125,0.000425,0.001875,0.0032875,0.0076375,0.0005375,0.00665,0.0051625,0.004025,0.006075,0.000775,0.0030875,0.0018625,0.0027625,0.0022875,0.006525,0.0025875,0.0030875,0.001575,0.0007,0.0029875,0.0032375,0.002025,0.001775,0.0001375,0.004325,0.001625,0.0038875,0.00055,0.0003625,0.0038,0.00385,0.000325,0.0001,0.002575,0.0013,0.000875,0.0012375,0.0022875,0.002025,0.002775,0.0050875,0.001475,0.004075,0.0016875,0.0029875,0.0061125,0.002425
0.7165,0.761437,0.99345,0.725663,0.9935,0.1654,0.650513,0.4317,0.258025,0.399325,0.275375,0.032375,0.982788,0.011925,0.891637,0.976175,0.321675,0.212713,0.966613,0.774137,0.962788,0.9573,0.0102375,0.946925,0.941475,0.750425,0.9331,0.928325,0.367988,0.911275,0.8952,0.893862,0.877388,0.872962,0.854863,0.126875,0.771112,0.624337,0.09365,0.775413,0.585313,0.591725,0.555737,0.183162,0.0432625,0.4446,0.236325,0.0643125,0.192838,0.0643125,0.0692,0.00125,0.050325,0.02125,0.0037125,0.0552875,0.01555,0.0584,0.0776625,0.0444625,0.018125,0.020425,0.0276875,0.0463125,0.0248875,0.0129,0.023075,0.0529375,0.003575,0.0355125,0.0106,0.0132625,0.015275,0.0055875,0.0102125,0.00455,0.0142875,0.0148,0.0346125,0.0085875,0.004725,0.0103125,0.0107625,0.019275,0.0091125,0.0025625,0.002725,0.008375,0.0130625,0.001475,0.0056125,0.006025,0.0112375,0.0102625,0.00525,0.0007375,0.0003125,0.0141375,0.00215,0.00885,0.005175,0.00345,0.0051625,0.0028375,0.0037,0.0097375,0.0079125,0.0047625,0.0028375,0.0018,0.007575,0.00445,0.0031,0.00535,0.0032125,0.0005375,0.000775,0.0013875,0.0035375,0.002875,0.0023875,0.00035,0.0004,0.003875,0.000825,0.00075,0.0051875,0.0087625,0.00565,0.0002875,0.002875,0.0030375,0.0014125,0.001075,0.0023625,0.0078125,0.0023625,0.0041,0.0037375,0.0011,0.00105,0.00195,0.0004125,0.000975,0.003075,0.0033,0.006225,0.002325,0.00545,0.0046625,0.0030125,0.0013625,0.001325,0.00215,0.0027625,0.0003625,0.0068375,0.001825,0.0023,0.00125,0.0035125
0.994438,0.4702,0.705863,0.0270625,0.0388,0.186175,0.488638,0.343625,0.989412,0.9855,0.498112,0.983512,0.108488,0.806263,0.0381,0.0736875,0.974425,0.969488,0.11555,0.9654,0.2588,0.957525,0.954688,0.9508,0.207913,0.5059,0.92795,0.922525,0.887425,0.911088,0.903837,0.097925,0.096125,0.856012,0.842275,0.51665,0.642225,0.751138,0.76635,0.102662,0.761738,0.708488,0.531275,0.114662,0.140687,0.194425,0.454,0.1963,0.278563,0.0013625,0.01735,0.0166125,0.104225,0.02745,0.100825,0.1322,0.06105,0.036225,0.0339625,0.0129375,0.047825,0.0723625,0.0259125,0.0156875,0.0056375,0.029175,0.035,0.0001,0.0249125,0.0213,0.0535,0.0404875,0.0005875,0.010025,0.0144375,0.0212625,0.02075,0.0140375,0.0076875,0.006925,0.00325,0.0099875,0.0173875,0.0031625,0.0241125,0.003025,0.01205,0.0043875,0.00675,0.000775,0.0167,0.0024125,0.0011125,0.0027625,0.0060125,0.00495,0.0028375,0.000375,0.0069,0.0013375,0.011425,0.008175,0.0047625,0.00475,0.0037,0.00675,0.0033375,0.0001125,0.0029375,0.0049875,0.00565,0.00175,0.003225,0.001475,0.00215,0.0050625,0.0048,0.00925,0.0065125,0.0004375,0.001325,0.0035625,0.0036,0.0022375,0.001625,0.000375,0.004675,0.00055,0.00755,0.0004,0.0046,0.0047625,0.0034,5e-05,0.0022875,0.00035,0.002125,0.0024,0.0013125,0.0033375,0.003525,0.0003875,0.0045125,0.0026875,0.00825,0.0011,0.005775,0.0007375,0.0035125,0.0001875,0.0027,0.0001,0.0041875,0.00065,0.0037625,0.000275,0.004425,0.005075,0.000675,0.0030125,0.0041
0.4248,0.0875,0.404613,0.6893,0.474237,0.753513,0.546675,0.346463,0.902762,0.222513,0.917937,0.0538875,0.9814,0.981075,0.849913,0.973462,0.27285,0.97155,0.967775,0.9657,0.012625,0.959838,0.0243625,0.946988,0.474337,0.481375,0.845988,0.924975,0.91855,0.8483,0.590925,0.89525,0.414938,0.857638,0.8567,0.820675,0.81455,0.756337,0.735437,0.615675,0.679575,0.615188,0.563963,0.531787,0.0845625,0.0281625,0.0339375,0.280463,0.0747875,0.0197625,0.071525,0.161288,0.010225,0.057425,0.15045,0.0545375,0.06335,0.025075,0.009125,0.0126375,0.04575,0.0092125,0.0025125,0.0132,0.0388875,0.017375,0.0770625,0.0243875,0.0192625,0.0177375,0.0095625,0.0011,0.019,0.0072875,0.0119,0.003325,0.0096,0.01125,0.0128375,0.00665,0.0067375,0.0003875,0.018675,0.00405,0.01855,0.003975,0.0003,0.0018,0.0051,0.007175,0.0037375,0.0133375,0.0010125,0.0073875,0.0019125,0.0155,0.0021875,0.0044875,0.0024375,0.0040625,0.013675,0.0048625,0.0044625,0.0164,0.010175,0.00075,0.002025,0.0021125,0.0066625,0.0040875,1.25e-05,0.00215,0.0062625,0.0002625,0.0004875,0.0008875,0.005225,0.00315,0.00645,0.0037875,0.0139875,0.002425,0.0012375,0.0011125,0.0038125,0.0058625,0.004675,0.0013125,0.00515,0.0021375,0.004475,0.0023,0.005825,0.0050375,0.002525,0.0007125,0.001375,0.0023125,0.00255,0.0039125,0.0050625,0.0053,0.004575,0.0023875,0.00215,0.0024875,0.0048125,0.0022125,0.0058625,0.003425,0.004175,0.0018875,0.0066375,0.0005875,0.0019875,0.0005875,0.0036875,0.0005,0.0016,0.000875,0.0011125
0.744863,0.639225,0.812788,0.589375,0.732175,0.7368,0.0208125,0.07075,0.435038,0.9874,0.968137,0.5177,0.121663,0.240825,0.97495,0.420775,0.572813,0.9721,0.9679,0.965575,0.959538,0.955463,0.0284875,0.949137,0.436375,0.938762,0.708425,0.924513,0.91955,0.0550375,0.620687,0.882813,0.808625,0.87215,0.48475,0.0161125,0.6304,0.74245,0.756512,0.778638,0.5631,0.495075,0.358788,0.513975,0.0613375,0.118338,0.174563,0.1532,0.054825,0.137388,0.0655625,0.0018,0.147713,0.035025,0.0763625,0.0414375,0.0248875,0.043225,0.1347,0.0324125,0.0188625,0.0196,0.04775,0.0180375,0.00255,0.0291,0.0221625,0.0050125,0.0102,0.0013125,0.0115125,0.0349,0.0049875,0.011525,0.0136875,0.0206625,0.0126125,0.00015,0.0093375,0.0131,0.0184875,0.02325,0.005425,0.006875,0.0035875,0.0062375,0.0009,0.004825,0.0002375,0.0037,0.0025625,0.0019375,0.0165,0.010975,0.0084,0.0003375,0.0008625,0.0109,0.0055,0.010325,0.0063875,0.0063,0.006,0.00465,0.0014625,0.0013625,0.0083125,0.0038125,5e-05,0.0005625,0.0012375,0.002525,0.006225,0.0047125,0.0020125,0.002125,0.000525,0.0108625,0.006125,0.006775,0.005025,0.001925,0.0092625,0.0028875,0.0024875,0.00045,0.0084125,0.0053,0.003925,0.0034625,0.0005625,0.0020875,0.005725,0.002525,0.0015375,0.00045,0.003075,0.004475,0.0034625,0.003725,0.001675,0.00185,0.0067375,0.0024875,0.000175,0.0019625,0.00155,0.0021625,0.002225,0.0030125,0.004475,0.0006625,0.0003625,0.0024125,0.0013375,0.0044625,6.25e-05,0.0011,0.0002375,0.0040375,0.0030625
0.996125,0.164938,0.028825,0.20235,0.57025,0.792175,0.0684625,0.9487,0.989575,0.7364,0.372937,0.921437,0.0496,0.374537,0.484525,0.303162,0.9742,0.970825,0.323712,0.1295,0.319812,0.957137,0.952763,0.946375,0.0376375,0.930413,0.932775,0.9217,0.638375,0.912537,0.647687,0.893087,0.888775,0.85945,0.622275,0.825063,0.82955,0.17245,0.769225,0.751663,0.582688,0.631213,0.433462,0.073875,0.272225,0.367188,0.285862,0.0751,0.334325,0.155625,0.086975,0.0284375,0.048675,0.075775,0.05405,0.0512875,0.0292375,0.0080125,0.0542125,0.0034,0.0481125,0.0337125,0.0171875,0.0094,0.0111125,0.0136,0.0524125,0.0348875,0.0167375,0.008975,0.013625,0.01135,0.000875,0.0020125,0.0064125,0.007575,0.0122125,0.0007375,0.006725,0.0130375,0.0106,0.00195,0.0054875,0.00195,0.0095375,0.004475,0.0117625,0.009325,0.01045,0.006975,7.5e-05,0.005275,0.0029875,0.00325,0.0082,0.002125,0.0086,0.0022625,0.0033125,0.0048,0.0125375,0.0026625,0.0051875,0.000225,0.0047625,0.009,0.008725,0.007475,0.0085875,0.0056625,0.0061875,0.001,0.0043125,0.0010125,0.002475,0.0037,0.0023625,0.0009125,0.0008,0.0055,0.00785,0.0057625,0.0034875,0.0115375,0.0049125,0.004875,0.0057875,0.0018,0.0068,0.0044125,0.001625,0.001675,0.0051125,0.001775,0.0046625,0.0003375,0.000575,0.001175,0.0021625,0.0032375,0.001225,0.005325,0.0004625,0.0050125,0.006275,0.0006125,0.0074625,0.00245,0.00305,0.001325,0.0050375,0.0017125,0.00025,0.0005,0.0035,0.0006625,0.00115,0.0022,0.0027125,7.5e-05,0.004775
0.124975,0.995338,0.105063,0.993975,0.991013,0.628162,0.213875,0.201675,0.472525,0.742463,0.4471,0.690413,0.983063,0.257837,0.15185,0.0379125,0.221675,0.9698,0.966125,0.964588,0.407025,0.958913,0.949538,0.948025,0.186288,0.938775,0.932963,0.9221,0.24095,0.646488,0.906938,0.896563,0.745438,0.772463,0.109825,0.424725,0.826775,0.510813,0.5828,0.727975,0.737775,0.27665,0.14625,0.502112,0.0863375,0.231675,0.046475,0.251725,0.0431375,0.265562,0.0555375,0.088475,0.0099,0.141712,0.0258625,0.113663,0.0123375,0.0051375,0.0095625,0.0314625,0.001875,0.0316625,0.0276125,0.047775,0.0014875,0.0404875,0.0237625,0.0591875,0.0167875,0.0185125,0.0317125,0.0471125,0.0024375,0.0019625,0.002025,0.0452125,0.013825,0.0057125,0.012925,0.012475,0.0114375,0.000425,0.012,0.005,0.008025,0.0110125,0.01245,0.0163125,0.00575,0.0045375,0.014525,0.0093375,7.5e-05,0.0045625,0.004225,0.007325,0.0034375,0.0029375,0.0033625,0.0065125,0.0010375,0.0040625,0.001075,0.000575,0.0018625,0.0010375,0.00425,0.0029375,0.0029125,0.004775,0.004,0.000725,0.000875,0.00065,0.000675,0.0009375,6.25e-05,0.0008125,0.0018,0.0002625,0.0015125,0.0005375,0.003475,0.0003125,0.0056375,0.0042375,0.0040875,0.0017375,0.0013625,0.0043375,8.75e-05,0.000175,0.0015125,0.0003,0.0007625,0.00265,0.004025,0.00145,0.0045125,0.000175,0.0016125,0.0030375,0.001975,0.0022,0.00075,0.00395,0.0031875,0.0045375,0.0044375,0.001575,0.0055875,0.00245,0.003225,0.0082125,0.001425,0.0027625,0.0017625,0.0033875,0.0025375,0.0007875,0.0001125
0.382263,0.79325,0.39575,0.6514,0.3586,0.299575,0.800612,0.979963,0.57935,0.986937,0.812125,0.985063,0.983662,0.67525,0.779638,0.975675,0.974038,0.719775,0.0004625,0.965025,0.9606,0.233337,0.579225,0.9464,0.250913,0.937338,0.0005,0.69565,0.9127,0.325462,0.767387,0.894937,0.878537,0.87125,0.857375,0.838237,0.832025,0.748625,0.487938,0.46615,0.682575,0.615563,0.513325,0.268825,0.0830625,0.220975,0.32535,0.127687,0.0427,0.156387,0.301887,0.0108625,0.08135,0.0157375,0.036275,0.0139375,0.0086875,0.0669375,0.0397625,0.0239875,0.00575,0.0077125,0.04645,0.0082125,0.0126625,0.0115875,0.0117875,0.028425,0.002175,0.005,0.00895,0.019375,0.0119125,0.0083375,0.0012625,0.004725,0.0144125,0.012825,0.0056625,0.006275,0.0105125,0.0055375,0.0129,0.00085,0.0155375,0.013375,0.0025375,0.0062375,0.0006375,0.0091875,0.003425,0.0077875,0.0012875,0.018325,0.00435,0.0008125,0.0017875,0.007975,0.00305,0.001525,0.0045,0.0075875,0.002275,0.0107875,0.0003125,0.0001,0.001525,0.006625,0.00035,0.00155,0.00445,0.00105,0.0039875,0.009325,0.0054125,0.005125,0.0011375,0.0100875,0.007425,0.0052625,0.0006375,0.002225,0.007425,0.0014875,0.00775,0.0003,0.0031625,0.001475,0.002675,0.0035625,0.00265,0.005575,0.004875,0.001425,0.0053875,0.0007625,0.00805,0.0070125,0.0021875,0.001575,0.0022,0.0004125,0.0011875,0.0020125,0.0019875,0.003225,0.002775,0.001225,0.0023875,0.004775,0.00455,0.0007125,0.0058375,0.0032625,0.001925,0.00015,0.0021375,0.0002,0.0027875,0.0048125,0.003475
0.571488,0.99545,0.121338,0.408463,0.34655,0.24575,0.886075,0.692213,0.876462,0.987337,0.986,0.733338,0.486575,0.668625,0.566775,0.358888,0.01635,0.969562,0.826862,0.218375,0.961625,0.0093375,0.954425,0.0312,0.938812,0.942062,0.932,0.907575,0.918475,0.582925,0.773987,0.84175,0.862388,0.878475,0.835987,0.8227,0.82205,0.80485,0.730575,0.765562,0.489312,0.707987,0.46995,0.47975,0.296288,0.20605,0.2993,0.1275,0.11695,0.13245,0.058025,0.0142125,0.0589375,0.0072,0.042425,0.0159,0.0117875,0.0001125,0.026575,0.022375,0.0197,0.03735,0.0036875,0.0024,0.0032375,0.0098125,0.00305,0.0052375,0.0088375,0.0098875,0.0112625,0.002275,0.011025,0.002275,0.006825,0.0135625,0.0152375,0.0019875,0.0049125,0.0001,0.0204625,0.00925,0.00205,0.003725,0.0064625,0.011375,0.001475,0.0117875,0.005775,0.00135,8.75e-05,0.0047,0.0066,0.0098875,0.0047125,0.0019375,0.008575,0.0011,0.00935,0.0054625,0.004275,0.0056625,0.0034,0.0087125,0.00975,0.000875,0.0002125,0.0043125,0.002675,0.00115,0.0066125,0.0083125,0.0071625,0.0044625,0.0014,0.005075,0.0069125,0.0029,0.001175,0.0046125,0.003925,0.007125,0.0001875,0.0053,0.0016875,0.011875,0.00895,0.0029625,0.007125,0.0020375,0.0040375,0.00275,0.0037625,0.0059375,7.5e-05,0.00065,0.0049625,0.004725,0.001625,0.0028375,0.00125,0.0048625,0.0026875,0.00045,0.00915,0.0058125,0.0016,0.001825,0.000725,0.001375,1.25e-05,0.001175,0.0006375,0.005975,0.003325,0.0006875,2.5e-05,0.0074625,0.000775,0.0019625,0.009375
0.458612,0.90865,0.255738,0.904762,0.9926,0.991738,0.0137625,0.98955,0.434125,0.262225,0.407687,0.849613,0.982262,0.024225,0.274263,0.2221,0.937662,0.82085,0.967862,0.963038,0.95785,0.389975,0.565775,0.95135,0.943063,0.938337,0.698213,0.70655,0.917988,0.905925,0.902312,0.567875,0.876013,0.853463,0.856938,0.837063,0.806238,0.398563,0.754075,0.0646875,0.6646,0.68355,0.566675,0.505687,0.298775,0.153312,0.218962,0.201212,0.276162,0.0127625,0.229762,0.01745,0.0132625,0.00505,0.0114375,0.0742125,0.0101625,0.0548375,0.0432,0.0668625,0.009875,0.0054,0.0058375,0.026875,0.0147625,0.0006125,0.0023125,0.0110125,0.014375,0.0022875,0.0235125,0.0097875,0.0087125,0.0224375,0.014875,0.0052125,0.002,0.0053,0.0188625,0.0126125,0.0005,0.007675,0.0054125,0.00095,0.00915,0.00585,0.0014875,0.0099375,0.0154625,0.00165,0.00535,0.0099625,0.0059125,0.0040875,0.006825,0.0007125,0.0081,0.006525,0.005,0.0029625,0.001725,0.017425,0.0024125,0.0178875,0.0004625,0.0029375,0.0144375,0.002375,0.0010125,0.001,0.0044125,0.007375,0.0001625,0.012625,0.0029875,6.25e-05,0.0019875,0.0042,0.0006625,0.0021875,0.001975,0.0051375,0.0009,0.0050875,0.0070875,0.0006,0.0001625,0.003825,0.0035375,0.00405,0.000475,0.00405,0.005875,0.0012375,0.0004,0.0016625,0.0049875,0.0015,0.009875,0.0007375,0.000275,0.00595,0.0036375,3.75e-05,0.003625,0.0014875,0.006625,0.00215,0.002025,0.000675,0.0006625,0.0004125,0.0018125,0.002075,0.00055,0.0041125,0.0001,0.0004125,0.0042625,0.0036,0.0020125
0.441638,0.808563,0.120337,0.148037,0.006125,0.011725,0.083325,0.987025,0.469175,0.202837,0.98595,0.71175,0.33835,0.050725,0.090125,0.97795,0.0263875,0.0345375,0.967325,0.965525,0.5825,0.180975,0.951513,0.8565,0.94135,0.041375,0.3164,0.928725,0.725075,0.856688,0.896962,0.795487,0.883925,0.86895,0.75195,0.052375,0.787925,0.687613,0.773312,0.777175,0.619462,0.6442,0.397837,0.300688,0.406175,0.41,0.410363,0.1836,0.0814375,0.0411125,0.123988,0.06855,0.0736125,0.0917625,0.0351875,0.028975,0.004,0.022475,0.0505625,0.0015,0.040425,0.030725,0.013025,0.0230875,0.03095,0.0255125,0.0301375,0.017225,0.01045,0.0158,0.003475,0.00265,0.0451875,0.0016,0.0379625,0.0139375,0.0300125,0.013675,0.0046625,0.0035125,0.0144,0.00535,0.00185,0.0032625,0.0289,0.02065,0.0032625,0.00085,0.01545,0.0098375,0.0002875,0.002125,0.00305,0.0030125,8.50015e-19,0.003125,0.001225,0.0032625,0.00575,0.0007375,0.00605,0.0045875,0.0061875,0.0027875,0.00365,0.0021,0.010075,0.0106375,0.0015375,0.0031875,0.0052125,0.0149125,0.009375,0.000525,0.0094375,0.000775,0.0020875,0.00435,0.0016875,0.007025,0.0057875,0.001625,0.0079,0.0032125,0.0008,0.0056875,0.00855,0.0008,0.0019125,0.0023375,0.000425,0.0063125,0.0037375,0.0043875,0.0057875,0.0041625,0.002325,5e-05,0.0020625,0.0039625,0.000675,0.0043,0.0028375,0.0019875,0.0087875,0.0012125,0.0043625,0.003875,0.0037875,0.0063875,0.00295,0.0044125,0.001025,0.0012875,0.002275,0.000925,0.0002375,0.0037375,0.0014875,0.0005,0.0062125
0.265287,0.159475,0.9132,0.979113,0.499437,0.475538,0.0635875,0.341013,0.971912,0.062325,0.984462,0.25105,0.98335,0.700738,0.128725,0.146888,0.975425,0.0298,0.941688,0.9654,0.28075,0.958025,0.953275,0.946025,0.945075,0.437613,0.929025,0.800375,0.808362,0.72585,0.0719875,0.89345,0.888863,0.8578,0.338075,0.816363,0.826,0.783837,0.745725,0.703962,0.4816,0.447738,0.477937,0.589462,0.0924875,0.0687,0.019675,0.14015,0.157475,0.0905125,0.0703375,0.027875,0.0551,0.0632875,0.0589875,0.03705,0.12525,0.01655,0.0068875,0.0467875,0.01485,0.026925,0.0192875,0.04515,0.0156125,0.0034375,0.0083,0.007325,0.0026375,0.001075,0.005725,0.007075,0.0199125,0.010775,0.0136,0.0313,0.0088875,0.008675,0.01,0.015975,0.0003375,0.00355,0.01485,0.01265,0.0055125,0.017675,0.002825,0.0018875,0.023075,0.0198375,0.0058125,0.006575,0.0086625,0.0064875,0.00465,0.0136875,0.0069,0.0127125,0.0048875,0.004775,0.002375,0.001025,0.00485,0.005175,0.0070125,0.001475,0.0059625,0.0078625,0.003725,0.0040625,0.0024375,0.0067125,0.0032,0.0051125,0.0011875,0.0001375,0.00525,0.0033625,0.007125,0.0113375,0.00345,0.0054875,0.000125,0.005675,0.004475,0.003425,0.000825,0.0034125,0.000475,0.003125,0.0031125,0.0013,0.0052125,0.0063375,0.003275,0.00425,0.005125,0.0010625,0.0006625,0.002475,0.0024,0.00165,0.004825,0.0014125,0.0004625,0.00205,0.004925,0.001825,0.001175,0.000925,0.0005125,0.0029375,0.0008625,0.00335,0.001125,8.75e-05,0.0012125,0.0004875,0.0026375,0.001175,0.000475
0.518513,0.352338,0.681375,0.994188,0.888425,0.80375,0.0745375,0.42865,0.559237,0.462188,0.395025,0.6022,0.415,0.642887,0.763175,0.689725,0.186788,0.970437,0.969463,0.966013,0.959963,0.760537,0.2451,0.950063,0.943387,0.938087,0.934862,0.924175,0.920013,0.917263,0.231775,0.881375,0.883475,0.881688,0.360963,0.0517375,0.806813,0.811925,0.250112,0.3328,0.732575,0.597562,0.585725,0.0293,0.4509,0.0387,0.1611,0.273712,0.150462,0.1141,0.196425,0.080075,0.0765125,0.0311125,0.029075,0.0539125,0.0585875,0.0080125,0.031525,0.0022125,0.005925,0.0077,0.0118,0.0238125,0.00505,0.009225,0.0185375,0.0247,0.0269625,0.0061375,0.0202625,0.0408375,0.0061625,0.0107375,0.0109625,0.0056625,0.0070125,0.0121,0.0185375,0.0208375,0.0032125,0.0019,0.0075625,0.0064625,0.00915,0.0076,0.0119,0.0022875,0.01375,0.0054,0.010725,0.001525,0.022025,0.0041875,0.0058625,0.0056625,0.0064,0.0071625,0.0153875,0.0026875,0.0057,0.00655,0.0036625,0.007575,0.0023875,0.0012875,0.0036,1.25e-05,0.0024875,0.0053375,0.0005875,0.000725,0.002825,0.00695,0.0004375,0.00795,0.0013625,0.001475,0.0043125,0.00725,0.00025,0.0006875,0.00015,0.0004125,0.00435,0.01145,0.003275,0.0077,0.003825,0.000575,0.00375,0.001,0.0052625,0.00125,0.0045125,0.000375,0.0082125,0.0054375,0.004625,0.002675,0.0023625,0.0015375,0.0042625,0.000975,1.25e-05,0.0038,0.0001375,0.0008625,0.0008625,0.0033375,0.000625,0.0005125,0.001625,0.000925,0.0028125,0.006875,0.0017125,0.004275,0.0015125,0.0012375,0.0013125
0.145613,0.0282625,0.358563,0.00115,0.21765,0.219262,0.354938,0.31955,0.4628,0.125863,0.03685,0.3855,0.937762,0.759213,0.218163,0.976225,0.7342,0.0887875,0.6773,0.963675,0.96125,0.628663,0.0258875,0.868462,0.947425,0.371113,0.428588,0.732488,0.915925,0.91105,0.904988,0.06935,0.799837,0.503288,0.846475,0.54355,0.828887,0.80285,0.739062,0.6848,0.724575,0.228238,0.412725,0.44215,0.49905,0.021275,0.00855,0.036725,0.124013,0.0382125,0.0175125,0.0046,0.0103625,0.235513,0.115813,0.0095625,0.0075625,0.0250375,0.03505,0.017075,0.0097,0.0206125,0.0221,0.0027,0.0463625,0.0028625,0.0284625,0.0030875,0.0529625,0.018175,0.029925,0.003875,0.0053,0.018275,0.005975,0.0003875,0.009975,0.0047,0.007575,0.0087125,0.0161625,0.0104875,0.0142875,0.0086375,0.0119125,0.0008875,0.0091625,0.010975,0.0149,0.0115,0.0139125,0.005175,0.0047375,0.0112,0.0013375,0.0045625,0.003825,0.00375,0.0037625,0.006,0.00265,0.002575,0.0101125,0.0071125,0.0035375,0.002875,0.0067125,0.0051625,0.006775,0.0079125,0.0008125,0.00325,0.0007625,0.0054,0.003275,0.0082375,0.0028625,0.0055125,0.0018875,0.0032375,0.0041125,0.0009125,0.0048375,0.0048125,0.0060625,0.0051875,0.0013625,0.005525,0.00265,0.003625,2.5e-05,0.00455,0.0033375,0.003625,0.0024125,0.0086375,0.0055375,0.0008875,0.0013,0.0044125,0.0048125,0.0026875,0.0026125,0.0005875,0.000275,0.0021125,0.00355,0.0012875,0.0051875,0.0014125,0.0019625,0.0052625,0.0019875,0.0017125,0.002775,0.003225,0.0043,0.0063125,0.0033125,0.0032375,0.00565
0.996025,0.458987,0.994288,0.3253,0.73665,0.6952,0.163137,0.989175,0.988337,0.986888,0.634412,0.98375,0.018875,0.978825,0.206487,0.975212,0.974125,0.4799,0.968662,0.608263,0.961013,0.9579,0.954175,0.949063,0.065525,0.937075,0.93635,0.929613,0.922025,0.129525,0.010025,0.889263,0.179588,0.867538,0.868263,0.3074,0.408025,0.768263,0.788637,0.737088,0.699525,0.694613,0.6673,0.5438,0.108,0.507437,0.050125,0.081225,0.0420375,0.212087,0.0498875,0.13325,0.0134375,0.0582375,0.0436375,0.0450375,0.011125,0.0550375,0.0587625,0.000125,0.0223625,0.0500875,0.013575,0.0337625,0.0043625,0.0165375,0.0080875,0.018325,0.0038,0.000525,0.00365,0.0050375,0.0217,0.004975,0.017225,0.000375,0.009675,0.0095,0.00865,0.019575,0.0020875,0.0068,0.0060125,0.0037625,0.008125,0.0077875,0.002725,0.00395,0.0015125,0.000425,0.0056875,0.0094375,0.0102875,0.00155,0.010625,0.0004375,0.005275,0.0021375,0.009025,0.0037625,0.0002375,0.0097875,0.00535,0.003125,0.00985,0.0054625,0.0049875,0.0033,0.0047125,0.002325,0.007325,0.00225,0.0007375,0.0009,0.00385,0.000375,0.00365,0.00755,0.0103125,0.0020875,0.0065,1.25e-05,0.00205,0.0008375,0.00345,0.003675,0.0036625,0.003425,0.0049375,0.0007875,0.0051375,0.001925,0.003225,0.0028875,0.00345,0.0014125,0.0015,0.00195,0.0069375,0.002875,0.0023,0.0001,0.0068375,0.0005375,0.0031875,0.00255,0.0048125,0.00325,0.00405,0.0016625,0.0075375,0.0005875,0.002575,0.0006625,0.001275,0.0026625,0.0035875,0.00515,0.002825,0.002225,0.0026
0.485212,0.33955,0.897163,0.1794,0.816438,0.047225,0.424588,0.0970125,0.859888,0.986363,0.985887,0.954612,0.852462,0.076225,0.669325,0.967088,0.2189,0.972262,0.886487,0.46955,0.9614,0.956013,0.954538,0.11655,0.94415,0.940412,0.921413,0.925212,0.224737,0.909913,0.904238,0.869287,0.88115,0.23005,0.864662,0.829575,0.830588,0.806212,0.76,0.708013,0.690612,0.677825,0.36975,0.295662,0.09395,0.327813,0.05835,0.067,0.041075,0.106725,0.0846625,0.086475,0.1112,0.0594875,0.0453125,0.0639875,0.0237875,0.05475,0.112912,0.026075,0.0602125,0.06595,0.02485,0.025875,0.0172,0.0083125,0.01885,0.010025,0.0091875,0.0397125,0.0116,0.0025,0.003975,0.0364125,0.0060375,0.008725,0.0215125,0.020625,0.01675,0.0242125,0.0013,0.0138375,0.0186125,0.002925,0.0073625,0.0136875,0.001975,0.0007625,0.008775,0.0009125,0.000825,0.0002125,0.0029,0.0016625,0.006575,0.0103125,0.004175,0.0004875,0.01155,0.0010625,0.0127,0.0054125,0.0062625,0.0003625,0.0101375,0.003,0.0088,0.0039375,0.0007125,0.00175,0.0088125,0.003625,0.0033125,0.003,0.003625,0.0014625,0.0038,0.0001125,0.00285,0.0015375,0.00135,0.0059875,0.0071125,0.001075,0.00575,0.0047125,0.00165,0.00525,0.007025,0.004175,0.00155,0.0002875,0.0017875,0.0018875,0.002125,0.004925,0.0041125,0.000775,0.0014625,0.0001,0.0016125,0.0032875,0.0017625,0.00765,0.0039625,0.010225,0.00175,0.000225,0.0049875,0.00305,0.0028,0.0001375,0.0047875,0.00325,0.0015125,0.006725,0.00045,0.002075,0.002275,0.0010125,0.001375
0.71375,0.368412,0.563463,0.460775,0.084275,0.063425,0.989275,0.642987,0.041425,0.304225,0.984225,0.970738,0.149063,0.23485,0.037925,0.97615,0.97525,0.9644,0.96525,0.946512,0.239225,0.742213,0.492,0.94725,0.9439,0.933425,0.934487,0.927538,0.123463,0.66105,0.253812,0.888275,0.881525,0.875475,0.516125,0.8285,0.807,0.710763,0.698913,0.717325,0.506763,0.637163,0.562725,0.5771,0.0241875,0.354212,0.0303375,0.204087,0.1901,0.0205625,0.030525,0.0624625,0.0190625,0.0389625,0.040175,0.106475,0.0560375,0.0017125,0.009475,0.0290625,0.0066125,0.020175,0.005375,0.0379125,0.0151,0.0018875,0.0305375,0.002275,0.0083375,0.009675,0.0072,0.025975,0.0031125,0.00385,0.00845,0.033075,0.0116,0.0181,0.024975,0.0175125,0.0221625,0.02735,0.0016625,0.0058625,0.009925,0.0101875,0.012475,0.0039125,0.0038125,0.005025,0.0009,0.00015,0.0025125,0.0052875,0.0078625,0.0019,0.00275,0.008625,0.002825,0.002925,0.0080875,0.002,0.009375,0.004475,0.003525,0.007675,0.0063625,0.0030875,0.0006375,0.0071,0.008875,0.00045,0.002575,0.0005375,0.0002125,0.0020625,0.0166875,0.0001875,0.0009,0.0079125,0.0027625,0.0055375,0.001125,0.0011,0.001125,0.0002125,0.001675,0.0061625,5e-05,0.0003875,3.75e-05,0.0037125,0.00265,0.0057875,0.0022625,0.00175,0.00325,0.0005375,0.003525,0.006675,0.0020625,0.0022125,0.0038375,2.5e-05,0.00195,0.0032,0.0036,0.0025625,0.0003125,0.00445,0.002175,0.0018125,0.004125,0.0050875,0.0023875,0.000175,0.0037875,0.0012875,1.25e-05,0.001225,0.0023125
0.40895,0.995538,0.445875,0.400187,0.2732,0.37835,0.163175,0.707875,0.603863,0.00925,0.287813,0.832937,0.982838,0.426413,0.978613,0.03065,0.91935,0.069025,0.965187,0.966037,0.932725,0.956788,0.242325,0.0924875,0.943188,0.937988,0.93075,0.921325,0.856213,0.0935,0.9001,0.227925,0.6856,0.431412,0.810625,0.452962,0.14185,0.0190625,0.770513,0.736337,0.716463,0.45335,0.173512,0.18875,0.351425,0.173175,0.337775,0.325075,0.015075,0.06425,0.0850875,0.063825,0.002,0.0773125,0.1818,0.006475,0.0004875,0.0383625,0.0714375,0.029775,0.0583375,0.0211875,0.0169875,0.049425,0.003725,0.0116,0.016275,0.0135125,0.002675,0.004975,0.00255,0.006625,0.0081,0.0083,0.014375,0.020225,0.0015625,0.015175,0.004,0.0068875,0.0110125,0.0017375,0.0014875,0.0060375,0.0260125,0.0048,0.0018,0.0016875,0.014475,0.0159375,0.0095625,0.0053,0.0076,0.0031875,0.0016125,0.0129125,0.003075,0.009875,0.0022,0.00965,0.0070375,0.001725,0.0052625,0.0054875,0.006625,0.00295,0.0040125,0.003275,0.00675,0.0114625,0.00115,0.0035375,0.013675,0.003925,0.0020375,0.0011375,0.0010125,0.0015875,0.0040375,0.002475,0.003675,0.003725,0.00025,0.0005125,0.0023375,0.003075,0.0004,0.00145,0.0028375,0.0063125,0.0053,0.0020625,0.00515,0.00465,0.00435,0.0021125,0.0047125,0.000225,0.005925,0.001725,0.0032125,0.0001375,0.002525,0.0028625,0.0009625,0.0020875,0.001825,0.006875,0.002775,0.0084375,0.0044125,0.003575,0.00275,0.0010375,0.0008125,0.0042375,0.0041875,0.0013625,0.00195,0.0024625,0.0004125
0.995825,0.38385,0.837263,0.193062,0.399438,0.992237,0.735125,0.727387,0.974488,0.987712,0.374625,0.311888,0.983175,0.911187,0.22265,0.979212,0.039075,0.6941,0.717888,0.799875,0.962,0.9584,0.951338,0.951125,0.943788,0.940975,0.927213,0.790137,0.915513,0.757012,0.900138,0.902275,0.256938,0.856475,0.53205,0.862912,0.844737,0.0673375,0.78175,0.7507,0.59045,0.658512,0.0351375,0.681362,0.129575,0.119463,0.0002375,0.139312,0.266188,0.205687,0.129775,0.049925,0.147375,0.048725,0.0245,0.01705,0.0084,0.08785,0.0403125,0.01605,0.0282125,0.005575,0.004525,0.0211625,0.008875,0.0419625,0.0001,0.020875,0.009525,0.0066375,0.0297375,8.75e-05,0.014175,0.0285875,0.0185,0.0013375,0.0171125,0.0189375,0.01415,0.010725,0.0100625,0.0163875,0.007275,0.0049875,0.0049,0.0007625,0.00565,0.006725,0.0063625,0.0210375,0.0061375,0.009525,0.00375,0.0111,0.0058375,0.005825,0.0095125,0.00875,0.0010125,0.014275,0.00465,0.0083875,0.0095625,0.0112875,0.000525,0.0011125,0.0036375,0.001075,0.0030625,0.0088625,0.0080375,0.0068625,0.001175,0.0056,0.0063875,0.0024,0.00555,0.0024625,0.0064125,0.006725,0.000175,0.0025875,0.0151125,0.0050875,0.006475,0.00275,0.0039625,0.0002875,0.006225,0.005475,0.0007375,0.0015125,0.0003,0.0039,0.0077,0.000725,0.0029875,0.004275,0.0006375,0.0005125,0.0013875,0.001575,0.0019375,0.00015,0.0028625,0.0014125,0.0025,0.000625,0.0004875,0.001925,0.001475,0.004225,0.001575,0.00355,0.005475,0.0039,0.0010625,0.0044375,0.0031375,0.000125,0.00165
0.295475,0.153112,0.390963,0.0648125,0.415213,0.279275,0.136812,0.476887,0.07465,0.465975,0.986525,0.722725,0.5191,0.978837,0.0228875,0.0542625,0.97465,0.45585,0.963488,0.9644,0.960812,0.657975,0.00405,0.949087,0.944087,0.937625,0.936463,0.926387,0.62065,0.0256625,0.902275,0.884512,0.8851,0.871875,0.853887,0.84965,0.009175,0.791863,0.128038,0.731213,0.392687,0.403625,0.624462,0.257837,0.118838,0.007925,0.0407125,0.0164125,0.057725,0.04595,0.116863,0.045375,0.132438,0.08565,0.107462,0.02,0.021925,0.01515,0.0548375,0.0622125,0.0200625,0.015475,0.03125,0.0385375,0.02675,0.023075,0.015775,0.0211375,0.024575,0.03875,0.03015,0.00765,0.009,0.004775,0.0156,0.0061375,0.0189125,0.0163875,0.004375,0.01025,0.013075,0.00655,0.00935,0.014625,0.0022375,0.0125125,0.008975,0.0016375,0.0293875,0.0044625,0.0031625,0.001525,0.0092375,0.012275,0.001475,0.0104,0.0136,0.00825,0.0032625,0.00065,0.0018625,0.0008875,0.00395,0.00175,0.0103125,0.00555,0.01165,0.0008125,0.00355,0.0083375,0.004575,0.00345,0.001425,0.00775,0.0059125,0.0055875,0.0022625,0.003525,0.00385,0.00345,0.0059125,0.0062,0.00025,0.0022875,0.0059,0.004225,0.0004375,0.00705,0.004025,0.0016125,0.0026125,0.0084875,0.0003125,0.0011,0.0089125,0.00265,0.00115,0.0087625,5e-05,0.0017,0.0029125,0.00395,0.0046875,0.0032875,0.0023,0.0028875,0.0083375,0.0010125,0.0004875,0.001275,0.00045,0.0002375,0.003775,0.0013625,0.0053875,0.004425,0.0041375,0.0029375,0.0026875,0.0034875,0.0055
0.516488,0.224188,0.0075125,0.142363,0.960875,0.526525,0.72865,0.989912,0.672162,0.988475,0.233138,0.37235,0.812575,0.283138,0.722075,0.0723625,0.974063,0.338925,0.488575,0.966225,0.269962,0.957675,0.950263,0.94495,0.944575,0.9347,0.932313,0.925163,0.916138,0.91005,0.898575,0.104463,0.300037,0.585575,0.8354,0.310338,0.813488,0.789612,0.746662,0.568437,0.70695,0.573625,0.302775,0.28815,0.356537,0.214725,0.128488,0.249663,0.01695,0.09915,0.108638,0.133538,0.13075,0.171575,0.0097375,0.0035375,0.0766875,0.0289875,0.100037,0.0095125,0.017025,0.007325,0.0299625,0.0854875,0.0017,0.012975,0.0383375,0.0389375,0.006725,0.0424625,0.025075,0.00245,0.0065375,0.0177625,0.0096,0.02195,0.0375625,0.0059125,0.00165,0.0106,0.001825,0.0078125,0.004675,0.0013125,0.009025,0.00185,0.0089625,0.0056375,0.00455,0.006225,0.00285,0.001925,0.012025,0.0050625,0.007275,0.0055125,0.0057,0.012625,0.0012125,0.0043125,0.0085,0.005275,0.0051125,0.008425,0.007375,0.0017125,0.0040125,0.0044375,0.0012125,0.0108875,0.003325,0.0007125,0.006775,0.001325,0.0014,0.002675,0.0048375,0.003275,0.0031625,0.00095,0.0024125,0.0045375,0.001275,0.0002875,0.0016125,0.0036625,0.0015625,0.0032625,0.0054125,0.0057875,1.25e-05,0.003975,0.001325,7.5e-05,8.75e-05,0.0005875,0.0004875,0.002775,0.000575,0.0011375,0.0066,0.0014625,0.001725,0.00415,0.0015875,0.0022125,0.0037875,0.001425,0.0060375,0.002,0.00105,0.00375,0.0063625,0.0040625,0.002575,0.0009125,0.00175,0.0041875,0.0021625,0.0027,0.002125
0.99615,0.624075,0.8749,0.222387,0.993325,0.992913,0.396538,0.426088,0.643863,0.769512,0.542588,0.98375,0.24045,0.314663,0.197575,0.507738,0.9735,0.933562,0.968413,0.962925,0.959925,0.958013,0.154275,0.94875,0.62495,0.938538,0.35685,0.9223,0.895812,0.176125,0.022675,0.895162,0.496763,0.864613,0.8665,0.531612,0.515275,0.795,0.7842,0.787863,0.676375,0.617238,0.665712,0.300475,0.078075,0.178375,0.14155,0.0634375,0.148237,0.0486625,0.0112875,0.01705,0.052775,0.0731875,0.1286,0.0684125,0.0345625,0.0421375,0.0515375,0.0558,0.080975,0.0346,0.0136375,0.0159375,0.01945,0.001775,0.011325,0.000125,0.0163,0.008475,0.0315125,0.0082625,0.0124,0.0007125,0.048375,0.006675,0.001625,0.0065375,0.0144125,0.0138625,0.0294375,0.0052125,0.01505,0.0229,0.0007875,0.003875,0.0064375,0.0109125,0.0119625,0.0001875,0.0008375,0.0003,0.0073125,0.0008,0.001225,0.0052,0.010225,0.007175,0.00035,0.0085875,0.0003875,0.00655,0.00665,0.0053375,0.0032625,0.00455,0.0093875,0.0073,0.019125,0.0041375,3.75e-05,0.007825,0.00035,0.0045375,0.008475,0.0012375,0.0062,0.0022625,0.003675,0.0031625,0.0026,0.0080125,0.00585,0.0047375,0.001925,0.0040625,0.000375,0.003,0.0019625,0.0043625,0.0036,0.00195,0.001025,0.0023625,0.0006875,0.003125,0.0077,0.0046875,0.003,0.0006,0.00215,0.0037625,0.0009375,0.00355,0.0011,0.00515,0.000175,0.0029125,0.001475,0.0029,0.0030625,0.001475,0.00025,0.0051875,0.0036625,0.0024125,8.75e-05,0.0032125,0.0033375,0.0033625,0.0041
0.154712,0.0334,0.438175,0.431237,0.0168125,0.23035,0.547175,0.6227,0.367963,0.984575,0.41855,0.5375,0.2264,0.7501,0.977025,0.63795,0.303362,0.263487,0.742288,0.701387,0.25125,0.958488,0.956325,0.4652,0.5337,0.429688,0.0042125,0.924537,0.23805,0.0092125,0.9055,0.900913,0.890688,0.851687,0.292213,0.398975,0.81505,0.813212,0.712675,0.598588,0.4992,0.599938,0.55715,0.13895,0.105088,0.00695,0.265,0.105563,0.236412,0.223137,0.02775,0.115275,0.1297,0.003225,0.0057125,0.0520125,0.07145,0.0773875,0.0132125,0.0843875,0.0282875,0.0035875,0.013825,0.023225,0.024425,0.0277125,0.013075,0.0255125,0.0265125,0.0209,0.031525,0.0229375,0.00425,0.006375,0.02785,0.00415,0.0313125,0.01,0.0285375,0.002975,0.0034375,0.0080375,0.010375,0.0037125,0.006525,0.00455,0.002125,0.0039875,0.0044,0.00595,0.0035875,0.0086125,0.001725,0.0131,0.006725,0.002875,0.00475,0.0113375,0.0089375,0.006675,0.00475,0.0002375,0.0085625,0.0064,0.007425,0.006725,0.00395,0.0096375,0.001775,0.0016625,0.0008625,0.0045625,0.001425,0.013725,0.0071125,0.0038875,0.0015875,0.0019375,0.0052375,0.0007375,0.006525,0.000925,0.004925,0.0046,0.000625,0.0022375,0.0015375,0.00045,0.003825,0.0022125,0.0007625,0.0063125,0.0006875,0.0040875,0.0023,0.0007125,0.001925,0.0006375,0.0093,0.001575,0.0036375,0.00575,0.002675,0.0009375,0.0044625,0.00015,0.0002,0.0010125,0.0048375,0.00065,0.001125,0.0012375,0.00025,0.00345,0.0015125,0.0050625,0.0017375,0.000875,0.0037,0.005775,0.0003125