v,30,30
2,0,1
2,0,30
2,0,31
2,1,2
2,1,31
2,1,32
2,2,3
2,2,32
2,2,33
2,3,4
2,3,33
2,3,34
2,4,5
-2,4,34
2,4,35
2,5,6
2,5,35
2,5,36
2,6,7
2,6,36
2,6,37
2,7,8
2,7,37
2,7,38
-2,8,9
2,8,38
2,8,39
-2,9,10
2,9,39
2,9,40
2,10,11
2,10,40
2,10,41
2,11,12
-2,11,41
2,11,42
2,12,13
2,12,42
2,12,43
2,13,14
2,13,43
2,13,44
2,14,15
2,14,44
-2,14,45
-2,15,16
2,15,45
2,15,46
-2,16,17
2,16,46
2,16,47
2,17,18
2,17,47
2,17,48
2,18,19
2,18,48
2,18,49
2,19,20
2,19,49
2,19,50
2,20,21
-2,20,50
2,20,51
2,21,22
2,21,51
2,21,52
2,22,23
2,22,52
2,22,53
2,23,24
2,23,53
2,23,54
2,24,25
2,24,54
2,24,55
2,25,26
2,25,55
2,25,56
2,26,27
2,26,56
2,26,57
2,27,28
2,27,57
-2,27,58
2,28,29
-2,28,58
2,28,59
2,29,0
2,29,59
2,29,30
2,30,31
2,30,60
2,30,61
-2,31,32
2,31,61
2,31,62
2,32,33
2,32,62
2,32,63
-2,33,34
-2,33,63
2,33,64
2,34,35
2,34,64
2,34,65
2,35,36
2,35,65
2,35,66
2,36,37
2,36,66
2,36,67
2,37,38
2,37,67
2,37,68
2,38,39
2,38,68
2,38,69
2,39,40
-2,39,69
2,39,70
2,40,41
2,40,70
2,40,71
2,41,42
2,41,71
2,41,72
2,42,43
2,42,72
2,42,73
2,43,44
2,43,73
2,43,74
2,44,45
2,44,74
2,44,75
2,45,46
2,45,75
2,45,76
2,46,47
2,46,76
2,46,77
2,47,48
-2,47,77
2,47,78
2,48,49
2,48,78
2,48,79
2,49,50
2,49,79
2,49,80
2,50,51
2,50,80
2,50,81
-2,51,52
2,51,81
2,51,82
2,52,53
2,52,82
2,52,83
2,53,54
2,53,83
2,53,84
-2,54,55
2,54,84
2,54,85
2,55,56
2,55,85
-2,55,86
2,56,57
2,56,86
2,56,87
2,57,58
2,57,87
2,57,88
-2,58,59
2,58,88
2,58,89
2,59,30
2,59,89
2,59,60
2,60,61
2,60,90
2,60,91
2,61,62
2,61,91
2,61,92
2,62,63
2,62,92
2,62,93
2,63,64
2,63,93
2,63,94
2,64,65
2,64,94
2,64,95
2,65,66
2,65,95
2,65,96
2,66,67
2,66,96
2,66,97
2,67,68
2,67,97
2,67,98
2,68,69
2,68,98
2,68,99
2,69,70
2,69,99
2,69,100
2,70,71
2,70,100
2,70,101
2,71,72
2,71,101
-2,71,102
2,72,73
2,72,102
2,72,103
2,73,74
2,73,103
2,73,104
2,74,75
2,74,104
2,74,105
2,75,76
2,75,105
2,75,106
2,76,77
2,76,106
2,76,107
2,77,78
2,77,107
2,77,108
2,78,79
2,78,108
2,78,109
2,79,80
2,79,109
2,79,110
2,80,81
2,80,110
2,80,111
2,81,82
2,81,111
2,81,112
2,82,83
2,82,112
-2,82,113
2,83,84
2,83,113
2,83,114
2,84,85
2,84,114
2,84,115
2,85,86
2,85,115
2,85,116
2,86,87
2,86,116
2,86,117
2,87,88
2,87,117
2,87,118
2,88,89
2,88,118
2,88,119
2,89,60
2,89,119
2,89,90
2,90,91
2,90,120
2,90,121
2,91,92
2,91,121
2,91,122
2,92,93
2,92,122
2,92,123
2,93,94
2,93,123
2,93,124
2,94,95
2,94,124
2,94,125
2,95,96
2,95,125
2,95,126
2,96,97
2,96,126
2,96,127
2,97,98
2,97,127
2,97,128
2,98,99
2,98,128
2,98,129
2,99,100
2,99,129
2,99,130
2,100,101
2,100,130
-2,100,131
2,101,102
2,101,131
2,101,132
2,102,103
2,102,132
2,102,133
2,103,104
2,103,133
2,103,134
2,104,105
2,104,134
2,104,135
2,105,106
2,105,135
2,105,136
2,106,107
2,106,136
2,106,137
2,107,108
2,107,137
2,107,138
2,108,109
2,108,138
2,108,139
2,109,110
2,109,139
2,109,140
2,110,111
2,110,140
2,110,141
-2,111,112
-2,111,141
2,111,142
-2,112,113
2,112,142
2,112,143
2,113,114
2,113,143
2,113,144
2,114,115
2,114,144
2,114,145
2,115,116
2,115,145
2,115,146
2,116,117
2,116,146
2,116,147
2,117,118
2,117,147
2,117,148
2,118,119
-2,118,148
2,118,149
2,119,90
2,119,149
2,119,120
2,120,121
2,120,150
2,120,151
2,121,122
2,121,151
-2,121,152
2,122,123
2,122,152
2,122,153
2,123,124
2,123,153
2,123,154
2,124,125
2,124,154
2,124,155
2,125,126
2,125,155
2,125,156
2,126,127
2,126,156
2,126,157
2,127,128
2,127,157
2,127,158
2,128,129
2,128,158
2,128,159
2,129,130
2,129,159
2,129,160
2,130,131
2,130,160
2,130,161
2,131,132
2,131,161
2,131,162
2,132,133
2,132,162
2,132,163
2,133,134
2,133,163
2,133,164
2,134,135
2,134,164
2,134,165
2,135,136
2,135,165
2,135,166
2,136,137
2,136,166
2,136,167
2,137,138
2,137,167
2,137,168
2,138,139
2,138,168
2,138,169
2,139,140
-2,139,169
2,139,170
2,140,141
2,140,170
2,140,171
2,141,142
2,141,171
2,141,172
2,142,143
2,142,172
2,142,173
2,143,144
2,143,173
2,143,174
2,144,145
2,144,174
2,144,175
2,145,146
2,145,175
2,145,176
2,146,147
2,146,176
2,146,177
2,147,148
2,147,177
-2,147,178
-2,148,149
2,148,178
2,148,179
2,149,120
2,149,179
2,149,150
2,150,151
2,150,180
2,150,181
2,151,152
-2,151,181
-2,151,182
2,152,153
2,152,182
2,152,183
2,153,154
-2,153,183
2,153,184
-2,154,155
-2,154,184
2,154,185
2,155,156
2,155,185
2,155,186
2,156,157
2,156,186
2,156,187
2,157,158
-2,157,187
2,157,188
2,158,159
2,158,188
2,158,189
-2,159,160
2,159,189
2,159,190
2,160,161
2,160,190
2,160,191
-2,161,162
2,161,191
2,161,192
2,162,163
2,162,192
2,162,193
2,163,164
2,163,193
2,163,194
2,164,165
2,164,194
2,164,195
-2,165,166
2,165,195
2,165,196
2,166,167
2,166,196
2,166,197
2,167,168
2,167,197
2,167,198
2,168,169
2,168,198
2,168,199
2,169,170
2,169,199
2,169,200
2,170,171
2,170,200
2,170,201
2,171,172
2,171,201
2,171,202
2,172,173
2,172,202
2,172,203
2,173,174
2,173,203
2,173,204
2,174,175
2,174,204
2,174,205
2,175,176
2,175,205
2,175,206
2,176,177
2,176,206
2,176,207
2,177,178
2,177,207
2,177,208
2,178,179
2,178,208
-2,178,209
2,179,150
2,179,209
2,179,180
2,180,181
2,180,210
2,180,211
2,181,182
2,181,211
2,181,212
2,182,183
2,182,212
2,182,213
2,183,184
-2,183,213
-2,183,214
2,184,185
2,184,214
2,184,215
2,185,186
2,185,215
2,185,216
2,186,187
2,186,216
2,186,217
2,187,188
2,187,217
2,187,218
2,188,189
2,188,218
2,188,219
2,189,190
2,189,219
2,189,220
2,190,191
-2,190,220
2,190,221
2,191,192
2,191,221
2,191,222
2,192,193
2,192,222
2,192,223
-2,193,194
2,193,223
2,193,224
2,194,195
2,194,224
2,194,225
2,195,196
2,195,225
2,195,226
2,196,197
2,196,226
2,196,227
2,197,198
2,197,227
2,197,228
-2,198,199
2,198,228
2,198,229
2,199,200
2,199,229
2,199,230
2,200,201
2,200,230
-2,200,231
2,201,202
2,201,231
2,201,232
2,202,203
2,202,232
2,202,233
2,203,204
2,203,233
2,203,234
2,204,205
2,204,234
2,204,235
2,205,206
-2,205,235
2,205,236
2,206,207
2,206,236
2,206,237
2,207,208
2,207,237
2,207,238
-2,208,209
2,208,238
2,208,239
2,209,180
2,209,239
2,209,210
2,210,211
2,210,240
2,210,241
2,211,212
2,211,241
-2,211,242
2,212,213
2,212,242
2,212,243
-2,213,214
2,213,243
2,213,244
2,214,215
2,214,244
2,214,245
2,215,216
2,215,245
2,215,246
2,216,217
2,216,246
2,216,247
-2,217,218
2,217,247
2,217,248
-2,218,219
2,218,248
-2,218,249
2,219,220
2,219,249
2,219,250
2,220,221
2,220,250
2,220,251
2,221,222
2,221,251
2,221,252
2,222,223
2,222,252
2,222,253
2,223,224
2,223,253
2,223,254
2,224,225
2,224,254
2,224,255
-2,225,226
2,225,255
2,225,256
2,226,227
2,226,256
2,226,257
2,227,228
2,227,257
2,227,258
2,228,229
2,228,258
2,228,259
2,229,230
2,229,259
2,229,260
-2,230,231
2,230,260
2,230,261
2,231,232
2,231,261
2,231,262
2,232,233
-2,232,262
2,232,263
2,233,234
2,233,263
2,233,264
2,234,235
2,234,264
2,234,265
2,235,236
2,235,265
-2,235,266
2,236,237
2,236,266
2,236,267
2,237,238
2,237,267
2,237,268
2,238,239
2,238,268
2,238,269
2,239,210
2,239,269
2,239,240
2,240,241
2,240,270
2,240,271
2,241,242
2,241,271
2,241,272
2,242,243
2,242,272
2,242,273
-2,243,244
2,243,273
2,243,274
2,244,245
2,244,274
2,244,275
2,245,246
2,245,275
2,245,276
-2,246,247
2,246,276
2,246,277
2,247,248
2,247,277
2,247,278
2,248,249
2,248,278
-2,248,279
2,249,250
2,249,279
2,249,280
-2,250,251
2,250,280
2,250,281
2,251,252
2,251,281
2,251,282
2,252,253
2,252,282
2,252,283
2,253,254
2,253,283
2,253,284
2,254,255
2,254,284
2,254,285
2,255,256
2,255,285
2,255,286
2,256,257
2,256,286
2,256,287
2,257,258
-2,257,287
2,257,288
2,258,259
2,258,288
2,258,289
2,259,260
2,259,289
2,259,290
2,260,261
2,260,290
2,260,291
2,261,262
2,261,291
2,261,292
2,262,263
2,262,292
2,262,293
2,263,264
2,263,293
2,263,294
2,264,265
2,264,294
2,264,295
2,265,266
2,265,295
2,265,296
2,266,267
2,266,296
2,266,297
2,267,268
2,267,297
2,267,298
2,268,269
2,268,298
2,268,299
2,269,240
2,269,299
2,269,270
2,270,271
-2,270,300
-2,270,301
2,271,272
2,271,301
2,271,302
2,272,273
2,272,302
2,272,303
2,273,274
2,273,303
-2,273,304
2,274,275
2,274,304
2,274,305
2,275,276
2,275,305
-2,275,306
-2,276,277
2,276,306
2,276,307
2,277,278
2,277,307
2,277,308
2,278,279
2,278,308
2,278,309
-2,279,280
-2,279,309
-2,279,310
2,280,281
2,280,310
2,280,311
2,281,282
2,281,311
2,281,312
2,282,283
2,282,312
2,282,313
-2,283,284
2,283,313
2,283,314
2,284,285
2,284,314
-2,284,315
2,285,286
2,285,315
2,285,316
2,286,287
2,286,316
2,286,317
2,287,288
2,287,317
2,287,318
2,288,289
2,288,318
2,288,319
2,289,290
2,289,319
2,289,320
2,290,291
2,290,320
2,290,321
2,291,292
2,291,321
2,291,322
2,292,293
2,292,322
2,292,323
2,293,294
2,293,323
2,293,324
2,294,295
2,294,324
2,294,325
2,295,296
2,295,325
2,295,326
2,296,297
2,296,326
-2,296,327
-2,297,298
2,297,327
2,297,328
2,298,299
2,298,328
2,298,329
2,299,270
2,299,329
2,299,300
2,300,301
2,300,330
2,300,331
2,301,302
2,301,331
2,301,332
2,302,303
2,302,332
2,302,333
2,303,304
2,303,333
2,303,334
2,304,305
2,304,334
2,304,335
2,305,306
2,305,335
2,305,336
2,306,307
2,306,336
2,306,337
2,307,308
-2,307,337
2,307,338
2,308,309
2,308,338
2,308,339
2,309,310
2,309,339
-2,309,340
2,310,311
2,310,340
2,310,341
2,311,312
2,311,341
2,311,342
2,312,313
2,312,342
2,312,343
2,313,314
2,313,343
-2,313,344
2,314,315
2,314,344
2,314,345
2,315,316
2,315,345
-2,315,346
2,316,317
2,316,346
2,316,347
-2,317,318
2,317,347
2,317,348
2,318,319
2,318,348
2,318,349
2,319,320
2,319,349
2,319,350
2,320,321
2,320,350
2,320,351
2,321,322
2,321,351
2,321,352
2,322,323
2,322,352
2,322,353
2,323,324
2,323,353
2,323,354
-2,324,325
2,324,354
2,324,355
2,325,326
2,325,355
2,325,356
-2,326,327
2,326,356
2,326,357
2,327,328
2,327,357
2,327,358
2,328,329
2,328,358
-2,328,359
2,329,300
2,329,359
-2,329,330
2,330,331
2,330,360
2,330,361
2,331,332
2,331,361
2,331,362
2,332,333
2,332,362
2,332,363
2,333,334
2,333,363
2,333,364
-2,334,335
2,334,364
2,334,365
-2,335,336
-2,335,365
2,335,366
2,336,337
2,336,366
2,336,367
2,337,338
2,337,367
2,337,368
-2,338,339
2,338,368
2,338,369
2,339,340
2,339,369
2,339,370
2,340,341
2,340,370
2,340,371
2,341,342
2,341,371
2,341,372
2,342,343
2,342,372
2,342,373
2,343,344
2,343,373
2,343,374
2,344,345
2,344,374
2,344,375
-2,345,346
2,345,375
2,345,376
2,346,347
2,346,376
2,346,377
-2,347,348
-2,347,377
2,347,378
-2,348,349
2,348,378
2,348,379
2,349,350
2,349,379
2,349,380
2,350,351
2,350,380
2,350,381
2,351,352
2,351,381
2,351,382
2,352,353
2,352,382
2,352,383
2,353,354
2,353,383
2,353,384
-2,354,355
2,354,384
2,354,385
2,355,356
2,355,385
-2,355,386
2,356,357
2,356,386
2,356,387
2,357,358
2,357,387
2,357,388
2,358,359
2,358,388
2,358,389
2,359,330
2,359,389
2,359,360
2,360,361
2,360,390
2,360,391
2,361,362
2,361,391
2,361,392
2,362,363
2,362,392
2,362,393
2,363,364
2,363,393
2,363,394
2,364,365
2,364,394
2,364,395
2,365,366
2,365,395
2,365,396
2,366,367
2,366,396
2,366,397
2,367,368
2,367,397
2,367,398
2,368,369
2,368,398
2,368,399
2,369,370
2,369,399
2,369,400
2,370,371
2,370,400
2,370,401
2,371,372
2,371,401
2,371,402
-2,372,373
2,372,402
2,372,403
2,373,374
2,373,403
2,373,404
2,374,375
2,374,404
2,374,405
2,375,376
2,375,405
-2,375,406
2,376,377
2,376,406
2,376,407
2,377,378
2,377,407
2,377,408
2,378,379
-2,378,408
2,378,409
2,379,380
2,379,409
2,379,410
2,380,381
2,380,410
2,380,411
2,381,382
2,381,411
2,381,412
2,382,383
-2,382,412
2,382,413
2,383,384
2,383,413
2,383,414
2,384,385
2,384,414
2,384,415
2,385,386
-2,385,415
2,385,416
2,386,387
2,386,416
2,386,417
2,387,388
2,387,417
-2,387,418
2,388,389
2,388,418
2,388,419
2,389,360
-2,389,419
2,389,390
-2,390,391
2,390,420
2,390,421
2,391,392
2,391,421
2,391,422
2,392,393
-2,392,422
2,392,423
2,393,394
2,393,423
2,393,424
2,394,395
2,394,424
2,394,425
2,395,396
2,395,425
2,395,426
2,396,397
2,396,426
-2,396,427
2,397,398
2,397,427
2,397,428
2,398,399
2,398,428
2,398,429
2,399,400
2,399,429
2,399,430
2,400,401
-2,400,430
2,400,431
2,401,402
2,401,431
2,401,432
2,402,403
2,402,432
2,402,433
2,403,404
2,403,433
2,403,434
2,404,405
2,404,434
2,404,435
2,405,406
2,405,435
2,405,436
2,406,407
2,406,436
2,406,437
-2,407,408
2,407,437
-2,407,438
2,408,409
-2,408,438
2,408,439
2,409,410
2,409,439
2,409,440
2,410,411
2,410,440
2,410,441
2,411,412
2,411,441
2,411,442
2,412,413
2,412,442
2,412,443
2,413,414
2,413,443
2,413,444
2,414,415
2,414,444
2,414,445
2,415,416
2,415,445
2,415,446
-2,416,417
2,416,446
2,416,447
2,417,418
2,417,447
2,417,448
2,418,419
2,418,448
2,418,449
2,419,390
2,419,449
2,419,420
2,420,421
2,420,450
2,420,451
2,421,422
2,421,451
2,421,452
2,422,423
2,422,452
2,422,453
2,423,424
2,423,453
2,423,454
2,424,425
2,424,454
2,424,455
2,425,426
2,425,455
2,425,456
2,426,427
2,426,456
2,426,457
-2,427,428
2,427,457
2,427,458
2,428,429
2,428,458
2,428,459
2,429,430
-2,429,459
2,429,460
2,430,431
2,430,460
2,430,461
2,431,432
2,431,461
2,431,462
2,432,433
2,432,462
2,432,463
2,433,434
2,433,463
2,433,464
2,434,435
2,434,464
2,434,465
2,435,436
2,435,465
2,435,466
2,436,437
2,436,466
2,436,467
2,437,438
2,437,467
2,437,468
2,438,439
2,438,468
2,438,469
2,439,440
2,439,469
2,439,470
2,440,441
2,440,470
2,440,471
2,441,442
2,441,471
2,441,472
2,442,443
2,442,472
2,442,473
-2,443,444
2,443,473
2,443,474
2,444,445
2,444,474
2,444,475
2,445,446
2,445,475
-2,445,476
2,446,447
2,446,476
2,446,477
2,447,448
2,447,477
2,447,478
2,448,449
2,448,478
2,448,479
2,449,420
2,449,479
-2,449,450
2,450,451
2,450,480
2,450,481
2,451,452
2,451,481
2,451,482
2,452,453
2,452,482
2,452,483
2,453,454
2,453,483
2,453,484
2,454,455
2,454,484
2,454,485
2,455,456
2,455,485
2,455,486
2,456,457
2,456,486
2,456,487
2,457,458
2,457,487
2,457,488
2,458,459
2,458,488
2,458,489
2,459,460
2,459,489
-2,459,490
2,460,461
2,460,490
2,460,491
2,461,462
2,461,491
2,461,492
2,462,463
2,462,492
2,462,493
2,463,464
2,463,493
2,463,494
2,464,465
2,464,494
2,464,495
2,465,466
2,465,495
2,465,496
2,466,467
2,466,496
2,466,497
2,467,468
2,467,497
2,467,498
2,468,469
2,468,498
2,468,499
2,469,470
-2,469,499
2,469,500
2,470,471
2,470,500
2,470,501
2,471,472
2,471,501
2,471,502
2,472,473
2,472,502
2,472,503
2,473,474
-2,473,503
2,473,504
2,474,475
2,474,504
2,474,505
2,475,476
2,475,505
2,475,506
2,476,477
2,476,506
2,476,507
2,477,478
-2,477,507
2,477,508
2,478,479
2,478,508
2,478,509
2,479,450
2,479,509
2,479,480
2,480,481
2,480,510
2,480,511
2,481,482
-2,481,511
2,481,512
2,482,483
2,482,512
2,482,513
2,483,484
2,483,513
2,483,514
-2,484,485
2,484,514
2,484,515
2,485,486
2,485,515
2,485,516
2,486,487
2,486,516
2,486,517
-2,487,488
2,487,517
2,487,518
2,488,489
2,488,518
2,488,519
2,489,490
2,489,519
2,489,520
2,490,491
2,490,520
2,490,521
-2,491,492
2,491,521
2,491,522
2,492,493
2,492,522
2,492,523
2,493,494
2,493,523
2,493,524
2,494,495
2,494,524
-2,494,525
2,495,496
2,495,525
2,495,526
2,496,497
2,496,526
2,496,527
2,497,498
2,497,527
2,497,528
2,498,499
-2,498,528
2,498,529
2,499,500
2,499,529
2,499,530
2,500,501
2,500,530
2,500,531
2,501,502
2,501,531
2,501,532
2,502,503
2,502,532
2,502,533
2,503,504
2,503,533
2,503,534
2,504,505
2,504,534
2,504,535
2,505,506
2,505,535
2,505,536
2,506,507
2,506,536
2,506,537
2,507,508
-2,507,537
2,507,538
2,508,509
2,508,538
2,508,539
2,509,480
2,509,539
2,509,510
2,510,511
2,510,540
2,510,541
2,511,512
2,511,541
2,511,542
2,512,513
2,512,542
2,512,543
2,513,514
2,513,543
2,513,544
2,514,515
2,514,544
2,514,545
2,515,516
-2,515,545
2,515,546
2,516,517
2,516,546
2,516,547
2,517,518
-2,517,547
2,517,548
2,518,519
-2,518,548
2,518,549
2,519,520
-2,519,549
-2,519,550
2,520,521
2,520,550
-2,520,551
2,521,522
2,521,551
2,521,552
2,522,523
2,522,552
2,522,553
2,523,524
2,523,553
2,523,554
2,524,525
2,524,554
2,524,555
2,525,526
2,525,555
-2,525,556
2,526,527
2,526,556
2,526,557
2,527,528
2,527,557
2,527,558
2,528,529
2,528,558
2,528,559
2,529,530
2,529,559
2,529,560
2,530,531
2,530,560
2,530,561
2,531,532
2,531,561
2,531,562
2,532,533
2,532,562
-2,532,563
2,533,534
2,533,563
2,533,564
2,534,535
2,534,564
2,534,565
2,535,536
2,535,565
2,535,566
2,536,537
2,536,566
2,536,567
2,537,538
2,537,567
2,537,568
2,538,539
2,538,568
2,538,569
2,539,510
2,539,569
2,539,540
2,540,541
2,540,570
2,540,571
2,541,542
2,541,571
2,541,572
2,542,543
2,542,572
2,542,573
2,543,544
2,543,573
2,543,574
2,544,545
2,544,574
2,544,575
2,545,546
2,545,575
2,545,576
2,546,547
2,546,576
2,546,577
2,547,548
2,547,577
2,547,578
-2,548,549
2,548,578
2,548,579
2,549,550
2,549,579
2,549,580
2,550,551
2,550,580
2,550,581
2,551,552
2,551,581
2,551,582
2,552,553
2,552,582
2,552,583
2,553,554
2,553,583
2,553,584
2,554,555
-2,554,584
-2,554,585
2,555,556
2,555,585
2,555,586
2,556,557
2,556,586
2,556,587
2,557,558
2,557,587
2,557,588
2,558,559
2,558,588
2,558,589
2,559,560
2,559,589
2,559,590
2,560,561
2,560,590
2,560,591
2,561,562
2,561,591
2,561,592
2,562,563
2,562,592
2,562,593
2,563,564
2,563,593
2,563,594
2,564,565
2,564,594
2,564,595
2,565,566
2,565,595
2,565,596
2,566,567
-2,566,596
2,566,597
2,567,568
2,567,597
2,567,598
2,568,569
2,568,598
2,568,599
2,569,540
2,569,599
2,569,570
2,570,571
2,570,600
2,570,601
2,571,572
2,571,601
2,571,602
2,572,573
2,572,602
2,572,603
2,573,574
2,573,603
2,573,604
2,574,575
2,574,604
2,574,605
2,575,576
2,575,605
2,575,606
2,576,577
2,576,606
2,576,607
2,577,578
2,577,607
2,577,608
2,578,579
2,578,608
2,578,609
2,579,580
2,579,609
-2,579,610
2,580,581
2,580,610
2,580,611
-2,581,582
2,581,611
2,581,612
-2,582,583
2,582,612
2,582,613
2,583,584
2,583,613
2,583,614
2,584,585
2,584,614
2,584,615
2,585,586
2,585,615
2,585,616
2,586,587
2,586,616
2,586,617
2,587,588
2,587,617
2,587,618
2,588,589
2,588,618
2,588,619
2,589,590
-2,589,619
2,589,620
2,590,591
2,590,620
-2,590,621
2,591,592
2,591,621
2,591,622
2,592,593
2,592,622
2,592,623
2,593,594
2,593,623
2,593,624
2,594,595
2,594,624
2,594,625
2,595,596
-2,595,625
-2,595,626
2,596,597
2,596,626
2,596,627
2,597,598
2,597,627
2,597,628
2,598,599
2,598,628
2,598,629
2,599,570
2,599,629
2,599,600
2,600,601
2,600,630
2,600,631
2,601,602
2,601,631
2,601,632
2,602,603
2,602,632
2,602,633
2,603,604
2,603,633
2,603,634
2,604,605
2,604,634
2,604,635
2,605,606
-2,605,635
2,605,636
2,606,607
2,606,636
-2,606,637
2,607,608
2,607,637
2,607,638
2,608,609
2,608,638
2,608,639
2,609,610
2,609,639
2,609,640
2,610,611
2,610,640
2,610,641
-2,611,612
2,611,641
-2,611,642
2,612,613
2,612,642
-2,612,643
2,613,614
2,613,643
2,613,644
2,614,615
-2,614,644
2,614,645
2,615,616
2,615,645
2,615,646
2,616,617
-2,616,646
2,616,647
-2,617,618
2,617,647
2,617,648
2,618,619
2,618,648
2,618,649
2,619,620
2,619,649
2,619,650
2,620,621
2,620,650
2,620,651
2,621,622
2,621,651
2,621,652
2,622,623
2,622,652
2,622,653
2,623,624
2,623,653
2,623,654
2,624,625
2,624,654
2,624,655
2,625,626
2,625,655
2,625,656
2,626,627
2,626,656
2,626,657
2,627,628
2,627,657
2,627,658
2,628,629
-2,628,658
2,628,659
2,629,600
2,629,659
2,629,630
2,630,631
2,630,660
2,630,661
2,631,632
2,631,661
2,631,662
2,632,633
2,632,662
2,632,663
-2,633,634
-2,633,663
2,633,664
2,634,635
2,634,664
2,634,665
-2,635,636
2,635,665
2,635,666
2,636,637
2,636,666
2,636,667
2,637,638
2,637,667
2,637,668
2,638,639
2,638,668
2,638,669
2,639,640
2,639,669
2,639,670
2,640,641
2,640,670
-2,640,671
2,641,642
2,641,671
2,641,672
-2,642,643
2,642,672
2,642,673
2,643,644
2,643,673
2,643,674
-2,644,645
2,644,674
2,644,675
2,645,646
2,645,675
2,645,676
2,646,647
2,646,676
2,646,677
2,647,648
2,647,677
2,647,678
2,648,649
2,648,678
-2,648,679
-2,649,650
2,649,679
2,649,680
2,650,651
2,650,680
2,650,681
2,651,652
2,651,681
2,651,682
2,652,653
2,652,682
2,652,683
2,653,654
2,653,683
2,653,684
2,654,655
2,654,684
2,654,685
2,655,656
2,655,685
2,655,686
2,656,657
2,656,686
2,656,687
2,657,658
-2,657,687
2,657,688
2,658,659
2,658,688
-2,658,689
2,659,630
2,659,689
2,659,660
2,660,661
2,660,690
2,660,691
2,661,662
2,661,691
2,661,692
2,662,663
2,662,692
2,662,693
2,663,664
2,663,693
2,663,694
2,664,665
2,664,694
2,664,695
2,665,666
-2,665,695
2,665,696
2,666,667
2,666,696
2,666,697
2,667,668
2,667,697
2,667,698
2,668,669
2,668,698
2,668,699
2,669,670
2,669,699
2,669,700
2,670,671
2,670,700
2,670,701
2,671,672
2,671,701
2,671,702
2,672,673
2,672,702
2,672,703
2,673,674
2,673,703
2,673,704
2,674,675
2,674,704
2,674,705
2,675,676
-2,675,705
2,675,706
2,676,677
2,676,706
2,676,707
2,677,678
2,677,707
2,677,708
2,678,679
2,678,708
2,678,709
2,679,680
2,679,709
2,679,710
-2,680,681
2,680,710
2,680,711
2,681,682
2,681,711
2,681,712
2,682,683
2,682,712
2,682,713
2,683,684
2,683,713
2,683,714
2,684,685
2,684,714
2,684,715
2,685,686
2,685,715
2,685,716
2,686,687
2,686,716
2,686,717
2,687,688
2,687,717
-2,687,718
2,688,689
2,688,718
2,688,719
2,689,660
2,689,719
2,689,690
2,690,691
2,690,720
2,690,721
2,691,692
2,691,721
2,691,722
2,692,693
2,692,722
2,692,723
2,693,694
2,693,723
2,693,724
2,694,695
2,694,724
2,694,725
2,695,696
2,695,725
2,695,726
2,696,697
2,696,726
2,696,727
2,697,698
2,697,727
2,697,728
2,698,699
2,698,728
2,698,729
2,699,700
2,699,729
-2,699,730
2,700,701
2,700,730
2,700,731
2,701,702
2,701,731
2,701,732
2,702,703
2,702,732
2,702,733
2,703,704
2,703,733
2,703,734
2,704,705
2,704,734
2,704,735
2,705,706
2,705,735
2,705,736
2,706,707
-2,706,736
2,706,737
2,707,708
2,707,737
2,707,738
-2,708,709
2,708,738
2,708,739
2,709,710
2,709,739
2,709,740
2,710,711
2,710,740
2,710,741
2,711,712
-2,711,741
2,711,742
2,712,713
2,712,742
2,712,743
2,713,714
2,713,743
2,713,744
-2,714,715
2,714,744
2,714,745
2,715,716
2,715,745
2,715,746
2,716,717
2,716,746
-2,716,747
2,717,718
2,717,747
2,717,748
2,718,719
2,718,748
2,718,749
2,719,690
2,719,749
2,719,720
2,720,721
-2,720,750
2,720,751
2,721,722
2,721,751
2,721,752
2,722,723
2,722,752
2,722,753
2,723,724
2,723,753
2,723,754
2,724,725
2,724,754
2,724,755
2,725,726
2,725,755
2,725,756
2,726,727
-2,726,756
2,726,757
2,727,728
2,727,757
2,727,758
-2,728,729
2,728,758
2,728,759
2,729,730
2,729,759
2,729,760
2,730,731
-2,730,760
2,730,761
2,731,732
-2,731,761
2,731,762
-2,732,733
2,732,762
2,732,763
2,733,734
2,733,763
2,733,764
2,734,735
2,734,764
2,734,765
2,735,736
2,735,765
2,735,766
2,736,737
2,736,766
2,736,767
2,737,738
2,737,767
2,737,768
2,738,739
2,738,768
2,738,769
2,739,740
2,739,769
2,739,770
-2,740,741
2,740,770
2,740,771
2,741,742
2,741,771
2,741,772
2,742,743
2,742,772
2,742,773
2,743,744
2,743,773
2,743,774
2,744,745
2,744,774
2,744,775
2,745,746
2,745,775
2,745,776
2,746,747
2,746,776
2,746,777
2,747,748
2,747,777
2,747,778
2,748,749
2,748,778
2,748,779
2,749,720
2,749,779
2,749,750
2,750,751
2,750,780
2,750,781
2,751,752
2,751,781
2,751,782
2,752,753
2,752,782
2,752,783
2,753,754
2,753,783
2,753,784
2,754,755
2,754,784
2,754,785
2,755,756
2,755,785
2,755,786
2,756,757
2,756,786
2,756,787
2,757,758
2,757,787
2,757,788
2,758,759
2,758,788
2,758,789
2,759,760
2,759,789
2,759,790
2,760,761
2,760,790
2,760,791
2,761,762
2,761,791
2,761,792
2,762,763
2,762,792
2,762,793
2,763,764
2,763,793
2,763,794
2,764,765
2,764,794
2,764,795
2,765,766
2,765,795
2,765,796
-2,766,767
2,766,796
2,766,797
2,767,768
2,767,797
2,767,798
2,768,769
2,768,798
2,768,799
-2,769,770
2,769,799
2,769,800
2,770,771
2,770,800
2,770,801
2,771,772
2,771,801
2,771,802
2,772,773
2,772,802
2,772,803
2,773,774
2,773,803
2,773,804
2,774,775
2,774,804
2,774,805
-2,775,776
2,775,805
-2,775,806
2,776,777
2,776,806
2,776,807
2,777,778
2,777,807
-2,777,808
2,778,779
2,778,808
-2,778,809
2,779,750
2,779,809
2,779,780
2,780,781
-2,780,810
2,780,811
2,781,782
2,781,811
2,781,812
2,782,783
2,782,812
2,782,813
2,783,784
2,783,813
2,783,814
2,784,785
-2,784,814
2,784,815
2,785,786
2,785,815
2,785,816
2,786,787
2,786,816
2,786,817
2,787,788
2,787,817
2,787,818
2,788,789
-2,788,818
2,788,819
2,789,790
2,789,819
2,789,820
2,790,791
2,790,820
2,790,821
2,791,792
2,791,821
-2,791,822
-2,792,793
2,792,822
2,792,823
2,793,794
2,793,823
2,793,824
2,794,795
2,794,824
-2,794,825
2,795,796
2,795,825
2,795,826
2,796,797
2,796,826
2,796,827
2,797,798
2,797,827
2,797,828
2,798,799
2,798,828
2,798,829
2,799,800
2,799,829
2,799,830
-2,800,801
2,800,830
2,800,831
-2,801,802
2,801,831
-2,801,832
-2,802,803
2,802,832
-2,802,833
2,803,804
2,803,833
2,803,834
2,804,805
2,804,834
2,804,835
2,805,806
2,805,835
2,805,836
2,806,807
2,806,836
2,806,837
2,807,808
2,807,837
2,807,838
2,808,809
2,808,838
2,808,839
2,809,780
2,809,839
2,809,810
2,810,811
2,810,840
2,810,841
2,811,812
-2,811,841
2,811,842
2,812,813
2,812,842
2,812,843
2,813,814
2,813,843
2,813,844
2,814,815
2,814,844
2,814,845
2,815,816
2,815,845
2,815,846
2,816,817
2,816,846
2,816,847
2,817,818
2,817,847
2,817,848
2,818,819
2,818,848
2,818,849
-2,819,820
-2,819,849
2,819,850
2,820,821
2,820,850
2,820,851
2,821,822
2,821,851
2,821,852
2,822,823
2,822,852
2,822,853
2,823,824
2,823,853
2,823,854
2,824,825
2,824,854
2,824,855
2,825,826
2,825,855
2,825,856
2,826,827
2,826,856
2,826,857
2,827,828
2,827,857
2,827,858
2,828,829
2,828,858
2,828,859
2,829,830
2,829,859
2,829,860
2,830,831
2,830,860
-2,830,861
-2,831,832
2,831,861
2,831,862
2,832,833
2,832,862
2,832,863
2,833,834
2,833,863
2,833,864
2,834,835
2,834,864
2,834,865
2,835,836
2,835,865
2,835,866
2,836,837
2,836,866
2,836,867
2,837,838
2,837,867
2,837,868
2,838,839
2,838,868
2,838,869
2,839,810
2,839,869
2,839,840
2,840,841
2,840,870
2,840,871
2,841,842
-2,841,871
2,841,872
2,842,843
2,842,872
2,842,873
2,843,844
2,843,873
2,843,874
2,844,845
2,844,874
2,844,875
2,845,846
2,845,875
2,845,876
2,846,847
2,846,876
2,846,877
2,847,848
2,847,877
2,847,878
2,848,849
2,848,878
2,848,879
2,849,850
-2,849,879
2,849,880
2,850,851
2,850,880
2,850,881
2,851,852
2,851,881
2,851,882
2,852,853
2,852,882
2,852,883
2,853,854
2,853,883
2,853,884
2,854,855
2,854,884
2,854,885
2,855,856
2,855,885
2,855,886
2,856,857
2,856,886
2,856,887
2,857,858
-2,857,887
2,857,888
2,858,859
2,858,888
2,858,889
2,859,860
2,859,889
2,859,890
2,860,861
2,860,890
2,860,891
2,861,862
2,861,891
2,861,892
2,862,863
2,862,892
2,862,893
2,863,864
2,863,893
2,863,894
2,864,865
2,864,894
2,864,895
2,865,866
2,865,895
2,865,896
2,866,867
2,866,896
2,866,897
2,867,868
2,867,897
2,867,898
2,868,869
2,868,898
2,868,899
2,869,840
2,869,899
2,869,870
2,870,871
2,870,0
2,870,1
2,871,872
-2,871,1
2,871,2
2,872,873
-2,872,2
2,872,3
2,873,874
2,873,3
2,873,4
2,874,875
2,874,4
2,874,5
2,875,876
2,875,5
-2,875,6
2,876,877
-2,876,6
2,876,7
2,877,878
2,877,7
2,877,8
2,878,879
2,878,8
2,878,9
2,879,880
2,879,9
2,879,10
2,880,881
2,880,10
2,880,11
2,881,882
2,881,11
2,881,12
2,882,883
-2,882,12
2,882,13
2,883,884
2,883,13
2,883,14
2,884,885
2,884,14
2,884,15
2,885,886
2,885,15
2,885,16
2,886,887
2,886,16
2,886,17
2,887,888
2,887,17
-2,887,18
-2,888,889
2,888,18
2,888,19
2,889,890
2,889,19
2,889,20
2,890,891
2,890,20
2,890,21
2,891,892
2,891,21
2,891,22
2,892,893
2,892,22
2,892,23
2,893,894
-2,893,23
2,893,24
2,894,895
2,894,24
2,894,25
-2,895,896
2,895,25
2,895,26
2,896,897
2,896,26
-2,896,27
2,897,898
2,897,27
2,897,28
2,898,899
2,898,28
2,898,29
2,899,870
2,899,29
2,899,0
